Dataset,Subject,Model,Segment_ID,Coverage_Run_Index,RR_Window_Index,RR_Window_Start_Sec,RR_Window_End_Sec,Target_Breath_Count,Prediction_Breath_Count,Target_RR_BPM_Counting,Prediction_RR_BPM_Counting,RR_AE_BPM_Counting,PCC_60s_Counting,Discordant_Legacy,Ref_Valid,Ref_Exclusion_Reason,Ref_Structural_Fraction,Ref_Artifact_Label_Fraction,PPG_Artifact_Label_Fraction,Ref_RR_CtO,Ref_RR_FFT,Ref_RR_Label,GT_Source,GT_Breath_Count,Pred_Event_Count,Pred_Wave_CtO_Count,Pred_Wave_FFT_RR,AE_Event,AE_Wave_CtO,AE_Wave_FFT,Signed_Error_Event,Peak_TP,Peak_Missed,Peak_Extra,Peak_Wrong,Peak_Timing_Error_Sum_ms,SF_Estimates_SD,SF_Retained,SF_Fused_RR,AE_SmartFusion,Median3_RR,AE_Median3,Window_Order,Window_Config,Window_Label
CapnoBase,0009,early_fusion_identity_rawppg_kopt_fs64_eventdecoder,0,1,1,0.0,60.0,18,18,18.0,18.0,0.0,0.9761735182705992,False,True,,1.0,0.0,0.0,17.624190064794817,18.046875,17.973568281938324,expert_labels,18,17,17,18.046875,1.0,1.0,0.046875,-1.0,18,0,0,0,1968.75,0.6044135630578895,True,17.348958333333332,0.6510416666666679,17.0,1.0,1,w10s_nonoverlap,10 s / 0% overlap
CapnoBase,0009,early_fusion_identity_rawppg_kopt_fs64_eventdecoder,0,1,2,60.0,120.0,18,18,18.0,18.0,0.0,0.9421676662949958,False,True,,1.0,0.0,0.0,17.70545158665582,17.34375,17.38539898132428,expert_labels,17,18,18,17.34375,1.0,1.0,0.34375,1.0,17,0,0,0,2453.125,0.3788861141556919,True,17.78125,0.78125,18.0,1.0,1,w10s_nonoverlap,10 s / 0% overlap
CapnoBase,0009,early_fusion_identity_rawppg_kopt_fs64_eventdecoder,0,1,3,120.0,180.0,18,18,18.0,18.0,0.0,0.9554718338410187,False,True,,1.0,0.0,0.0,18.427086110370567,18.28125,18.138371769936093,expert_labels,18,19,18,18.28125,1.0,0.0,0.28125,1.0,18,0,1,1,3218.75,0.5157039081036068,True,18.42708333333333,0.4270833333333321,18.28125,0.28125,1,w10s_nonoverlap,10 s / 0% overlap
CapnoBase,0009,early_fusion_identity_rawppg_kopt_fs64_eventdecoder,0,1,4,180.0,240.0,20,21,20.0,21.0,1.0,0.8990624787664393,False,True,,1.0,0.0,0.0,20.835594139989148,22.265625,20.880913539967374,expert_labels,21,22,21,22.03125,1.0,0.0,1.03125,1.0,21,0,1,1,4000.0,0.5865795093875453,True,21.67708333333333,0.6770833333333321,22.0,1.0,1,w10s_nonoverlap,10 s / 0% overlap
CapnoBase,0009,early_fusion_identity_rawppg_kopt_fs64_eventdecoder,0,1,5,240.0,300.0,19,19,19.0,19.0,0.0,0.960472655238288,False,True,,1.0,0.0,0.0,19.761646803900323,19.921875,19.82788296041308,expert_labels,19,21,19,19.6875,2.0,0.0,0.6875,2.0,19,0,1,1,3046.875,1.0161456998547664,True,19.89583333333333,0.8958333333333321,19.6875,0.6875,1,w10s_nonoverlap,10 s / 0% overlap
CapnoBase,0009,early_fusion_identity_rawppg_kopt_fs64_eventdecoder,0,1,6,300.0,360.0,19,19,19.0,19.0,0.0,0.95787315367953,False,True,,1.0,0.0,0.0,19.29109684621825,19.21875,19.2964824120603,expert_labels,20,19,20,19.21875,1.0,0.0,0.78125,-1.0,20,0,0,0,3359.375,0.5257063700393976,True,19.40625,0.59375,19.21875,0.78125,1,w10s_nonoverlap,10 s / 0% overlap
CapnoBase,0009,early_fusion_identity_rawppg_kopt_fs64_eventdecoder,0,1,7,360.0,420.0,19,19,19.0,19.0,0.0,0.9726644569822936,False,True,,1.0,0.0,0.0,19.4300932090546,19.453125,19.393939393939394,expert_labels,19,19,19,19.453125,0.0,0.0,0.453125,0.0,19,0,0,0,2125.0,0.2616118407265492,True,19.151041666666668,0.1510416666666678,19.0,0.0,1,w10s_nonoverlap,10 s / 0% overlap
CapnoBase,0009,early_fusion_identity_rawppg_kopt_fs64_eventdecoder,0,1,8,420.0,480.0,19,19,19.0,19.0,0.0,0.9723595336622596,False,True,,0.9997395833333332,0.0,0.0,20.043956043956044,19.6875,19.681683301861344,expert_labels,20,20,20,19.6875,0.0,0.0,0.3125,0.0,20,0,0,0,2046.875,0.180421959121758,True,19.89583333333333,0.1041666666666678,20.0,0.0,1,w10s_nonoverlap,10 s / 0% overlap
CapnoBase,0015,early_fusion_identity_rawppg_kopt_fs64_eventdecoder,0,1,1,0.0,60.0,29,28,29.0,28.0,1.0,0.8595763107796093,False,True,,1.0,0.0,0.0,28.75635196576625,28.828125,28.768035516093228,expert_labels,28,28,28,28.828125,0.0,0.0,0.828125,0.0,28,0,0,0,2453.125,0.4781181916726588,True,28.276041666666668,0.2760416666666678,28.0,0.0,1,w10s_nonoverlap,10 s / 0% overlap
CapnoBase,0015,early_fusion_identity_rawppg_kopt_fs64_eventdecoder,0,1,2,60.0,120.0,29,29,29.0,29.0,0.0,0.9477670117460072,False,True,,1.0,0.0,0.0,28.965517241379303,29.0625,28.973322554567503,expert_labels,29,29,29,28.828125,0.0,0.0,0.171875,0.0,29,0,0,0,2468.75,0.0992320775169669,True,28.94270833333333,0.0572916666666678,29.0,0.0,1,w10s_nonoverlap,10 s / 0% overlap
CapnoBase,0015,early_fusion_identity_rawppg_kopt_fs64_eventdecoder,0,1,3,120.0,180.0,28,28,28.0,28.0,0.0,0.9669073754382592,False,True,,1.0,0.0,0.0,28.77944325481799,28.828125,28.75635196576625,expert_labels,29,29,29,28.828125,0.0,0.0,0.171875,0.0,29,0,0,0,2546.875,0.0992320775169669,True,28.94270833333333,0.0572916666666678,29.0,0.0,1,w10s_nonoverlap,10 s / 0% overlap
CapnoBase,0015,early_fusion_identity_rawppg_kopt_fs64_eventdecoder,0,1,4,180.0,240.0,28,28,28.0,28.0,0.0,0.8934201070219803,False,True,,1.0,0.0,0.0,28.648798010500137,28.59375,28.664356171687547,expert_labels,29,27,29,28.59375,2.0,0.0,0.40625,-2.0,27,2,0,2,2156.25,1.0571248842181955,True,28.197916666666668,0.8020833333333321,28.59375,0.40625,1,w10s_nonoverlap,10 s / 0% overlap
CapnoBase,0015,early_fusion_identity_rawppg_kopt_fs64_eventdecoder,0,1,5,240.0,300.0,28,28,28.0,28.0,0.0,0.9209604649075854,False,True,,1.0,0.0,0.0,28.78714859437751,28.828125,28.784008883953355,expert_labels,28,28,28,28.828125,0.0,0.0,0.828125,0.0,28,0,0,0,2734.375,0.4781181916726588,True,28.276041666666668,0.2760416666666678,28.0,0.0,1,w10s_nonoverlap,10 s / 0% overlap
CapnoBase,0015,early_fusion_identity_rawppg_kopt_fs64_eventdecoder,0,1,6,300.0,360.0,29,28,29.0,28.0,1.0,0.7693063570193877,False,True,,1.0,0.0,0.0,28.934337997847145,28.828125,28.965517241379303,expert_labels,29,29,26,28.828125,0.0,3.0,0.171875,0.0,29,0,0,0,3453.125,1.6846281504261804,True,27.94270833333333,1.057291666666668,28.828125,0.171875,1,w10s_nonoverlap,10 s / 0% overlap
CapnoBase,0015,early_fusion_identity_rawppg_kopt_fs64_eventdecoder,0,1,7,360.0,420.0,28,28,28.0,28.0,0.0,0.84055380142833,False,True,,1.0,0.0,0.0,28.62619808306709,28.59375,28.58814145174156,expert_labels,29,29,29,28.59375,0.0,0.0,0.40625,0.0,29,0,0,0,3359.375,0.2345485468582854,True,28.86458333333333,0.1354166666666678,29.0,0.0,1,w10s_nonoverlap,10 s / 0% overlap
CapnoBase,0015,early_fusion_identity_rawppg_kopt_fs64_eventdecoder,0,1,8,420.0,480.0,28,28,28.0,28.0,0.0,0.9325111432751634,False,True,,0.9986979166666666,0.0,0.0,28.65671641791045,28.828125,28.679647906108297,expert_labels,29,28,28,28.828125,1.0,1.0,0.171875,-1.0,28,1,0,1,2531.25,0.4781181916726588,True,28.276041666666668,0.7239583333333321,28.0,1.0,1,w10s_nonoverlap,10 s / 0% overlap
CapnoBase,0016,early_fusion_identity_rawppg_kopt_fs64_eventdecoder,0,1,1,0.0,60.0,10,17,10.0,17.0,7.0,0.5047535123365188,False,True,,1.0,0.0,0.0794270833333333,9.64824120603015,10.078125,10.0,expert_labels,10,15,15,10.078125,5.0,5.0,0.078125,5.0,8,2,7,9,7531.25,2.8416458561676894,True,13.359375,3.359375,15.0,5.0,1,w10s_nonoverlap,10 s / 0% overlap
CapnoBase,0016,early_fusion_identity_rawppg_kopt_fs64_eventdecoder,0,1,2,60.0,120.0,10,19,10.0,19.0,9.0,0.5057438386178719,False,True,,1.0,0.0,0.0,10.0,10.078125,10.0,expert_labels,10,21,17,10.078125,11.0,7.0,0.078125,11.0,9,1,12,13,5125.0,5.525693124415103,False,,,17.0,7.0,1,w10s_nonoverlap,10 s / 0% overlap
CapnoBase,0016,early_fusion_identity_rawppg_kopt_fs64_eventdecoder,0,1,3,120.0,180.0,10,17,10.0,17.0,7.0,0.4425230317446694,False,True,,1.0,0.0,0.0,10.005790387955994,10.078125,10.102309266296404,expert_labels,10,12,11,10.078125,2.0,1.0,0.078125,2.0,6,4,6,10,5921.875,0.961202114650365,True,11.026041666666666,1.026041666666666,11.0,1.0,1,w10s_nonoverlap,10 s / 0% overlap
CapnoBase,0016,early_fusion_identity_rawppg_kopt_fs64_eventdecoder,0,1,4,180.0,240.0,10,16,10.0,16.0,6.0,0.4803008504236439,False,True,,1.0,0.0,0.0,10.002894356005788,10.078125,10.005790387955994,expert_labels,10,11,12,10.078125,1.0,2.0,0.078125,1.0,5,5,6,11,5109.375,0.961202114650365,True,11.026041666666666,1.026041666666666,11.0,1.0,1,w10s_nonoverlap,10 s / 0% overlap
CapnoBase,0016,early_fusion_identity_rawppg_kopt_fs64_eventdecoder,0,1,5,240.0,300.0,10,20,10.0,20.0,10.0,0.3132564045676007,False,True,,1.0,0.0,0.0,10.005790387955994,10.078125,10.117096018735364,expert_labels,10,21,16,19.921875,11.0,6.0,9.921875,11.0,6,4,15,19,3750.0,2.6313322681121694,True,18.97395833333333,8.973958333333332,19.921875,9.921875,1,w10s_nonoverlap,10 s / 0% overlap
CapnoBase,0016,early_fusion_identity_rawppg_kopt_fs64_eventdecoder,0,1,6,300.0,360.0,10,21,10.0,21.0,11.0,0.4400688939366909,False,False,ref_artifact_label,0.9838541666666668,0.0161458333333333,0.0,10.0,10.078125,10.005790387955994,expert_labels,10,27,20,10.078125,17.0,10.0,0.078125,17.0,10,0,17,17,6437.5,8.50287654298287,False,,,20.0,10.0,1,w10s_nonoverlap,10 s / 0% overlap
CapnoBase,0016,early_fusion_identity_rawppg_kopt_fs64_eventdecoder,0,1,7,360.0,420.0,10,21,10.0,21.0,11.0,0.3666285933501352,False,True,,1.0,0.0,0.0,10.52920208390458,10.078125,10.102309266296404,expert_labels,10,23,19,9.609375,13.0,9.0,0.390625,13.0,9,1,14,15,6296.875,6.873774748773413,False,,,19.0,9.0,1,w10s_nonoverlap,10 s / 0% overlap
CapnoBase,0016,early_fusion_identity_rawppg_kopt_fs64_eventdecoder,0,1,8,420.0,480.0,9,20,9.0,20.0,11.0,0.2883708305459042,False,True,,0.9541666666666668,0.0,0.0466145833333333,10.040674026728643,10.078125,10.006514657980455,expert_labels,9,22,19,9.84375,13.0,10.0,0.84375,13.0,6,3,16,19,5515.625,6.332605152765592,False,,,19.0,10.0,1,w10s_nonoverlap,10 s / 0% overlap
CapnoBase,0018,early_fusion_identity_rawppg_kopt_fs64_eventdecoder,0,1,1,0.0,60.0,32,18,32.0,18.0,14.0,0.0372664142720221,False,True,,1.0,0.0,0.0,38.58772406300923,38.671875,38.61338978565758,expert_labels,39,24,22,13.125,15.0,17.0,25.875,-15.0,23,16,1,17,2796.875,5.788368365380121,False,,,22.0,17.0,1,w10s_nonoverlap,10 s / 0% overlap
CapnoBase,0018,early_fusion_identity_rawppg_kopt_fs64_eventdecoder,0,1,2,60.0,120.0,33,20,33.0,20.0,13.0,0.0726599223974783,False,True,,1.0,0.0,0.0,36.9329414907828,36.796875,36.903363587827016,expert_labels,37,30,25,36.796875,7.0,12.0,0.203125,-7.0,27,10,3,13,3578.125,5.9212015888000575,False,,,30.0,7.0,1,w10s_nonoverlap,10 s / 0% overlap
CapnoBase,0018,early_fusion_identity_rawppg_kopt_fs64_eventdecoder,0,1,3,120.0,180.0,34,25,34.0,25.0,9.0,0.3482482363057619,False,True,,1.0,0.0,0.0,34.77890250399574,35.625,34.751131221719454,expert_labels,35,32,27,35.625,3.0,8.0,0.625,-3.0,31,4,1,5,4234.375,4.330728383694056,False,,,32.0,3.0,1,w10s_nonoverlap,10 s / 0% overlap
CapnoBase,0018,early_fusion_identity_rawppg_kopt_fs64_eventdecoder,0,1,4,180.0,240.0,34,17,34.0,17.0,17.0,0.1476047000578921,False,True,,1.0,0.0,0.0,35.20086276624427,35.15625,35.26742301458671,expert_labels,35,25,18,34.921875,10.0,17.0,0.078125,-10.0,24,11,1,12,2968.75,8.50287654298287,False,,,25.0,10.0,1,w10s_nonoverlap,10 s / 0% overlap
CapnoBase,0018,early_fusion_identity_rawppg_kopt_fs64_eventdecoder,0,1,5,240.0,300.0,33,24,33.0,24.0,9.0,0.1840184253138947,False,True,,1.0,0.0,0.0,34.92776886035313,35.15625,33.873295910184446,expert_labels,34,31,27,35.15625,3.0,7.0,1.15625,-3.0,28,6,3,9,3234.375,4.078374433623442,False,,,31.0,3.0,1,w10s_nonoverlap,10 s / 0% overlap
CapnoBase,0018,early_fusion_identity_rawppg_kopt_fs64_eventdecoder,0,1,6,300.0,360.0,32,29,32.0,29.0,3.0,0.6182414872559869,False,True,,1.0,0.0,0.04296875,33.25575101488498,34.21875,33.22877230935641,expert_labels,33,32,32,34.21875,1.0,1.0,1.21875,-1.0,31,2,1,3,3187.5,1.280995909764482,True,32.739583333333336,0.2604166666666643,32.0,1.0,1,w10s_nonoverlap,10 s / 0% overlap
CapnoBase,0018,early_fusion_identity_rawppg_kopt_fs64_eventdecoder,0,1,7,360.0,420.0,31,28,31.0,28.0,3.0,0.6972642400196505,False,True,,1.0,0.0,0.0,31.760939167556028,32.109375,31.752467324619897,expert_labels,32,31,30,32.109375,1.0,2.0,0.109375,-1.0,31,1,0,1,3500.0,1.055160002183713,True,31.03645833333333,0.963541666666668,31.0,1.0,1,w10s_nonoverlap,10 s / 0% overlap
CapnoBase,0018,early_fusion_identity_rawppg_kopt_fs64_eventdecoder,0,1,8,420.0,480.0,29,23,29.0,23.0,6.0,0.4680199626970491,False,True,,0.9971354166666668,0.0,0.0,30.548926014319807,30.46875,30.368148350149987,expert_labels,30,25,25,30.46875,5.0,5.0,0.46875,-5.0,24,6,1,7,3000.0,3.157384284630766,True,26.822916666666668,3.177083333333332,25.0,5.0,1,w10s_nonoverlap,10 s / 0% overlap
CapnoBase,0023,early_fusion_identity_rawppg_kopt_fs64_eventdecoder,0,1,1,0.0,60.0,23,23,23.0,23.0,0.0,0.9804569606191949,False,True,,1.0,0.0,0.0,23.03162486368593,22.734375,23.0128030509398,expert_labels,23,22,23,22.734375,1.0,0.0,0.265625,-1.0,22,1,0,1,2859.375,0.5179870141953368,True,22.578125,0.421875,22.734375,0.265625,1,w10s_nonoverlap,10 s / 0% overlap
CapnoBase,0023,early_fusion_identity_rawppg_kopt_fs64_eventdecoder,0,1,2,60.0,120.0,24,24,24.0,24.0,0.0,0.975925018712126,False,True,,1.0,0.0,0.0,23.773889636608345,23.90625,23.79951495553759,expert_labels,24,24,24,23.90625,0.0,0.0,0.09375,0.0,24,0,0,0,2640.625,0.0541265877365274,True,23.96875,0.03125,24.0,0.0,1,w10s_nonoverlap,10 s / 0% overlap
CapnoBase,0023,early_fusion_identity_rawppg_kopt_fs64_eventdecoder,0,1,3,120.0,180.0,21,21,21.0,21.0,0.0,0.981338762689465,False,True,,1.0,0.0,0.0,21.71945701357465,21.5625,21.74170935562146,expert_labels,22,22,22,21.5625,0.0,0.0,0.4375,0.0,22,0,0,0,2390.625,0.2525907427704613,True,21.854166666666668,0.1458333333333321,22.0,0.0,1,w10s_nonoverlap,10 s / 0% overlap
CapnoBase,0023,early_fusion_identity_rawppg_kopt_fs64_eventdecoder,0,1,4,180.0,240.0,21,21,21.0,21.0,0.0,0.9861531709281202,False,True,,1.0,0.0,0.0,21.88331071913161,22.03125,21.895194135215856,expert_labels,22,22,22,21.796875,0.0,0.0,0.203125,0.0,22,0,0,0,2140.625,0.1172742734291427,True,21.932291666666668,0.0677083333333321,22.0,0.0,1,w10s_nonoverlap,10 s / 0% overlap
CapnoBase,0023,early_fusion_identity_rawppg_kopt_fs64_eventdecoder,0,1,5,240.0,300.0,20,20,20.0,20.0,0.0,0.9714143193077444,False,True,,1.0,0.0,0.0,21.09310628948091,21.09375,21.110500274876305,expert_labels,21,21,21,21.09375,0.0,0.0,0.09375,0.0,21,0,0,0,1687.5,0.0541265877365274,True,21.03125,0.03125,21.0,0.0,1,w10s_nonoverlap,10 s / 0% overlap
CapnoBase,0023,early_fusion_identity_rawppg_kopt_fs64_eventdecoder,0,1,6,300.0,360.0,20,20,20.0,20.0,0.0,0.9763345724830428,False,True,,1.0,0.0,0.0,21.03533278553821,20.859375,21.03533278553821,expert_labels,21,21,21,20.859375,0.0,0.0,0.140625,0.0,21,0,0,0,1718.75,0.0811898816047911,True,20.953125,0.046875,21.0,0.0,1,w10s_nonoverlap,10 s / 0% overlap
CapnoBase,0023,early_fusion_identity_rawppg_kopt_fs64_eventdecoder,0,1,7,360.0,420.0,20,20,20.0,20.0,0.0,0.9836952038242464,False,True,,1.0,0.0,0.0,20.64516129032258,20.390625,20.628525382755843,expert_labels,21,21,21,20.390625,0.0,0.0,0.609375,0.0,21,0,0,0,2453.125,0.3518228202874282,True,20.796875,0.203125,21.0,0.0,1,w10s_nonoverlap,10 s / 0% overlap
CapnoBase,0023,early_fusion_identity_rawppg_kopt_fs64_eventdecoder,0,1,8,420.0,480.0,22,21,22.0,21.0,1.0,0.9892174777444992,False,True,,0.9994791666666668,0.0,0.0,21.683248184995964,21.5625,21.51260504201681,expert_labels,21,21,21,21.5625,0.0,0.0,0.5625,0.0,21,0,0,0,1843.75,0.3247595264191645,True,21.1875,0.1875,21.0,0.0,1,w10s_nonoverlap,10 s / 0% overlap
CapnoBase,0028,early_fusion_identity_rawppg_kopt_fs64_eventdecoder,0,1,1,0.0,60.0,12,12,12.0,12.0,0.0,0.9618204191893808,False,True,,0.9963541666666668,0.0,0.0,12.200158856235108,11.953125,12.02733485193622,expert_labels,12,12,12,11.953125,0.0,0.0,0.046875,0.0,12,0,0,0,3609.375,0.0270632938682637,True,11.984375,0.015625,12.0,0.0,1,w10s_nonoverlap,10 s / 0% overlap
CapnoBase,0028,early_fusion_identity_rawppg_kopt_fs64_eventdecoder,0,1,2,60.0,120.0,12,13,12.0,13.0,1.0,0.9449169555411158,False,True,,1.0,0.0,0.0,11.959229898074746,11.953125,12.065124250214224,expert_labels,12,13,13,11.953125,1.0,1.0,0.046875,1.0,12,0,1,1,3203.125,0.6044135630578894,True,12.651041666666666,0.6510416666666661,13.0,1.0,1,w10s_nonoverlap,10 s / 0% overlap
CapnoBase,0028,early_fusion_identity_rawppg_kopt_fs64_eventdecoder,0,1,3,120.0,180.0,12,12,12.0,12.0,0.0,0.9614654211506604,False,True,,1.0,0.0,0.0,12.03076046710339,11.484375,11.534680502457672,expert_labels,12,12,12,11.484375,0.0,0.0,0.515625,0.0,12,0,0,0,3109.375,0.2976962325509008,True,11.828125,0.171875,12.0,0.0,1,w10s_nonoverlap,10 s / 0% overlap
CapnoBase,0028,early_fusion_identity_rawppg_kopt_fs64_eventdecoder,0,1,4,180.0,240.0,11,11,11.0,11.0,0.0,0.9528120042023156,False,True,,1.0,0.0,0.0,11.35789190642646,11.484375,11.320754716981131,expert_labels,11,11,11,11.484375,0.0,0.0,0.484375,0.0,11,0,0,0,3421.875,0.279654036638725,True,11.161458333333334,0.1614583333333339,11.0,0.0,1,w10s_nonoverlap,10 s / 0% overlap
CapnoBase,0028,early_fusion_identity_rawppg_kopt_fs64_eventdecoder,0,1,5,240.0,300.0,12,12,12.0,12.0,0.0,0.9689692282170236,False,True,,1.0,0.0,0.0,12.311279510346836,11.71875,11.782426778242677,expert_labels,12,12,12,11.953125,0.0,0.0,0.046875,0.0,12,0,0,0,3015.625,0.0270632938682637,True,11.984375,0.015625,12.0,0.0,1,w10s_nonoverlap,10 s / 0% overlap
CapnoBase,0028,early_fusion_identity_rawppg_kopt_fs64_eventdecoder,0,1,6,300.0,360.0,11,11,11.0,11.0,0.0,0.9697288920853152,False,True,,1.0,0.0,0.0,11.687880464858882,11.71875,11.71056279456612,expert_labels,12,11,12,11.71875,1.0,0.0,0.28125,-1.0,12,0,0,0,5296.875,0.5157039081036068,True,11.572916666666666,0.4270833333333339,11.71875,0.28125,1,w10s_nonoverlap,10 s / 0% overlap
CapnoBase,0028,early_fusion_identity_rawppg_kopt_fs64_eventdecoder,0,1,7,360.0,420.0,12,12,12.0,12.0,0.0,0.9605234834972556,False,True,,1.0,0.0,0.0,11.851851851851851,11.71875,11.739529195964536,expert_labels,11,12,11,11.71875,1.0,0.0,0.71875,1.0,11,0,0,0,3234.375,0.5157039081036068,True,11.572916666666666,0.5729166666666661,11.71875,0.71875,1,w10s_nonoverlap,10 s / 0% overlap
CapnoBase,0028,early_fusion_identity_rawppg_kopt_fs64_eventdecoder,0,1,8,420.0,480.0,11,12,11.0,12.0,1.0,0.9504984130962428,False,True,,1.0,0.0,0.0,11.40696732379152,11.484375,11.453362255965294,expert_labels,12,11,11,11.71875,1.0,1.0,0.28125,-1.0,11,1,0,1,3281.25,0.4149705059800435,True,11.239583333333334,0.7604166666666661,11.0,1.0,1,w10s_nonoverlap,10 s / 0% overlap
CapnoBase,0029,early_fusion_identity_rawppg_kopt_fs64_eventdecoder,0,1,1,0.0,60.0,9,16,9.0,16.0,7.0,0.6239270967190242,False,True,,1.0,0.0,0.0,10.195818121473614,8.203125,10.009775171065494,expert_labels,9,11,12,11.484375,2.0,3.0,2.484375,2.0,9,0,2,2,1390.625,0.5000813735866727,True,11.494791666666666,2.494791666666666,11.484375,2.484375,1,w10s_nonoverlap,10 s / 0% overlap
CapnoBase,0029,early_fusion_identity_rawppg_kopt_fs64_eventdecoder,0,1,2,60.0,120.0,10,13,10.0,13.0,3.0,0.7272213852146966,False,True,,1.0,0.0,0.0,10.260521042084168,10.078125,9.804255319148936,expert_labels,10,11,12,9.84375,1.0,2.0,0.15625,1.0,8,2,3,5,1140.625,1.0790681261316792,True,10.947916666666666,0.947916666666666,11.0,1.0,1,w10s_nonoverlap,10 s / 0% overlap
CapnoBase,0029,early_fusion_identity_rawppg_kopt_fs64_eventdecoder,0,1,3,120.0,180.0,10,16,10.0,16.0,6.0,0.7666500092176385,False,True,,1.0,0.0,0.0,10.83725305738476,9.375,10.224852071005918,expert_labels,10,13,13,13.59375,3.0,3.0,3.59375,3.0,10,0,3,3,1843.75,0.3428017223313402,True,13.197916666666666,3.197916666666666,13.0,3.0,1,w10s_nonoverlap,10 s / 0% overlap
CapnoBase,0029,early_fusion_identity_rawppg_kopt_fs64_eventdecoder,0,1,4,180.0,240.0,11,14,11.0,14.0,3.0,0.7670016273555262,False,True,,1.0,0.0,0.0,11.410048622366288,10.78125,11.364308967150045,expert_labels,11,12,13,10.78125,1.0,2.0,0.21875,1.0,10,1,2,3,2718.75,1.111170788327939,True,11.927083333333334,0.927083333333334,12.0,1.0,1,w10s_nonoverlap,10 s / 0% overlap
CapnoBase,0029,early_fusion_identity_rawppg_kopt_fs64_eventdecoder,0,1,5,240.0,300.0,11,16,11.0,16.0,5.0,0.7816964197845095,False,True,,1.0,0.0,0.0,12.3581041544763,9.140625,11.254396248534585,expert_labels,11,11,13,10.78125,0.0,2.0,0.21875,0.0,10,1,1,2,1515.625,1.2227498466571156,True,11.59375,0.59375,11.0,0.0,1,w10s_nonoverlap,10 s / 0% overlap
CapnoBase,0029,early_fusion_identity_rawppg_kopt_fs64_eventdecoder,0,1,6,300.0,360.0,12,16,12.0,16.0,4.0,0.7890409033816423,False,True,,1.0,0.0,0.0,11.71056279456612,14.296875,12.511848341232229,expert_labels,12,13,14,13.828125,1.0,2.0,1.828125,1.0,12,0,1,1,2515.625,0.534685582258396,True,13.609375,1.609375,13.828125,1.828125,1,w10s_nonoverlap,10 s / 0% overlap
CapnoBase,0029,early_fusion_identity_rawppg_kopt_fs64_eventdecoder,0,1,7,360.0,420.0,13,17,13.0,17.0,4.0,0.8184448273562276,True,True,,1.0,0.0,0.0,12.013651877133109,12.890625,12.329246935201402,expert_labels,12,12,12,13.125,0.0,0.0,1.125,0.0,11,1,1,2,2328.125,0.649519052838329,True,12.375,0.375,12.0,0.0,1,w10s_nonoverlap,10 s / 0% overlap
CapnoBase,0029,early_fusion_identity_rawppg_kopt_fs64_eventdecoder,0,1,8,420.0,480.0,14,14,14.0,14.0,0.0,0.895023006337575,False,True,,0.9981770833333332,0.0,0.0,14.78344562078922,17.34375,14.00280504908836,expert_labels,14,15,13,17.34375,1.0,1.0,3.34375,1.0,14,0,1,1,3156.25,2.174140754604755,True,15.114583333333334,1.114583333333334,15.0,1.0,1,w10s_nonoverlap,10 s / 0% overlap
CapnoBase,0030,early_fusion_identity_rawppg_kopt_fs64_eventdecoder,0,2,1,40.0,100.0,30,20,30.0,20.0,10.0,-0.0032054363010095,False,False,ref_artifact_label,0.8645833333333334,0.1354166666666666,0.0,31.50873478030704,35.390625,31.65115660728529,expert_labels,32,25,19,11.25,7.0,13.0,20.75,-7.0,20,12,5,17,2437.5,6.893535619211185,False,,,19.0,13.0,1,w10s_nonoverlap,10 s / 0% overlap
CapnoBase,0030,early_fusion_identity_rawppg_kopt_fs64_eventdecoder,0,2,2,100.0,160.0,29,25,29.0,25.0,4.0,0.5766581214355463,False,False,ref_artifact_label,0.9588541666666668,0.0411458333333333,0.0,29.55414012738853,30.234375,29.44946589975349,expert_labels,29,25,23,30.0,4.0,6.0,1.0,-4.0,24,5,1,6,3093.75,3.605551275463989,True,26.0,3.0,25.0,4.0,1,w10s_nonoverlap,10 s / 0% overlap
CapnoBase,0030,early_fusion_identity_rawppg_kopt_fs64_eventdecoder,0,2,3,160.0,220.0,29,24,29.0,24.0,5.0,0.632352355349039,False,True,,1.0,0.0,0.0,30.80497925311203,32.109375,30.72819418511603,expert_labels,31,27,24,26.953125,4.0,7.0,4.046875,-4.0,27,4,0,4,4218.75,1.718678975805255,True,25.984375,5.015625,26.953125,4.046875,1,w10s_nonoverlap,10 s / 0% overlap
CapnoBase,0030,early_fusion_identity_rawppg_kopt_fs64_eventdecoder,0,2,4,220.0,280.0,25,24,25.0,24.0,1.0,0.7635828638352742,False,True,,1.0,0.0,0.0388020833333333,25.70281124497992,24.609375,25.635605006954105,expert_labels,25,24,21,24.375,1.0,4.0,0.625,-1.0,22,3,2,5,2453.125,1.8498310733685928,True,23.125,1.875,24.0,1.0,1,w10s_nonoverlap,10 s / 0% overlap
CapnoBase,0030,early_fusion_identity_rawppg_kopt_fs64_eventdecoder,0,2,5,280.0,340.0,28,26,28.0,26.0,2.0,0.7611970236254685,False,True,,1.0,0.0,0.0,27.976254722072312,28.359375,27.968707850013487,expert_labels,28,27,25,28.359375,1.0,3.0,0.359375,-1.0,26,2,1,3,2984.375,1.6898373087987888,True,26.78645833333333,1.213541666666668,27.0,1.0,1,w10s_nonoverlap,10 s / 0% overlap
CapnoBase,0030,early_fusion_identity_rawppg_kopt_fs64_eventdecoder,0,2,6,340.0,400.0,30,23,30.0,23.0,7.0,0.4140226383017209,False,True,,1.0,0.0,0.0,30.793905372894947,31.171875,31.7017310252996,expert_labels,32,25,19,5.15625,7.0,13.0,26.84375,-7.0,23,9,2,11,3046.875,10.176966051866016,False,,,19.0,13.0,1,w10s_nonoverlap,10 s / 0% overlap
CapnoBase,0030,early_fusion_identity_rawppg_kopt_fs64_eventdecoder,0,2,7,400.0,460.0,31,26,31.0,26.0,5.0,0.5108604396641868,False,True,,1.0,0.0,0.0,32.560175054704594,30.9375,32.6461211477152,expert_labels,33,30,26,31.171875,3.0,7.0,1.828125,-3.0,29,4,1,5,2937.5,2.71175164888091,True,29.057291666666668,3.942708333333332,30.0,3.0,1,w10s_nonoverlap,10 s / 0% overlap
CapnoBase,0031,early_fusion_identity_rawppg_kopt_fs64_eventdecoder,0,1,1,0.0,60.0,18,16,18.0,16.0,2.0,0.0394707912162758,False,False,ref_rr_undefined,1.0,0.0,0.0268229166666666,6.4393515930687535,4.21875,,expert_labels,0,14,12,12.65625,14.0,12.0,12.65625,14.0,0,0,14,14,0.0,1.0195038110930892,True,12.885416666666666,12.885416666666666,12.65625,12.65625,1,w10s_nonoverlap,10 s / 0% overlap
CapnoBase,0031,early_fusion_identity_rawppg_kopt_fs64_eventdecoder,0,1,2,60.0,120.0,18,17,18.0,17.0,1.0,-0.0913933602768279,False,False,ref_rr_undefined,1.0,0.0,0.0,9.98699609882965,4.6875,,expert_labels,0,13,13,4.21875,13.0,13.0,4.21875,13.0,0,0,13,13,0.0,5.069857051321401,False,,,13.0,13.0,1,w10s_nonoverlap,10 s / 0% overlap
CapnoBase,0031,early_fusion_identity_rawppg_kopt_fs64_eventdecoder,0,1,3,120.0,180.0,8,15,8.0,15.0,7.0,0.1134856611837979,False,True,,1.0,0.0,0.06875,6.193548387096774,4.453125,4.746600741656366,expert_labels,5,11,13,12.1875,6.0,8.0,7.1875,6.0,5,0,6,6,1609.375,1.0058423087144426,True,12.0625,7.0625,12.1875,7.1875,1,w10s_nonoverlap,10 s / 0% overlap
CapnoBase,0031,early_fusion_identity_rawppg_kopt_fs64_eventdecoder,0,1,4,180.0,240.0,13,17,13.0,17.0,4.0,0.3902408684717416,False,True,,1.0,0.0,0.03046875,16.03340292275574,6.796875,9.793142533295551,expert_labels,10,12,14,12.421875,2.0,4.0,2.421875,2.0,6,4,6,10,1953.125,1.0542340846360136,True,12.807291666666666,2.807291666666666,12.421875,2.421875,1,w10s_nonoverlap,10 s / 0% overlap
CapnoBase,0031,early_fusion_identity_rawppg_kopt_fs64_eventdecoder,0,1,5,240.0,300.0,13,16,13.0,16.0,3.0,-0.162415194704778,False,True,,1.0,0.0,0.0,12.871508379888269,13.359375,25.1528384279476,expert_labels,10,11,15,11.015625,1.0,5.0,1.015625,1.0,2,8,9,17,140.625,2.304903768101465,True,12.338541666666666,2.338541666666666,11.015625,1.015625,1,w10s_nonoverlap,10 s / 0% overlap
CapnoBase,0031,early_fusion_identity_rawppg_kopt_fs64_eventdecoder,0,1,6,300.0,360.0,7,13,7.0,13.0,6.0,0.230346727605774,False,True,,1.0,0.0,0.0739583333333333,12.569558101472994,3.75,7.396468699839487,expert_labels,7,9,11,8.90625,2.0,4.0,1.90625,2.0,3,4,6,10,1093.75,1.182693122003055,True,9.635416666666666,2.635416666666666,9.0,2.0,1,w10s_nonoverlap,10 s / 0% overlap
CapnoBase,0031,early_fusion_identity_rawppg_kopt_fs64_eventdecoder,0,1,7,360.0,420.0,12,16,12.0,16.0,4.0,0.423667519053698,False,True,,1.0,0.0,0.1611979166666666,12.792247122955784,3.28125,14.946480700616284,expert_labels,13,12,14,15.234375,1.0,1.0,2.234375,-1.0,9,4,3,7,2109.375,1.632220536633556,True,13.744791666666666,0.7447916666666661,14.0,1.0,1,w10s_nonoverlap,10 s / 0% overlap
CapnoBase,0031,early_fusion_identity_rawppg_kopt_fs64_eventdecoder,0,1,8,420.0,480.0,9,14,9.0,14.0,5.0,0.8112839366926936,True,True,,0.9940104166666668,0.0,0.2010416666666666,9.233940226726212,9.140625,8.819982773471146,expert_labels,9,9,8,9.140625,0.0,1.0,0.140625,0.0,9,0,0,0,1312.5,0.6219325768990827,True,8.713541666666666,0.2864583333333339,9.0,0.0,1,w10s_nonoverlap,10 s / 0% overlap
CapnoBase,0032,early_fusion_identity_rawppg_kopt_fs64_eventdecoder,0,1,1,0.0,60.0,10,16,10.0,16.0,6.0,0.4705690635613491,False,True,,0.9979166666666668,0.0,0.0,9.47108796930666,9.140625,9.743101807802091,expert_labels,9,12,12,16.640625,3.0,3.0,7.640625,3.0,8,1,4,5,1578.125,2.679266092958107,True,13.546875,4.546875,12.0,3.0,1,w10s_nonoverlap,10 s / 0% overlap
CapnoBase,0032,early_fusion_identity_rawppg_kopt_fs64_eventdecoder,0,1,2,60.0,120.0,12,15,12.0,15.0,3.0,0.82807426681928,True,True,,1.0,0.0,0.0,12.407108239095315,12.1875,12.39042753428341,expert_labels,13,14,13,12.1875,1.0,0.0,0.8125,1.0,13,0,1,1,3093.75,0.9078649403958718,True,13.0625,0.0625,13.0,0.0,1,w10s_nonoverlap,10 s / 0% overlap
CapnoBase,0032,early_fusion_identity_rawppg_kopt_fs64_eventdecoder,0,1,3,120.0,180.0,12,17,12.0,17.0,5.0,0.7937443281516595,False,True,,1.0,0.0,0.0,11.818690542809176,11.484375,11.764705882352942,expert_labels,11,11,12,11.484375,0.0,1.0,0.484375,0.0,11,0,0,0,1453.125,0.5000813735866727,True,11.494791666666666,0.4947916666666661,11.484375,0.484375,1,w10s_nonoverlap,10 s / 0% overlap
CapnoBase,0032,early_fusion_identity_rawppg_kopt_fs64_eventdecoder,0,1,4,180.0,240.0,15,14,15.0,14.0,1.0,0.9284807833607314,False,True,,1.0,0.0,0.0,15.207920792079207,14.53125,14.569105691056912,expert_labels,15,15,15,14.765625,0.0,0.0,0.234375,0.0,14,1,1,2,1687.5,0.1353164693413185,True,14.921875,0.078125,15.0,0.0,1,w10s_nonoverlap,10 s / 0% overlap
CapnoBase,0032,early_fusion_identity_rawppg_kopt_fs64_eventdecoder,0,1,5,240.0,300.0,10,15,10.0,15.0,5.0,0.7033891487211323,False,True,,1.0,0.0,0.03359375,12.818991097922847,13.125,12.852361472666418,expert_labels,10,12,13,12.890625,2.0,3.0,2.890625,2.0,9,1,3,4,1796.875,0.5485094622778474,True,12.630208333333334,2.630208333333334,12.890625,2.890625,1,w10s_nonoverlap,10 s / 0% overlap
CapnoBase,0032,early_fusion_identity_rawppg_kopt_fs64_eventdecoder,0,1,6,300.0,360.0,7,17,7.0,17.0,10.0,0.0665461067414782,False,True,,1.0,0.0,0.0408854166666666,7.069653267873582,6.5625,6.680584551148226,expert_labels,6,13,14,14.296875,7.0,8.0,8.296875,7.0,5,1,8,9,1265.625,0.6794629657862156,True,13.765625,7.765625,14.0,8.0,1,w10s_nonoverlap,10 s / 0% overlap
CapnoBase,0032,early_fusion_identity_rawppg_kopt_fs64_eventdecoder,0,1,7,360.0,420.0,12,14,12.0,14.0,2.0,0.904473585549986,False,True,,1.0,0.0,0.0,12.176419717497838,11.953125,11.756192596715836,expert_labels,12,14,13,11.71875,2.0,1.0,0.28125,2.0,12,0,2,2,1796.875,1.1435109039707492,True,12.90625,0.90625,13.0,1.0,1,w10s_nonoverlap,10 s / 0% overlap
CapnoBase,0032,early_fusion_identity_rawppg_kopt_fs64_eventdecoder,0,1,8,420.0,480.0,14,14,14.0,14.0,0.0,0.9779359938138455,False,True,,1.0,0.0,0.0,14.113655640373196,14.296875,14.132492113564668,expert_labels,15,15,14,14.296875,0.0,1.0,0.703125,0.0,15,0,0,0,2156.25,0.5135691338158216,True,14.432291666666666,0.5677083333333339,14.296875,0.703125,1,w10s_nonoverlap,10 s / 0% overlap
CapnoBase,0035,early_fusion_identity_rawppg_kopt_fs64_eventdecoder,0,1,1,0.0,60.0,24,20,24.0,20.0,4.0,0.5791675451815008,False,True,,0.9981770833333332,0.0,0.040625,24.6219609938552,25.078125,24.6016713091922,expert_labels,24,22,15,7.5,2.0,9.0,16.5,-2.0,21,3,1,4,4921.875,7.251436639269031,False,,,15.0,9.0,1,w10s_nonoverlap,10 s / 0% overlap
CapnoBase,0035,early_fusion_identity_rawppg_kopt_fs64_eventdecoder,0,1,2,60.0,120.0,23,17,23.0,17.0,6.0,0.3094682329315069,False,True,,1.0,0.0,0.0,22.80777537796976,21.796875,22.770889487870623,expert_labels,23,15,13,5.625,8.0,10.0,17.375,-8.0,12,11,3,14,2937.5,4.937631854779509,False,,,13.0,10.0,1,w10s_nonoverlap,10 s / 0% overlap
CapnoBase,0035,early_fusion_identity_rawppg_kopt_fs64_eventdecoder,0,1,3,120.0,180.0,23,19,23.0,19.0,4.0,0.4918754552446823,False,True,,1.0,0.0,0.0,23.382230833102685,23.4375,23.420843277645183,expert_labels,24,20,16,9.609375,4.0,8.0,14.390625,-4.0,19,5,2,7,3843.75,5.240947366352289,False,,,16.0,8.0,1,w10s_nonoverlap,10 s / 0% overlap
CapnoBase,0035,early_fusion_identity_rawppg_kopt_fs64_eventdecoder,0,1,4,180.0,240.0,23,22,23.0,22.0,1.0,0.9023616405965764,False,True,,1.0,0.0,0.0,23.42112558913224,23.671875,23.202416918429,expert_labels,23,24,22,23.671875,1.0,1.0,0.671875,1.0,22,1,1,2,4281.25,1.072600580462426,True,23.22395833333333,0.2239583333333321,23.671875,0.671875,1,w10s_nonoverlap,10 s / 0% overlap
CapnoBase,0035,early_fusion_identity_rawppg_kopt_fs64_eventdecoder,0,1,5,240.0,300.0,22,16,22.0,16.0,6.0,0.54401000213638,False,True,,1.0,0.0,0.0,22.919153553988064,23.203125,22.92537313432836,expert_labels,23,20,15,6.5625,3.0,8.0,16.4375,-3.0,17,6,3,9,4437.5,6.791634713626267,False,,,15.0,8.0,1,w10s_nonoverlap,10 s / 0% overlap
CapnoBase,0035,early_fusion_identity_rawppg_kopt_fs64_eventdecoder,0,1,6,300.0,360.0,24,19,24.0,19.0,5.0,0.5226370703709348,False,True,,1.0,0.0,0.0,24.49251247920133,26.25,24.337282998071093,expert_labels,24,20,15,7.734375,4.0,9.0,16.265625,-4.0,18,6,2,8,3687.5,6.1675881736873714,False,,,15.0,9.0,1,w10s_nonoverlap,10 s / 0% overlap
CapnoBase,0035,early_fusion_identity_rawppg_kopt_fs64_eventdecoder,0,1,7,360.0,420.0,25,22,25.0,22.0,3.0,0.4200405383290863,False,True,,1.0,0.0,0.0,25.75798229138717,25.3125,25.695931477516066,expert_labels,26,15,14,6.5625,11.0,12.0,19.4375,-11.0,12,14,3,17,2921.875,4.609913457249857,False,,,14.0,12.0,1,w10s_nonoverlap,10 s / 0% overlap
CapnoBase,0038,early_fusion_identity_rawppg_kopt_fs64_eventdecoder,0,1,1,0.0,60.0,17,18,17.0,18.0,1.0,0.9697898909379448,False,True,,1.0,0.0,0.0,17.710255018990775,17.8125,17.880032867707477,expert_labels,18,18,18,17.8125,0.0,0.0,0.1875,0.0,18,0,0,0,1406.25,0.1082531754730548,True,17.9375,0.0625,18.0,0.0,1,w10s_nonoverlap,10 s / 0% overlap
CapnoBase,0038,early_fusion_identity_rawppg_kopt_fs64_eventdecoder,0,1,2,60.0,120.0,18,18,18.0,18.0,0.0,0.9616459482289954,False,True,,1.0,0.0,0.0,17.586206896551726,17.578125,17.60458452722063,expert_labels,17,17,17,17.578125,0.0,0.0,0.578125,0.0,17,0,0,0,2421.875,0.3337806243752524,True,17.192708333333332,0.1927083333333321,17.0,0.0,1,w10s_nonoverlap,10 s / 0% overlap
CapnoBase,0038,early_fusion_identity_rawppg_kopt_fs64_eventdecoder,0,1,3,120.0,180.0,19,19,19.0,19.0,0.0,0.9750595382025758,False,True,,1.0,0.0,0.0,19.02652287962693,19.21875,19.020363236103467,expert_labels,19,19,19,19.21875,0.0,0.0,0.21875,0.0,19,0,0,0,2234.375,0.1262953713852306,True,19.072916666666668,0.0729166666666678,19.0,0.0,1,w10s_nonoverlap,10 s / 0% overlap
CapnoBase,0038,early_fusion_identity_rawppg_kopt_fs64_eventdecoder,0,1,4,180.0,240.0,18,18,18.0,18.0,0.0,0.9710845655206994,False,True,,1.0,0.0,0.0,18.828657041678017,18.984375,18.83892068683565,expert_labels,19,19,19,18.984375,0.0,0.0,0.015625,0.0,19,0,0,0,2046.875,0.0090210979560879,True,18.994791666666668,0.0052083333333321,19.0,0.0,1,w10s_nonoverlap,10 s / 0% overlap
CapnoBase,0038,early_fusion_identity_rawppg_kopt_fs64_eventdecoder,0,1,5,240.0,300.0,18,18,18.0,18.0,0.0,0.9703431349353884,False,True,,1.0,0.0,0.0,18.138371769936093,18.046875,18.133333333333333,expert_labels,18,18,18,18.046875,0.0,0.0,0.046875,0.0,18,0,0,0,2234.375,0.0270632938682637,True,18.015625,0.015625,18.0,0.0,1,w10s_nonoverlap,10 s / 0% overlap
CapnoBase,0038,early_fusion_identity_rawppg_kopt_fs64_eventdecoder,0,1,6,300.0,360.0,18,18,18.0,18.0,0.0,0.9468732557801668,False,True,,1.0,0.0,0.0,18.620689655172413,18.28125,18.6709886547812,expert_labels,19,18,19,18.28125,1.0,0.0,0.71875,-1.0,19,0,0,0,1828.125,0.5157039081036068,True,18.42708333333333,0.5729166666666679,18.28125,0.71875,1,w10s_nonoverlap,10 s / 0% overlap
CapnoBase,0038,early_fusion_identity_rawppg_kopt_fs64_eventdecoder,0,1,7,360.0,420.0,22,23,22.0,23.0,1.0,0.972369780889421,False,True,,1.0,0.0,0.0,23.094587206123563,23.203125,23.094587206123563,expert_labels,23,24,23,23.203125,1.0,0.0,0.203125,1.0,23,0,0,0,3390.625,0.5285624421090978,True,23.401041666666668,0.4010416666666678,23.203125,0.203125,1,w10s_nonoverlap,10 s / 0% overlap
CapnoBase,0038,early_fusion_identity_rawppg_kopt_fs64_eventdecoder,0,1,8,420.0,480.0,21,21,21.0,21.0,0.0,0.936029356581782,False,True,,1.0,0.0,0.0,22.02676864244742,21.5625,22.020753686510105,expert_labels,22,22,22,21.5625,0.0,0.0,0.4375,0.0,22,0,0,0,3078.125,0.2525907427704613,True,21.854166666666668,0.1458333333333321,22.0,0.0,1,w10s_nonoverlap,10 s / 0% overlap
CapnoBase,0103,early_fusion_identity_rawppg_kopt_fs64_eventdecoder,0,1,1,0.0,60.0,18,18,18.0,18.0,0.0,0.9816364121978716,False,True,,1.0,0.0,0.0,17.988426563791677,18.046875,17.973568281938324,expert_labels,18,19,18,18.046875,1.0,0.0,0.046875,1.0,18,0,0,0,7953.125,0.5643055512825772,True,18.34895833333333,0.3489583333333321,18.046875,0.046875,1,w10s_nonoverlap,10 s / 0% overlap
CapnoBase,0103,early_fusion_identity_rawppg_kopt_fs64_eventdecoder,0,1,2,60.0,120.0,18,18,18.0,18.0,0.0,0.974710990714692,False,True,,1.0,0.0,0.0,17.988426563791677,18.046875,17.988426563791677,expert_labels,18,18,18,18.046875,0.0,0.0,0.046875,0.0,17,1,1,2,6734.375,0.0270632938682637,True,18.015625,0.015625,18.0,0.0,1,w10s_nonoverlap,10 s / 0% overlap
CapnoBase,0103,early_fusion_identity_rawppg_kopt_fs64_eventdecoder,0,1,3,120.0,180.0,18,18,18.0,18.0,0.0,0.9603276681326778,False,True,,1.0,0.0,0.0,17.993384785005514,18.046875,17.988426563791677,expert_labels,18,18,18,18.046875,0.0,0.0,0.046875,0.0,18,0,0,0,7750.0,0.0270632938682637,True,18.015625,0.015625,18.0,0.0,1,w10s_nonoverlap,10 s / 0% overlap
CapnoBase,0103,early_fusion_identity_rawppg_kopt_fs64_eventdecoder,0,1,4,180.0,240.0,18,18,18.0,18.0,0.0,0.9769494974637056,False,True,,1.0,0.0,0.0,17.998345740281223,18.046875,17.97851831451391,expert_labels,18,18,18,18.046875,0.0,0.0,0.046875,0.0,18,0,0,0,7000.0,0.0270632938682637,True,18.015625,0.015625,18.0,0.0,1,w10s_nonoverlap,10 s / 0% overlap
CapnoBase,0103,early_fusion_identity_rawppg_kopt_fs64_eventdecoder,0,1,5,240.0,300.0,18,18,18.0,18.0,0.0,0.97620609282245,False,True,,1.0,0.0,0.0,17.97851831451391,18.046875,17.963676389653276,expert_labels,18,18,18,18.046875,0.0,0.0,0.046875,0.0,18,0,0,0,7171.875,0.0270632938682637,True,18.015625,0.015625,18.0,0.0,1,w10s_nonoverlap,10 s / 0% overlap
CapnoBase,0103,early_fusion_identity_rawppg_kopt_fs64_eventdecoder,0,1,6,300.0,360.0,18,18,18.0,18.0,0.0,0.971115029561469,False,True,,1.0,0.0,0.0,17.993384785005514,18.046875,17.988426563791677,expert_labels,18,17,18,18.046875,1.0,0.0,0.046875,-1.0,18,0,0,0,7156.25,0.5913465610015276,True,17.682291666666668,0.3177083333333321,18.0,0.0,1,w10s_nonoverlap,10 s / 0% overlap
CapnoBase,0103,early_fusion_identity_rawppg_kopt_fs64_eventdecoder,0,1,7,360.0,420.0,18,18,18.0,18.0,0.0,0.9781758159235934,False,True,,1.0,0.0,0.0,17.988426563791677,18.046875,17.993384785005514,expert_labels,18,19,18,18.046875,1.0,0.0,0.046875,1.0,18,0,0,0,5406.25,0.5643055512825772,True,18.34895833333333,0.3489583333333321,18.046875,0.046875,1,w10s_nonoverlap,10 s / 0% overlap
CapnoBase,0103,early_fusion_identity_rawppg_kopt_fs64_eventdecoder,0,1,8,420.0,480.0,18,18,18.0,18.0,0.0,0.9587379789128514,False,True,,0.9708333333333332,0.0,0.0,18.295964125560538,18.046875,17.993384785005514,expert_labels,18,17,18,18.046875,1.0,0.0,0.046875,-1.0,18,0,0,0,6703.125,0.5913465610015276,True,17.682291666666668,0.3177083333333321,18.0,0.0,1,w10s_nonoverlap,10 s / 0% overlap
CapnoBase,0104,early_fusion_identity_rawppg_kopt_fs64_eventdecoder,0,1,1,0.0,60.0,11,12,11.0,12.0,1.0,0.9101827080517508,False,True,,0.95625,0.0,0.0,10.738255033557046,11.015625,11.01338432122371,expert_labels,10,12,12,11.015625,2.0,2.0,1.015625,2.0,10,0,2,2,4468.75,0.5683291712335379,True,11.671875,1.671875,12.0,2.0,1,w10s_nonoverlap,10 s / 0% overlap
CapnoBase,0104,early_fusion_identity_rawppg_kopt_fs64_eventdecoder,0,1,2,60.0,120.0,11,12,11.0,12.0,1.0,0.8915699723118604,False,True,,1.0,0.0,0.0,11.002865329512892,11.015625,10.999713549126325,expert_labels,11,11,12,11.015625,0.0,1.0,0.015625,0.0,10,1,1,2,5750.0,0.5728929919350849,True,11.338541666666666,0.3385416666666661,11.015625,0.015625,1,w10s_nonoverlap,10 s / 0% overlap
CapnoBase,0104,early_fusion_identity_rawppg_kopt_fs64_eventdecoder,0,1,3,120.0,180.0,11,12,11.0,12.0,1.0,0.9061961033381244,False,True,,1.0,0.0,0.0,11.002865329512892,11.015625,10.999713549126325,expert_labels,11,11,11,11.015625,0.0,0.0,0.015625,0.0,11,0,0,0,4875.0,0.0090210979560879,True,11.005208333333334,0.0052083333333339,11.0,0.0,1,w10s_nonoverlap,10 s / 0% overlap
CapnoBase,0104,early_fusion_identity_rawppg_kopt_fs64_eventdecoder,0,1,4,180.0,240.0,11,11,11.0,11.0,0.0,0.9362369829678068,False,True,,1.0,0.0,0.0,11.006018916595014,11.015625,10.999713549126325,expert_labels,11,11,12,11.015625,0.0,1.0,0.015625,0.0,11,0,0,0,4062.5,0.5728929919350849,True,11.338541666666666,0.3385416666666661,11.015625,0.015625,1,w10s_nonoverlap,10 s / 0% overlap
CapnoBase,0104,early_fusion_identity_rawppg_kopt_fs64_eventdecoder,0,1,5,240.0,300.0,11,13,11.0,13.0,2.0,0.9242951144191952,False,True,,1.0,0.0,0.0,11.002865329512892,11.015625,11.002865329512892,expert_labels,11,11,13,11.015625,0.0,2.0,0.015625,0.0,11,0,0,0,3937.5,1.150216521736234,True,11.671875,0.671875,11.015625,0.015625,1,w10s_nonoverlap,10 s / 0% overlap
CapnoBase,0104,early_fusion_identity_rawppg_kopt_fs64_eventdecoder,0,1,6,300.0,360.0,11,12,11.0,12.0,1.0,0.9336859571796556,False,True,,1.0,0.0,0.0,11.006018916595014,11.015625,11.009174311926603,expert_labels,11,11,12,11.015625,0.0,1.0,0.015625,0.0,11,0,0,0,4562.5,0.5728929919350849,True,11.338541666666666,0.3385416666666661,11.015625,0.015625,1,w10s_nonoverlap,10 s / 0% overlap
CapnoBase,0104,early_fusion_identity_rawppg_kopt_fs64_eventdecoder,0,1,7,360.0,420.0,11,13,11.0,13.0,2.0,0.9197067833379416,False,True,,1.0,0.0,0.0,11.002865329512892,11.015625,10.999713549126325,expert_labels,11,11,12,11.015625,0.0,1.0,0.015625,0.0,11,0,0,0,3953.125,0.5728929919350849,True,11.338541666666666,0.3385416666666661,11.015625,0.015625,1,w10s_nonoverlap,10 s / 0% overlap
CapnoBase,0104,early_fusion_identity_rawppg_kopt_fs64_eventdecoder,0,1,8,420.0,480.0,11,12,11.0,12.0,1.0,0.9124148307188652,False,True,,1.0,0.0,0.0,11.006018916595014,11.015625,11.002865329512892,expert_labels,11,11,12,11.015625,0.0,1.0,0.015625,0.0,10,1,1,2,3765.625,0.5728929919350849,True,11.338541666666666,0.3385416666666661,11.015625,0.015625,1,w10s_nonoverlap,10 s / 0% overlap
CapnoBase,0105,early_fusion_identity_rawppg_kopt_fs64_eventdecoder,0,1,1,0.0,60.0,10,12,10.0,12.0,2.0,0.6481043577840053,False,True,,1.0,0.0,0.0817708333333333,9.721518987341772,10.078125,10.005790387955994,expert_labels,10,10,11,10.078125,0.0,1.0,0.078125,0.0,9,1,2,3,5562.5,0.5561709915799277,True,10.359375,0.359375,10.078125,0.078125,1,w10s_nonoverlap,10 s / 0% overlap
CapnoBase,0105,early_fusion_identity_rawppg_kopt_fs64_eventdecoder,0,1,2,60.0,120.0,10,13,10.0,13.0,3.0,0.8346343738385746,True,True,,1.0,0.0,0.0,10.026109660574413,10.078125,10.002894356005788,expert_labels,10,10,9,10.078125,0.0,1.0,0.078125,0.0,9,1,0,1,6328.125,0.6011734402053481,True,9.692708333333334,0.3072916666666661,10.0,0.0,1,w10s_nonoverlap,10 s / 0% overlap
CapnoBase,0105,early_fusion_identity_rawppg_kopt_fs64_eventdecoder,0,1,3,120.0,180.0,10,13,10.0,13.0,3.0,0.8718258178484104,True,True,,1.0,0.0,0.0,10.105263157894736,10.078125,10.00868809730669,expert_labels,10,11,11,10.078125,1.0,1.0,0.078125,1.0,10,0,1,1,5546.875,0.5322447794091862,True,10.692708333333334,0.6927083333333339,11.0,1.0,1,w10s_nonoverlap,10 s / 0% overlap
CapnoBase,0105,early_fusion_identity_rawppg_kopt_fs64_eventdecoder,0,1,4,180.0,240.0,9,12,9.0,12.0,3.0,0.914003501447694,True,True,,1.0,0.0,0.0,10.017391304347829,10.078125,10.002894356005788,expert_labels,10,9,10,10.078125,1.0,0.0,0.078125,-1.0,9,1,0,1,2984.375,0.6011734402053481,True,9.692708333333334,0.3072916666666661,10.0,0.0,1,w10s_nonoverlap,10 s / 0% overlap
CapnoBase,0105,early_fusion_identity_rawppg_kopt_fs64_eventdecoder,0,1,5,240.0,300.0,10,12,10.0,12.0,2.0,0.8882899948652272,False,True,,1.0,0.0,0.0,9.97690531177829,10.078125,10.005790387955994,expert_labels,10,9,10,9.84375,1.0,0.0,0.15625,-1.0,9,1,0,1,4046.875,0.5379479722364732,True,9.614583333333334,0.3854166666666661,9.84375,0.15625,1,w10s_nonoverlap,10 s / 0% overlap
CapnoBase,0105,early_fusion_identity_rawppg_kopt_fs64_eventdecoder,0,1,6,300.0,360.0,10,12,10.0,12.0,2.0,0.907723672374552,False,True,,1.0,0.0,0.0,9.959654178674352,10.078125,10.005790387955994,expert_labels,10,9,11,10.078125,1.0,1.0,0.078125,-1.0,9,1,0,1,3484.375,1.001016735728396,True,10.026041666666666,0.026041666666666,10.078125,0.078125,1,w10s_nonoverlap,10 s / 0% overlap
CapnoBase,0105,early_fusion_identity_rawppg_kopt_fs64_eventdecoder,0,1,7,360.0,420.0,10,13,10.0,13.0,3.0,0.8947515144775575,True,True,,1.0,0.0,0.0,9.962525223407322,10.078125,10.005790387955994,expert_labels,10,10,10,9.84375,0.0,0.0,0.15625,0.0,10,0,0,0,4078.125,0.090210979560879,True,9.947916666666666,0.0520833333333339,10.0,0.0,1,w10s_nonoverlap,10 s / 0% overlap
CapnoBase,0105,early_fusion_identity_rawppg_kopt_fs64_eventdecoder,0,1,8,420.0,480.0,9,14,9.0,14.0,5.0,0.905995998093308,True,True,,0.9640625,0.0,0.0,9.951050964583931,10.078125,10.003256268316507,expert_labels,9,9,9,10.078125,0.0,0.0,1.078125,0.0,9,0,0,0,3859.375,0.6224557589700653,True,9.359375,0.359375,9.0,0.0,1,w10s_nonoverlap,10 s / 0% overlap
CapnoBase,0115,early_fusion_identity_rawppg_kopt_fs64_eventdecoder,0,1,1,0.0,60.0,24,15,24.0,15.0,9.0,-0.0189352323487494,False,False,ref_artifact_label,0.95,0.05,0.0825520833333333,40.32926483110985,40.078125,40.4104183109708,expert_labels,41,15,17,7.5,26.0,24.0,33.5,-26.0,12,29,3,32,1906.25,5.008326400438906,False,,,15.0,26.0,1,w10s_nonoverlap,10 s / 0% overlap
CapnoBase,0115,early_fusion_identity_rawppg_kopt_fs64_eventdecoder,0,1,2,60.0,120.0,30,21,30.0,21.0,9.0,-0.0026678104551512,False,False,ref_artifact_label,0.9651041666666668,0.0348958333333333,0.1096354166666666,37.96900053447354,38.4375,37.94674718638485,expert_labels,37,24,21,38.4375,13.0,16.0,1.4375,-13.0,20,17,4,21,4234.375,9.322980679482288,False,,,24.0,13.0,1,w10s_nonoverlap,10 s / 0% overlap
CapnoBase,0115,early_fusion_identity_rawppg_kopt_fs64_eventdecoder,0,1,3,120.0,180.0,27,16,27.0,16.0,11.0,-0.047647882806338,False,True,,1.0,0.0,0.0682291666666666,39.86159169550173,40.078125,39.8191970220686,expert_labels,40,16,17,8.203125,24.0,23.0,31.796875,-24.0,15,25,1,26,2843.75,4.8162272498165,False,,,16.0,24.0,1,w10s_nonoverlap,10 s / 0% overlap
CapnoBase,0115,early_fusion_identity_rawppg_kopt_fs64_eventdecoder,0,1,4,180.0,240.0,26,16,26.0,16.0,10.0,-0.1621770931764214,False,True,,1.0,0.0,0.0,41.36816590358201,40.78125,41.37713534822601,expert_labels,42,16,13,16.171875,26.0,29.0,25.828125,-26.0,12,30,4,34,1609.375,1.7837382109514652,True,15.057291666666666,26.942708333333336,16.0,26.0,1,w10s_nonoverlap,10 s / 0% overlap
CapnoBase,0115,early_fusion_identity_rawppg_kopt_fs64_eventdecoder,0,1,5,240.0,300.0,23,14,23.0,14.0,9.0,-0.1816602156042357,False,True,,1.0,0.0,0.0,41.02564102564103,40.78125,41.04756814537681,expert_labels,41,15,13,13.125,26.0,28.0,27.875,-26.0,9,32,6,38,1156.25,1.1203608049790628,True,13.708333333333334,27.291666666666664,13.125,27.875,1,w10s_nonoverlap,10 s / 0% overlap
CapnoBase,0115,early_fusion_identity_rawppg_kopt_fs64_eventdecoder,0,1,6,300.0,360.0,24,15,24.0,15.0,9.0,-0.0344431503288628,False,True,,1.0,0.0,0.0,39.31740614334471,34.921875,39.173154362416106,expert_labels,39,13,12,4.6875,26.0,27.0,34.3125,-26.0,11,28,2,30,1562.5,4.538177176282713,False,,,12.0,27.0,1,w10s_nonoverlap,10 s / 0% overlap
CapnoBase,0115,early_fusion_identity_rawppg_kopt_fs64_eventdecoder,0,2,1,390.0,450.0,24,18,24.0,18.0,6.0,-0.1719919384317915,False,True,,1.0,0.0,0.0125,41.19066773934031,40.546875,41.23489932885906,expert_labels,41,17,14,6.09375,24.0,27.0,34.90625,-24.0,13,28,4,32,2687.5,5.634049433651904,False,,,14.0,27.0,1,w10s_nonoverlap,10 s / 0% overlap
CapnoBase,0121,early_fusion_identity_rawppg_kopt_fs64_eventdecoder,0,1,1,0.0,60.0,9,13,9.0,13.0,4.0,0.746676287419163,False,True,,0.94453125,0.0,0.0,8.9877121123464,8.90625,9.008797653958943,expert_labels,9,9,11,8.90625,0.0,2.0,0.09375,0.0,8,1,1,2,3375.0,1.182693122003055,True,9.635416666666666,0.6354166666666661,9.0,0.0,1,w10s_nonoverlap,10 s / 0% overlap
CapnoBase,0121,early_fusion_identity_rawppg_kopt_fs64_eventdecoder,0,1,2,60.0,120.0,9,13,9.0,13.0,4.0,0.3652969981992764,False,True,,1.0,0.0,0.0,9.541689674213142,8.90625,9.006156552330696,expert_labels,9,8,8,4.921875,1.0,1.0,4.078125,-1.0,6,3,2,5,1562.5,1.777156297349317,True,6.973958333333333,2.026041666666667,8.0,1.0,1,w10s_nonoverlap,10 s / 0% overlap
CapnoBase,0121,early_fusion_identity_rawppg_kopt_fs64_eventdecoder,0,1,3,120.0,180.0,9,12,9.0,12.0,3.0,0.8353574678849471,True,True,,1.0,0.0,0.0,9.539056030913608,8.90625,9.006156552330696,expert_labels,9,9,9,9.375,0.0,0.0,0.375,0.0,8,1,1,2,2812.5,0.2165063509461096,True,9.125,0.125,9.0,0.0,1,w10s_nonoverlap,10 s / 0% overlap
CapnoBase,0121,early_fusion_identity_rawppg_kopt_fs64_eventdecoder,0,1,4,180.0,240.0,9,14,9.0,14.0,5.0,0.351274400417368,False,True,,1.0,0.0,0.0,9.541689674213142,8.90625,9.008797653958943,expert_labels,9,8,8,5.15625,1.0,1.0,3.84375,-1.0,4,5,4,9,2625.0,1.6418398280079982,True,7.052083333333333,1.947916666666667,8.0,1.0,1,w10s_nonoverlap,10 s / 0% overlap
CapnoBase,0121,early_fusion_identity_rawppg_kopt_fs64_eventdecoder,0,1,5,240.0,300.0,9,13,9.0,13.0,4.0,0.5859804606540506,False,True,,1.0,0.0,0.0,9.536423841059602,8.90625,9.006156552330696,expert_labels,9,10,9,9.140625,1.0,0.0,0.140625,1.0,8,1,2,3,5375.0,0.541341047961757,True,9.380208333333334,0.3802083333333339,9.140625,0.140625,1,w10s_nonoverlap,10 s / 0% overlap
CapnoBase,0121,early_fusion_identity_rawppg_kopt_fs64_eventdecoder,0,1,6,300.0,360.0,9,11,9.0,11.0,2.0,0.7310114324796829,False,True,,1.0,0.0,0.0,9.536423841059602,8.90625,9.003516998827667,expert_labels,9,8,8,8.90625,1.0,1.0,0.09375,-1.0,7,2,1,3,4343.75,0.5232236814530983,True,8.302083333333334,0.6979166666666661,8.0,1.0,1,w10s_nonoverlap,10 s / 0% overlap
CapnoBase,0121,early_fusion_identity_rawppg_kopt_fs64_eventdecoder,0,1,7,360.0,420.0,9,11,9.0,11.0,2.0,0.7019492257443385,False,True,,1.0,0.0,0.0,9.541689674213142,8.90625,9.003516998827667,expert_labels,9,9,9,9.140625,0.0,0.0,0.140625,0.0,7,2,2,4,3500.0,0.0811898816047911,True,9.046875,0.046875,9.0,0.0,1,w10s_nonoverlap,10 s / 0% overlap
CapnoBase,0121,early_fusion_identity_rawppg_kopt_fs64_eventdecoder,0,1,8,420.0,480.0,9,11,9.0,11.0,2.0,0.7742987578918622,False,True,,1.0,0.0,0.0,9.615023474178404,8.90625,9.003516998827667,expert_labels,9,9,9,9.140625,0.0,0.0,0.140625,0.0,9,0,0,0,3250.0,0.0811898816047911,True,9.046875,0.046875,9.0,0.0,1,w10s_nonoverlap,10 s / 0% overlap
CapnoBase,0122,early_fusion_identity_rawppg_kopt_fs64_eventdecoder,0,1,1,0.0,60.0,9,13,9.0,13.0,4.0,0.9326871968671028,True,True,,1.0,0.0,0.0,8.643781654473832,8.90625,9.003516998827667,expert_labels,9,9,9,9.140625,0.0,0.0,0.140625,0.0,9,0,0,0,3984.375,0.0811898816047911,True,9.046875,0.046875,9.0,0.0,1,w10s_nonoverlap,10 s / 0% overlap
CapnoBase,0122,early_fusion_identity_rawppg_kopt_fs64_eventdecoder,0,1,2,60.0,120.0,9,14,9.0,14.0,5.0,0.945507432204194,True,True,,1.0,0.0,0.0,9.008797653958943,8.90625,9.006156552330696,expert_labels,9,9,9,8.90625,0.0,0.0,0.09375,0.0,9,0,0,0,2750.0,0.0541265877365274,True,8.96875,0.03125,9.0,0.0,1,w10s_nonoverlap,10 s / 0% overlap
CapnoBase,0122,early_fusion_identity_rawppg_kopt_fs64_eventdecoder,0,1,3,120.0,180.0,9,13,9.0,13.0,4.0,0.947633266404892,True,True,,1.0,0.0,0.0,9.006156552330696,8.90625,9.006156552330696,expert_labels,9,9,9,9.140625,0.0,0.0,0.140625,0.0,9,0,0,0,2531.25,0.0811898816047911,True,9.046875,0.046875,9.0,0.0,1,w10s_nonoverlap,10 s / 0% overlap
CapnoBase,0122,early_fusion_identity_rawppg_kopt_fs64_eventdecoder,0,1,4,180.0,240.0,9,13,9.0,13.0,4.0,0.9438328647911192,True,True,,1.0,0.0,0.0,9.006156552330696,8.90625,9.008797653958943,expert_labels,9,9,9,8.90625,0.0,0.0,0.09375,0.0,9,0,0,0,3265.625,0.0541265877365274,True,8.96875,0.03125,9.0,0.0,1,w10s_nonoverlap,10 s / 0% overlap
CapnoBase,0122,early_fusion_identity_rawppg_kopt_fs64_eventdecoder,0,1,5,240.0,300.0,9,10,9.0,10.0,1.0,0.9481814043241572,False,True,,1.0,0.0,0.0,9.003516998827667,8.90625,9.00087899208907,expert_labels,9,9,9,8.90625,0.0,0.0,0.09375,0.0,9,0,0,0,4078.125,0.0541265877365274,True,8.96875,0.03125,9.0,0.0,1,w10s_nonoverlap,10 s / 0% overlap
CapnoBase,0122,early_fusion_identity_rawppg_kopt_fs64_eventdecoder,0,1,6,300.0,360.0,9,12,9.0,12.0,3.0,0.9379609924289948,True,True,,1.0,0.0,0.0,9.003516998827667,8.90625,9.00087899208907,expert_labels,9,9,9,8.90625,0.0,0.0,0.09375,0.0,9,0,0,0,4484.375,0.0541265877365274,True,8.96875,0.03125,9.0,0.0,1,w10s_nonoverlap,10 s / 0% overlap
CapnoBase,0122,early_fusion_identity_rawppg_kopt_fs64_eventdecoder,0,1,7,360.0,420.0,9,11,9.0,11.0,2.0,0.9514612523373124,False,True,,1.0,0.0,0.0,9.008797653958943,8.90625,9.006156552330696,expert_labels,9,9,9,8.90625,0.0,0.0,0.09375,0.0,9,0,0,0,4609.375,0.0541265877365274,True,8.96875,0.03125,9.0,0.0,1,w10s_nonoverlap,10 s / 0% overlap
CapnoBase,0122,early_fusion_identity_rawppg_kopt_fs64_eventdecoder,0,1,8,420.0,480.0,9,11,9.0,11.0,2.0,0.5724555067043391,False,True,,0.94453125,0.0,0.0,9.434889434889437,8.90625,9.006156552330696,expert_labels,9,9,10,8.4375,0.0,1.0,0.5625,0.0,5,4,4,8,2000.0,0.7913924963842741,True,9.145833333333334,0.1458333333333339,9.0,0.0,1,w10s_nonoverlap,10 s / 0% overlap
CapnoBase,0123,early_fusion_identity_rawppg_kopt_fs64_eventdecoder,0,1,1,0.0,60.0,11,15,11.0,15.0,4.0,0.8772831160654009,True,True,,1.0,0.0,0.0,11.002865329512892,11.015625,10.999713549126325,expert_labels,11,11,13,11.015625,0.0,2.0,0.015625,0.0,11,0,0,0,2640.625,1.150216521736234,True,11.671875,0.671875,11.015625,0.015625,1,w10s_nonoverlap,10 s / 0% overlap
CapnoBase,0123,early_fusion_identity_rawppg_kopt_fs64_eventdecoder,0,1,2,60.0,120.0,11,13,11.0,13.0,2.0,0.9054037183051252,False,True,,1.0,0.0,0.0,10.996563573883162,11.015625,11.009174311926603,expert_labels,11,11,12,11.015625,0.0,1.0,0.015625,0.0,11,0,0,0,6328.125,0.5728929919350849,True,11.338541666666666,0.3385416666666661,11.015625,0.015625,1,w10s_nonoverlap,10 s / 0% overlap
CapnoBase,0123,early_fusion_identity_rawppg_kopt_fs64_eventdecoder,0,1,3,120.0,180.0,11,21,11.0,21.0,10.0,0.8163937933550061,True,True,,1.0,0.0,0.0,11.002865329512892,11.015625,11.006018916595014,expert_labels,11,12,14,11.015625,1.0,3.0,0.015625,1.0,11,0,1,1,7031.25,1.5207173899868225,True,12.338541666666666,1.338541666666666,12.0,1.0,1,w10s_nonoverlap,10 s / 0% overlap
CapnoBase,0123,early_fusion_identity_rawppg_kopt_fs64_eventdecoder,0,1,4,180.0,240.0,11,14,11.0,14.0,3.0,0.8345288273058369,True,False,ref_artifact_label,0.7971354166666667,0.2028645833333333,0.0947916666666666,11.287477954144622,11.25,11.310751104565538,expert_labels,11,14,15,11.25,3.0,4.0,0.25,3.0,11,0,3,3,3734.375,1.9418633662885072,True,13.416666666666666,2.416666666666666,14.0,3.0,1,w10s_nonoverlap,10 s / 0% overlap
CapnoBase,0123,early_fusion_identity_rawppg_kopt_fs64_eventdecoder,0,1,5,240.0,300.0,11,11,11.0,11.0,0.0,0.8470623798870924,False,True,,1.0,0.0,0.0,11.006018916595014,11.015625,11.009174311926603,expert_labels,11,13,11,11.015625,2.0,0.0,0.015625,2.0,11,0,2,2,7312.5,1.150216521736234,True,11.671875,0.671875,11.015625,0.015625,1,w10s_nonoverlap,10 s / 0% overlap
CapnoBase,0123,early_fusion_identity_rawppg_kopt_fs64_eventdecoder,0,1,6,300.0,360.0,11,19,11.0,19.0,8.0,0.8044421059526861,True,True,,1.0,0.0,0.0,10.996563573883162,11.015625,10.990269032627362,expert_labels,11,12,14,11.015625,1.0,3.0,0.015625,1.0,11,0,1,1,4796.875,1.5207173899868225,True,12.338541666666666,1.338541666666666,12.0,1.0,1,w10s_nonoverlap,10 s / 0% overlap
CapnoBase,0123,early_fusion_identity_rawppg_kopt_fs64_eventdecoder,0,1,7,360.0,420.0,11,14,11.0,14.0,3.0,0.8593956726346983,True,True,,1.0,0.0,0.0,11.002865329512892,11.015625,11.006018916595014,expert_labels,11,11,12,11.015625,0.0,1.0,0.015625,0.0,11,0,0,0,2953.125,0.5728929919350849,True,11.338541666666666,0.3385416666666661,11.015625,0.015625,1,w10s_nonoverlap,10 s / 0% overlap
CapnoBase,0123,early_fusion_identity_rawppg_kopt_fs64_eventdecoder,0,1,8,420.0,480.0,11,14,11.0,14.0,3.0,0.8661278828928585,True,True,,0.9721354166666668,0.0,0.0,11.347517730496454,11.015625,11.002865329512892,expert_labels,11,11,12,11.015625,0.0,1.0,0.015625,0.0,11,0,0,0,4328.125,0.5728929919350849,True,11.338541666666666,0.3385416666666661,11.015625,0.015625,1,w10s_nonoverlap,10 s / 0% overlap
CapnoBase,0125,early_fusion_identity_rawppg_kopt_fs64_eventdecoder,0,1,1,0.0,60.0,15,15,15.0,15.0,0.0,0.964606287029356,False,True,,1.0,0.0,0.0,15.161884706501713,15.46875,15.212224108658743,expert_labels,15,15,15,15.46875,0.0,0.0,0.46875,0.0,15,0,0,0,2343.75,0.2706329386826371,True,15.15625,0.15625,15.0,0.0,1,w10s_nonoverlap,10 s / 0% overlap
CapnoBase,0125,early_fusion_identity_rawppg_kopt_fs64_eventdecoder,0,1,2,60.0,120.0,14,14,14.0,14.0,0.0,0.976258947852011,False,True,,1.0,0.0,0.0,14.382022471910112,14.296875,14.451612903225806,expert_labels,15,15,15,14.296875,0.0,0.0,0.703125,0.0,15,0,0,0,2781.25,0.4059494080239556,True,14.765625,0.234375,15.0,0.0,1,w10s_nonoverlap,10 s / 0% overlap
CapnoBase,0125,early_fusion_identity_rawppg_kopt_fs64_eventdecoder,0,1,3,120.0,180.0,15,15,15.0,15.0,0.0,0.983501542253682,False,True,,1.0,0.0,0.0,14.664484451718495,14.296875,14.311926605504588,expert_labels,14,14,14,14.296875,0.0,0.0,0.296875,0.0,14,0,0,0,1843.75,0.1714008611656701,True,14.098958333333334,0.0989583333333339,14.0,0.0,1,w10s_nonoverlap,10 s / 0% overlap
CapnoBase,0125,early_fusion_identity_rawppg_kopt_fs64_eventdecoder,0,1,4,180.0,240.0,14,14,14.0,14.0,0.0,0.9831719701794656,False,True,,1.0,0.0,0.0,14.366648850881882,14.53125,14.39446366782007,expert_labels,14,14,14,14.296875,0.0,0.0,0.296875,0.0,14,0,0,0,2156.25,0.1714008611656701,True,14.098958333333334,0.0989583333333339,14.0,0.0,1,w10s_nonoverlap,10 s / 0% overlap
CapnoBase,0125,early_fusion_identity_rawppg_kopt_fs64_eventdecoder,0,1,5,240.0,300.0,14,14,14.0,14.0,0.0,0.9634592869651444,False,True,,1.0,0.0,0.0,14.197952218430034,14.0625,14.229751191106407,expert_labels,15,15,15,14.0625,0.0,0.0,0.9375,0.0,15,0,0,0,3234.375,0.5412658773652742,True,14.6875,0.3125,15.0,0.0,1,w10s_nonoverlap,10 s / 0% overlap
CapnoBase,0125,early_fusion_identity_rawppg_kopt_fs64_eventdecoder,0,1,6,300.0,360.0,15,15,15.0,15.0,0.0,0.985854156086916,False,True,,1.0,0.0,0.0,14.879601439247164,14.53125,14.545454545454543,expert_labels,14,14,14,14.53125,0.0,0.0,0.53125,0.0,14,0,0,0,1671.875,0.3067173305069887,True,14.177083333333334,0.1770833333333339,14.0,0.0,1,w10s_nonoverlap,10 s / 0% overlap
CapnoBase,0125,early_fusion_identity_rawppg_kopt_fs64_eventdecoder,0,1,7,360.0,420.0,14,14,14.0,14.0,0.0,0.9835638571411198,False,True,,1.0,0.0,0.0,14.229751191106407,14.296875,14.173764906303235,expert_labels,14,14,14,14.296875,0.0,0.0,0.296875,0.0,14,0,0,0,1984.375,0.1714008611656701,True,14.098958333333334,0.0989583333333339,14.0,0.0,1,w10s_nonoverlap,10 s / 0% overlap
CapnoBase,0125,early_fusion_identity_rawppg_kopt_fs64_eventdecoder,0,1,8,420.0,480.0,14,14,14.0,14.0,0.0,0.9871540982504838,False,True,,0.9963541666666668,0.0,0.0,14.06989853438557,14.0625,14.238448374215633,expert_labels,14,14,14,14.296875,0.0,0.0,0.296875,0.0,14,0,0,0,1812.5,0.1714008611656701,True,14.098958333333334,0.0989583333333339,14.0,0.0,1,w10s_nonoverlap,10 s / 0% overlap
CapnoBase,0127,early_fusion_identity_rawppg_kopt_fs64_eventdecoder,0,1,1,0.0,60.0,19,18,19.0,18.0,1.0,0.7976859952583837,False,True,,1.0,0.0,0.0,18.80304678998912,19.21875,18.736785036595283,expert_labels,19,18,18,19.21875,1.0,1.0,0.21875,-1.0,17,2,1,3,5156.25,0.7036456405748563,True,18.40625,0.59375,18.0,1.0,1,w10s_nonoverlap,10 s / 0% overlap
CapnoBase,0127,early_fusion_identity_rawppg_kopt_fs64_eventdecoder,0,1,2,60.0,120.0,17,17,17.0,17.0,0.0,0.902946744783672,False,True,,1.0,0.0,0.03671875,17.619433198380566,17.578125,17.595687331536386,expert_labels,18,18,17,17.578125,0.0,1.0,0.421875,0.0,18,0,0,0,3375.0,0.5020303827542048,True,17.526041666666668,0.4739583333333321,17.578125,0.421875,1,w10s_nonoverlap,10 s / 0% overlap
CapnoBase,0127,early_fusion_identity_rawppg_kopt_fs64_eventdecoder,0,1,3,120.0,180.0,18,18,18.0,18.0,0.0,0.8925467888289715,False,True,,1.0,0.0,0.0,17.855579868708972,17.34375,17.793223284100783,expert_labels,17,17,17,17.578125,0.0,0.0,0.578125,0.0,16,1,1,2,2796.875,0.3337806243752524,True,17.192708333333332,0.1927083333333321,17.0,0.0,1,w10s_nonoverlap,10 s / 0% overlap
CapnoBase,0127,early_fusion_identity_rawppg_kopt_fs64_eventdecoder,0,1,4,180.0,240.0,18,19,18.0,19.0,1.0,0.8640085273987741,False,True,,1.0,0.0,0.0,18.592993449159785,18.515625,18.50602409638554,expert_labels,19,19,18,18.515625,0.0,1.0,0.484375,0.0,19,0,0,0,3265.625,0.5000813735866727,True,18.50520833333333,0.4947916666666678,18.515625,0.484375,1,w10s_nonoverlap,10 s / 0% overlap
CapnoBase,0127,early_fusion_identity_rawppg_kopt_fs64_eventdecoder,0,1,5,240.0,300.0,18,19,18.0,19.0,1.0,0.8168942057219282,False,True,,1.0,0.0,0.0,18.094240837696333,18.046875,18.05309734513274,expert_labels,18,19,18,18.046875,1.0,0.0,0.046875,1.0,18,0,1,1,4437.5,0.5643055512825772,True,18.34895833333333,0.3489583333333321,18.046875,0.046875,1,w10s_nonoverlap,10 s / 0% overlap
CapnoBase,0127,early_fusion_identity_rawppg_kopt_fs64_eventdecoder,0,1,6,300.0,360.0,18,18,18.0,18.0,0.0,0.8560145987255705,False,True,,1.0,0.0,0.0,18.03813208068528,17.578125,17.909465020576132,expert_labels,18,18,17,17.578125,0.0,1.0,0.421875,0.0,18,0,0,0,3968.75,0.5020303827542048,True,17.526041666666668,0.4739583333333321,17.578125,0.421875,1,w10s_nonoverlap,10 s / 0% overlap
CapnoBase,0127,early_fusion_identity_rawppg_kopt_fs64_eventdecoder,0,1,7,360.0,420.0,17,17,17.0,17.0,0.0,0.8683382845547097,False,True,,1.0,0.0,0.0,17.47323340471092,17.8125,17.519247219846022,expert_labels,17,17,16,17.8125,0.0,1.0,0.8125,0.0,17,0,0,0,3625.0,0.9078649403958718,True,16.9375,0.0625,17.0,0.0,1,w10s_nonoverlap,10 s / 0% overlap
CapnoBase,0127,early_fusion_identity_rawppg_kopt_fs64_eventdecoder,0,1,8,420.0,480.0,17,17,17.0,17.0,0.0,0.8807626517383522,False,True,,0.99921875,0.0,0.0,17.000553403431102,16.640625,16.92095841366015,expert_labels,17,17,17,16.640625,0.0,0.0,0.359375,0.0,17,0,0,0,3921.875,0.2074852529900217,True,16.880208333333332,0.1197916666666678,17.0,0.0,1,w10s_nonoverlap,10 s / 0% overlap
CapnoBase,0128,early_fusion_identity_rawppg_kopt_fs64_eventdecoder,0,1,1,0.0,60.0,11,12,11.0,12.0,1.0,0.9133197034778512,False,True,,1.0,0.0,0.0,11.766016713091922,11.71875,11.898591549295771,expert_labels,12,11,12,11.71875,1.0,0.0,0.28125,-1.0,11,1,0,1,3046.875,0.5157039081036068,True,11.572916666666666,0.4270833333333339,11.71875,0.28125,1,w10s_nonoverlap,10 s / 0% overlap
CapnoBase,0128,early_fusion_identity_rawppg_kopt_fs64_eventdecoder,0,1,2,60.0,120.0,12,12,12.0,12.0,0.0,0.9690150033747392,False,True,,1.0,0.0,0.0,12.849972113775795,13.125,12.835654596100278,expert_labels,13,13,12,13.125,0.0,1.0,0.125,0.0,13,0,0,0,2171.875,0.6166103577895309,True,12.708333333333334,0.2916666666666661,13.0,0.0,1,w10s_nonoverlap,10 s / 0% overlap
CapnoBase,0128,early_fusion_identity_rawppg_kopt_fs64_eventdecoder,0,1,3,120.0,180.0,12,12,12.0,12.0,0.0,0.9461001190047388,False,True,,1.0,0.0,0.0,12.037617554858937,11.71875,11.632838533777642,expert_labels,11,11,12,11.71875,0.0,1.0,0.71875,0.0,11,0,0,0,2234.375,0.5157039081036068,True,11.572916666666666,0.5729166666666661,11.71875,0.71875,1,w10s_nonoverlap,10 s / 0% overlap
CapnoBase,0128,early_fusion_identity_rawppg_kopt_fs64_eventdecoder,0,1,4,180.0,240.0,11,13,11.0,13.0,2.0,0.955080400080838,False,True,,1.0,0.0,0.0,11.697590695098311,11.953125,11.749652294853965,expert_labels,12,12,13,11.953125,0.0,1.0,0.046875,0.0,12,0,0,0,3015.625,0.5913465610015275,True,12.317708333333334,0.3177083333333339,12.0,0.0,1,w10s_nonoverlap,10 s / 0% overlap
CapnoBase,0128,early_fusion_identity_rawppg_kopt_fs64_eventdecoder,0,1,5,240.0,300.0,11,12,11.0,12.0,1.0,0.9302522627128528,False,True,,1.0,0.0,0.0,11.649200220628792,11.484375,11.483253588516748,expert_labels,11,10,11,11.484375,1.0,0.0,0.484375,-1.0,10,1,0,1,2156.25,0.7569663446118328,True,10.828125,0.171875,11.0,0.0,1,w10s_nonoverlap,10 s / 0% overlap
CapnoBase,0128,early_fusion_identity_rawppg_kopt_fs64_eventdecoder,0,1,6,300.0,360.0,13,12,13.0,12.0,1.0,0.976416557275682,False,True,,1.0,0.0,0.0,12.81067556296914,12.65625,12.383767804353669,expert_labels,13,13,13,12.65625,0.0,0.0,0.34375,0.0,13,0,0,0,2203.125,0.1984641550339338,True,12.885416666666666,0.1145833333333339,13.0,0.0,1,w10s_nonoverlap,10 s / 0% overlap
CapnoBase,0128,early_fusion_identity_rawppg_kopt_fs64_eventdecoder,0,1,7,360.0,420.0,12,12,12.0,12.0,0.0,0.9789222835419108,False,True,,1.0,0.0,0.0,12.65934065934066,12.65625,12.59016393442623,expert_labels,12,12,12,12.65625,0.0,0.0,0.65625,0.0,12,0,0,0,1890.625,0.3788861141556919,True,12.21875,0.21875,12.0,0.0,1,w10s_nonoverlap,10 s / 0% overlap
CapnoBase,0128,early_fusion_identity_rawppg_kopt_fs64_eventdecoder,0,1,8,420.0,480.0,14,14,14.0,14.0,0.0,0.9532830677677946,False,True,,0.9997395833333332,0.0,0.0,13.82825484764543,13.359375,13.535791757049893,expert_labels,14,14,14,13.359375,0.0,0.0,0.640625,0.0,14,0,0,0,3250.0,0.369865016199604,True,13.786458333333334,0.213541666666666,14.0,0.0,1,w10s_nonoverlap,10 s / 0% overlap
CapnoBase,0133,early_fusion_identity_rawppg_kopt_fs64_eventdecoder,0,1,1,0.0,60.0,11,11,11.0,11.0,0.0,0.9289608654441832,False,True,,1.0,0.0,0.0,10.830460670636164,11.015625,10.77642656688494,expert_labels,10,10,10,10.78125,0.0,0.0,0.78125,0.0,10,0,0,0,2281.25,0.4510548978043951,True,10.260416666666666,0.2604166666666661,10.0,0.0,1,w10s_nonoverlap,10 s / 0% overlap
CapnoBase,0133,early_fusion_identity_rawppg_kopt_fs64_eventdecoder,0,1,2,60.0,120.0,10,11,10.0,11.0,1.0,0.9395830307114974,False,True,,1.0,0.0,0.0,10.899801305705363,9.609375,9.815393354160747,expert_labels,10,10,10,9.609375,0.0,0.0,0.390625,0.0,10,0,0,0,1265.625,0.2255274489021975,True,9.869791666666666,0.1302083333333339,10.0,0.0,1,w10s_nonoverlap,10 s / 0% overlap
CapnoBase,0133,early_fusion_identity_rawppg_kopt_fs64_eventdecoder,0,1,3,120.0,180.0,9,11,9.0,11.0,2.0,0.9116225632147656,False,True,,1.0,0.0,0.0,9.3531799729364,9.140625,9.357295156868718,expert_labels,9,9,10,9.375,0.0,1.0,0.375,0.0,9,0,0,0,1671.875,0.5051814855409226,True,9.458333333333334,0.4583333333333339,9.375,0.375,1,w10s_nonoverlap,10 s / 0% overlap
CapnoBase,0133,early_fusion_identity_rawppg_kopt_fs64_eventdecoder,0,1,4,180.0,240.0,10,11,10.0,11.0,1.0,0.9426964845168256,False,True,,1.0,0.0,0.0,10.362818590704649,10.546875,10.248198558847076,expert_labels,11,11,11,10.546875,0.0,0.0,0.453125,0.0,11,0,0,0,1484.375,0.2616118407265492,True,10.848958333333334,0.151041666666666,11.0,0.0,1,w10s_nonoverlap,10 s / 0% overlap
CapnoBase,0133,early_fusion_identity_rawppg_kopt_fs64_eventdecoder,0,1,5,240.0,300.0,11,12,11.0,12.0,1.0,0.930509853395964,False,True,,1.0,0.0,0.0,10.681502086230877,10.3125,10.173682661171622,expert_labels,10,10,10,10.3125,0.0,0.0,0.3125,0.0,10,0,0,0,1421.875,0.180421959121758,True,10.104166666666666,0.104166666666666,10.0,0.0,1,w10s_nonoverlap,10 s / 0% overlap
CapnoBase,0133,early_fusion_identity_rawppg_kopt_fs64_eventdecoder,0,1,6,300.0,360.0,9,11,9.0,11.0,2.0,0.8967909587607141,False,True,,1.0,0.0,0.0,9.602667407613223,9.375,9.602667407613223,expert_labels,10,10,11,9.375,0.0,1.0,0.625,0.0,10,0,0,0,1328.125,0.81967981553775,True,10.125,0.125,10.0,0.0,1,w10s_nonoverlap,10 s / 0% overlap
CapnoBase,0133,early_fusion_identity_rawppg_kopt_fs64_eventdecoder,0,1,7,360.0,420.0,10,12,10.0,12.0,2.0,0.9106873167878442,False,True,,1.0,0.0,0.0,10.40650406504065,10.078125,9.865125240847783,expert_labels,9,9,9,9.84375,0.0,0.0,0.84375,0.0,9,0,0,0,828.125,0.4871392896287467,True,9.28125,0.28125,9.0,0.0,1,w10s_nonoverlap,10 s / 0% overlap
CapnoBase,0133,early_fusion_identity_rawppg_kopt_fs64_eventdecoder,0,1,8,420.0,480.0,10,11,10.0,11.0,1.0,0.9089163275641028,False,True,,0.9955729166666668,0.0,0.0,10.507753116448768,9.84375,9.953917050691244,expert_labels,10,10,10,9.84375,0.0,0.0,0.15625,0.0,10,0,0,0,1281.25,0.090210979560879,True,9.947916666666666,0.0520833333333339,10.0,0.0,1,w10s_nonoverlap,10 s / 0% overlap
CapnoBase,0134,early_fusion_identity_rawppg_kopt_fs64_eventdecoder,0,1,1,0.0,60.0,14,14,14.0,14.0,0.0,0.967994161070986,False,True,,1.0,0.0,0.0,14.00280504908836,14.0625,14.006734006734009,expert_labels,14,14,14,14.0625,0.0,0.0,0.0625,0.0,14,0,0,0,2328.125,0.0360843918243516,True,14.020833333333334,0.0208333333333339,14.0,0.0,1,w10s_nonoverlap,10 s / 0% overlap
CapnoBase,0134,early_fusion_identity_rawppg_kopt_fs64_eventdecoder,0,1,2,60.0,120.0,14,14,14.0,14.0,0.0,0.9742432117139932,False,True,,1.0,0.0,0.0,14.00280504908836,14.0625,14.006734006734009,expert_labels,14,14,14,14.0625,0.0,0.0,0.0625,0.0,14,0,0,0,2296.875,0.0360843918243516,True,14.020833333333334,0.0208333333333339,14.0,0.0,1,w10s_nonoverlap,10 s / 0% overlap
CapnoBase,0134,early_fusion_identity_rawppg_kopt_fs64_eventdecoder,0,1,3,120.0,180.0,14,14,14.0,14.0,0.0,0.9690058271646464,False,True,,1.0,0.0,0.0,14.00280504908836,14.0625,14.01066516980073,expert_labels,14,13,14,14.0625,1.0,0.0,0.0625,-1.0,13,1,0,1,1734.375,0.596212000885591,True,13.6875,0.3125,14.0,0.0,1,w10s_nonoverlap,10 s / 0% overlap
CapnoBase,0134,early_fusion_identity_rawppg_kopt_fs64_eventdecoder,0,1,4,180.0,240.0,14,14,14.0,14.0,0.0,0.9756219822830402,False,True,,1.0,0.0,0.0,14.006734006734009,14.0625,14.00280504908836,expert_labels,14,13,14,14.0625,1.0,0.0,0.0625,-1.0,13,1,0,1,1578.125,0.596212000885591,True,13.6875,0.3125,14.0,0.0,1,w10s_nonoverlap,10 s / 0% overlap
CapnoBase,0134,early_fusion_identity_rawppg_kopt_fs64_eventdecoder,0,1,5,240.0,300.0,14,14,14.0,14.0,0.0,0.9706362078843956,False,True,,1.0,0.0,0.0,14.006734006734009,14.0625,14.01066516980073,expert_labels,14,14,14,14.0625,0.0,0.0,0.0625,0.0,14,0,0,0,1953.125,0.0360843918243516,True,14.020833333333334,0.0208333333333339,14.0,0.0,1,w10s_nonoverlap,10 s / 0% overlap
CapnoBase,0134,early_fusion_identity_rawppg_kopt_fs64_eventdecoder,0,1,6,300.0,360.0,14,14,14.0,14.0,0.0,0.9566894615796848,False,True,,1.0,0.0,0.0,13.998878295008412,14.0625,14.01066516980073,expert_labels,14,14,14,14.0625,0.0,0.0,0.0625,0.0,14,0,0,0,2609.375,0.0360843918243516,True,14.020833333333334,0.0208333333333339,14.0,0.0,1,w10s_nonoverlap,10 s / 0% overlap
CapnoBase,0134,early_fusion_identity_rawppg_kopt_fs64_eventdecoder,0,1,7,360.0,420.0,14,14,14.0,14.0,0.0,0.9698019632411704,False,True,,1.0,0.0,0.0,13.979277513301597,14.0625,14.006734006734009,expert_labels,14,14,14,14.0625,0.0,0.0,0.0625,0.0,14,0,0,0,2218.75,0.0360843918243516,True,14.020833333333334,0.0208333333333339,14.0,0.0,1,w10s_nonoverlap,10 s / 0% overlap
CapnoBase,0134,early_fusion_identity_rawppg_kopt_fs64_eventdecoder,0,1,8,420.0,480.0,14,14,14.0,14.0,0.0,0.9517651863337092,False,True,,0.9690104166666668,0.0,0.0,14.014598540145986,14.0625,14.006734006734009,expert_labels,14,14,14,14.0625,0.0,0.0,0.0625,0.0,14,0,0,0,2062.5,0.0360843918243516,True,14.020833333333334,0.0208333333333339,14.0,0.0,1,w10s_nonoverlap,10 s / 0% overlap
CapnoBase,0142,early_fusion_identity_rawppg_kopt_fs64_eventdecoder,0,1,1,0.0,60.0,15,15,15.0,15.0,0.0,0.4503809349489777,False,True,,1.0,0.0,0.0,15.323224261771747,15.0,15.012566322256353,expert_labels,15,15,15,7.03125,0.0,0.0,7.96875,0.0,13,2,2,4,7234.375,4.60075995760483,False,,,15.0,0.0,1,w10s_nonoverlap,10 s / 0% overlap
CapnoBase,0142,early_fusion_identity_rawppg_kopt_fs64_eventdecoder,0,1,2,60.0,120.0,15,17,15.0,17.0,2.0,0.5530472719726776,False,True,,1.0,0.0,0.0,15.298804780876496,15.0,15.008375209380237,expert_labels,15,19,18,15.46875,4.0,3.0,0.46875,4.0,12,3,7,10,7062.5,1.8201168975737063,True,17.489583333333332,2.489583333333332,18.0,3.0,1,w10s_nonoverlap,10 s / 0% overlap
CapnoBase,0142,early_fusion_identity_rawppg_kopt_fs64_eventdecoder,0,1,3,120.0,180.0,15,17,15.0,17.0,2.0,0.7605927264729542,False,True,,1.0,0.0,0.0,15.319148936170214,15.0,15.004186435947531,expert_labels,15,16,16,15.0,1.0,1.0,0.0,1.0,15,0,1,1,6921.875,0.5773502691896257,True,15.666666666666666,0.6666666666666661,16.0,1.0,1,w10s_nonoverlap,10 s / 0% overlap
CapnoBase,0142,early_fusion_identity_rawppg_kopt_fs64_eventdecoder,0,1,4,180.0,240.0,15,16,15.0,16.0,1.0,0.8148297190686242,False,True,,1.0,0.0,0.0,15.327301756253329,15.0,15.012566322256353,expert_labels,15,17,17,15.0,2.0,2.0,0.0,2.0,15,0,2,2,7890.625,1.1547005383792517,True,16.333333333333332,1.333333333333332,17.0,2.0,1,w10s_nonoverlap,10 s / 0% overlap
CapnoBase,0142,early_fusion_identity_rawppg_kopt_fs64_eventdecoder,0,1,5,240.0,300.0,15,16,15.0,16.0,1.0,0.8381380196674628,False,True,,1.0,0.0,0.0,15.33138142134682,15.0,15.008375209380237,expert_labels,15,15,17,15.0,0.0,2.0,0.0,0.0,13,2,2,4,5500.0,1.1547005383792517,True,15.666666666666666,0.6666666666666661,15.0,0.0,1,w10s_nonoverlap,10 s / 0% overlap
CapnoBase,0142,early_fusion_identity_rawppg_kopt_fs64_eventdecoder,0,1,6,300.0,360.0,15,16,15.0,16.0,1.0,0.7438063021818078,False,True,,1.0,0.0,0.0138020833333333,15.33138142134682,15.0,15.004186435947531,expert_labels,15,15,15,15.0,0.0,0.0,0.0,0.0,13,2,2,4,5234.375,0.0,True,15.0,0.0,15.0,0.0,1,w10s_nonoverlap,10 s / 0% overlap
CapnoBase,0142,early_fusion_identity_rawppg_kopt_fs64_eventdecoder,0,1,7,360.0,420.0,15,15,15.0,15.0,0.0,0.8726213352137628,False,True,,1.0,0.0,0.0,15.323224261771747,15.0,15.008375209380237,expert_labels,15,15,15,15.0,0.0,0.0,0.0,0.0,14,1,1,2,6437.5,0.0,True,15.0,0.0,15.0,0.0,1,w10s_nonoverlap,10 s / 0% overlap
CapnoBase,0142,early_fusion_identity_rawppg_kopt_fs64_eventdecoder,0,1,8,420.0,480.0,14,16,14.0,16.0,2.0,0.6666109324817919,False,True,,0.965625,0.0,0.0,14.958263772954924,15.0,15.009019843656043,expert_labels,14,16,15,15.234375,2.0,1.0,1.234375,2.0,13,1,3,4,7250.0,0.5229903251574863,True,15.411458333333334,1.411458333333334,15.234375,1.234375,1,w10s_nonoverlap,10 s / 0% overlap
CapnoBase,0147,early_fusion_identity_rawppg_kopt_fs64_eventdecoder,0,1,1,0.0,60.0,11,12,11.0,12.0,1.0,0.8785431779014529,False,True,,1.0,0.0,0.0,10.714285714285715,11.015625,11.002865329512892,expert_labels,11,11,11,11.015625,0.0,0.0,0.015625,0.0,11,0,0,0,4984.375,0.0090210979560879,True,11.005208333333334,0.0052083333333339,11.0,0.0,1,w10s_nonoverlap,10 s / 0% overlap
CapnoBase,0147,early_fusion_identity_rawppg_kopt_fs64_eventdecoder,0,1,2,60.0,120.0,11,11,11.0,11.0,0.0,0.9538349435548796,False,False,ref_artifact_label,0.978125,0.021875,0.0,10.993415402233037,11.015625,11.002865329512892,expert_labels,11,11,11,11.015625,0.0,0.0,0.015625,0.0,11,0,0,0,2562.5,0.0090210979560879,True,11.005208333333334,0.0052083333333339,11.0,0.0,1,w10s_nonoverlap,10 s / 0% overlap
CapnoBase,0147,early_fusion_identity_rawppg_kopt_fs64_eventdecoder,0,1,3,120.0,180.0,11,12,11.0,12.0,1.0,0.8659235153903311,False,False,ref_artifact_label,0.9604166666666668,0.0395833333333333,0.0,11.009174311926603,11.015625,11.002865329512892,expert_labels,11,11,11,11.015625,0.0,0.0,0.015625,0.0,11,0,0,0,4328.125,0.0090210979560879,True,11.005208333333334,0.0052083333333339,11.0,0.0,1,w10s_nonoverlap,10 s / 0% overlap
CapnoBase,0147,early_fusion_identity_rawppg_kopt_fs64_eventdecoder,0,1,4,180.0,240.0,11,11,11.0,11.0,0.0,0.928326417287371,False,True,,1.0,0.0,0.0,11.009174311926603,11.015625,11.002865329512892,expert_labels,11,11,11,11.015625,0.0,0.0,0.015625,0.0,11,0,0,0,4359.375,0.0090210979560879,True,11.005208333333334,0.0052083333333339,11.0,0.0,1,w10s_nonoverlap,10 s / 0% overlap
CapnoBase,0147,early_fusion_identity_rawppg_kopt_fs64_eventdecoder,0,2,1,250.0,310.0,11,17,11.0,17.0,6.0,0.7220800317552272,False,False,ref_artifact_label,0.9854166666666668,0.0145833333333333,0.0627604166666666,11.270010672358593,11.015625,11.009174311926603,expert_labels,11,10,12,11.015625,1.0,1.0,0.015625,-1.0,10,1,0,1,3265.625,1.000040689276358,True,11.005208333333334,0.0052083333333339,11.015625,0.015625,1,w10s_nonoverlap,10 s / 0% overlap
CapnoBase,0147,early_fusion_identity_rawppg_kopt_fs64_eventdecoder,0,2,2,310.0,370.0,11,12,11.0,12.0,1.0,0.8996123772619111,False,False,ref_artifact_label,0.9651041666666668,0.0348958333333333,0.0,11.270010672358593,11.015625,11.006018916595014,expert_labels,11,11,11,11.015625,0.0,0.0,0.015625,0.0,11,0,0,0,3546.875,0.0090210979560879,True,11.005208333333334,0.0052083333333339,11.0,0.0,1,w10s_nonoverlap,10 s / 0% overlap
CapnoBase,0147,early_fusion_identity_rawppg_kopt_fs64_eventdecoder,0,2,3,370.0,430.0,11,12,11.0,12.0,1.0,0.9082073573584792,False,False,ref_artifact_label,0.9286458333333332,0.0713541666666666,0.0,11.270010672358593,11.015625,10.999713549126325,expert_labels,11,11,11,11.015625,0.0,0.0,0.015625,0.0,11,0,0,0,3531.25,0.0090210979560879,True,11.005208333333334,0.0052083333333339,11.0,0.0,1,w10s_nonoverlap,10 s / 0% overlap
CapnoBase,0148,early_fusion_identity_rawppg_kopt_fs64_eventdecoder,0,1,1,0.0,60.0,10,12,10.0,12.0,2.0,0.6123965516610015,False,True,,0.9536458333333332,0.0,0.0,10.055280768111723,10.078125,10.005790387955994,expert_labels,10,11,10,10.078125,1.0,0.0,0.078125,1.0,9,1,3,4,5421.875,0.5561709915799277,True,10.359375,0.359375,10.078125,0.078125,1,w10s_nonoverlap,10 s / 0% overlap
CapnoBase,0148,early_fusion_identity_rawppg_kopt_fs64_eventdecoder,0,1,2,60.0,120.0,10,16,10.0,16.0,6.0,0.4583636703621352,False,True,,1.0,0.0,0.0,10.005790387955994,10.078125,10.005790387955994,expert_labels,10,11,13,7.03125,1.0,3.0,2.96875,1.0,7,3,4,7,4093.75,3.0380079307829333,True,10.34375,0.34375,11.0,1.0,1,w10s_nonoverlap,10 s / 0% overlap
CapnoBase,0148,early_fusion_identity_rawppg_kopt_fs64_eventdecoder,0,1,3,120.0,180.0,10,11,10.0,11.0,1.0,0.7560628248965091,False,True,,1.0,0.0,0.0,10.002894356005788,10.078125,10.002894356005788,expert_labels,10,10,10,10.3125,0.0,0.0,0.3125,0.0,8,2,2,4,5609.375,0.180421959121758,True,10.104166666666666,0.104166666666666,10.0,0.0,1,w10s_nonoverlap,10 s / 0% overlap
CapnoBase,0148,early_fusion_identity_rawppg_kopt_fs64_eventdecoder,0,1,4,180.0,240.0,10,11,10.0,11.0,1.0,0.8185992189943,False,True,,1.0,0.0,0.0,10.005790387955994,10.078125,10.0,expert_labels,10,10,10,9.84375,0.0,0.0,0.15625,0.0,8,2,1,3,3625.0,0.090210979560879,True,9.947916666666666,0.0520833333333339,10.0,0.0,1,w10s_nonoverlap,10 s / 0% overlap
CapnoBase,0148,early_fusion_identity_rawppg_kopt_fs64_eventdecoder,0,1,5,240.0,300.0,10,13,10.0,13.0,3.0,0.4293866986572725,False,True,,1.0,0.0,0.0,10.005790387955994,10.078125,10.0,expert_labels,10,10,9,9.609375,0.0,1.0,0.390625,0.0,6,4,4,8,3468.75,0.5039718545795323,True,9.536458333333334,0.4635416666666661,9.609375,0.390625,1,w10s_nonoverlap,10 s / 0% overlap
CapnoBase,0148,early_fusion_identity_rawppg_kopt_fs64_eventdecoder,0,1,6,300.0,360.0,10,14,10.0,14.0,4.0,0.4911565510700468,False,True,,1.0,0.0,0.0,10.005790387955994,10.078125,10.002894356005788,expert_labels,10,8,11,6.328125,2.0,1.0,3.671875,-2.0,6,4,2,6,4515.625,2.36719179730083,True,8.442708333333334,1.557291666666666,8.0,2.0,1,w10s_nonoverlap,10 s / 0% overlap
CapnoBase,0148,early_fusion_identity_rawppg_kopt_fs64_eventdecoder,0,1,7,360.0,420.0,10,14,10.0,14.0,4.0,0.6163296742024711,False,True,,1.0,0.0,0.0,10.002894356005788,10.078125,10.00868809730669,expert_labels,10,9,10,9.375,1.0,0.0,0.625,-1.0,8,2,2,4,5593.75,0.5051814855409226,True,9.458333333333334,0.5416666666666661,9.375,0.625,1,w10s_nonoverlap,10 s / 0% overlap
CapnoBase,0148,early_fusion_identity_rawppg_kopt_fs64_eventdecoder,0,1,8,420.0,480.0,10,11,10.0,11.0,1.0,0.6455193510118321,False,True,,1.0,0.0,0.0,10.00868809730669,10.078125,10.00868809730669,expert_labels,10,12,11,9.84375,2.0,1.0,0.15625,2.0,8,2,3,5,4500.0,1.0790681261316792,True,10.947916666666666,0.947916666666666,11.0,1.0,1,w10s_nonoverlap,10 s / 0% overlap
CapnoBase,0149,early_fusion_identity_rawppg_kopt_fs64_eventdecoder,0,1,1,0.0,60.0,9,16,9.0,16.0,7.0,0.6906270007905116,False,True,,1.0,0.0,0.0,9.768230638778972,10.078125,10.0,expert_labels,10,11,11,10.078125,1.0,1.0,0.078125,1.0,10,0,1,1,3890.625,0.5322447794091862,True,10.692708333333334,0.6927083333333339,11.0,1.0,1,w10s_nonoverlap,10 s / 0% overlap
CapnoBase,0149,early_fusion_identity_rawppg_kopt_fs64_eventdecoder,0,1,2,60.0,120.0,10,16,10.0,16.0,6.0,0.7102440600781752,False,True,,1.0,0.0,0.0,9.9851411589896,10.078125,10.0,expert_labels,10,10,12,10.078125,0.0,2.0,0.078125,0.0,10,0,0,0,3093.75,1.1328214798494658,True,10.692708333333334,0.6927083333333339,10.078125,0.078125,1,w10s_nonoverlap,10 s / 0% overlap
CapnoBase,0149,early_fusion_identity_rawppg_kopt_fs64_eventdecoder,0,1,3,120.0,180.0,10,12,10.0,12.0,2.0,0.9026282780504468,False,True,,1.0,0.0,0.0,9.656328583403186,10.078125,10.002894356005788,expert_labels,10,10,10,10.078125,0.0,0.0,0.078125,0.0,10,0,0,0,1890.625,0.0451054897804395,True,10.026041666666666,0.026041666666666,10.0,0.0,1,w10s_nonoverlap,10 s / 0% overlap
CapnoBase,0149,early_fusion_identity_rawppg_kopt_fs64_eventdecoder,0,1,4,180.0,240.0,10,16,10.0,16.0,6.0,0.8267962743733015,True,True,,1.0,0.0,0.0,10.002894356005788,10.078125,10.005790387955994,expert_labels,10,10,11,10.078125,0.0,1.0,0.078125,0.0,10,0,0,0,2078.125,0.5561709915799277,True,10.359375,0.359375,10.078125,0.078125,1,w10s_nonoverlap,10 s / 0% overlap
CapnoBase,0149,early_fusion_identity_rawppg_kopt_fs64_eventdecoder,0,1,5,240.0,300.0,10,14,10.0,14.0,4.0,0.8056765828279314,True,True,,1.0,0.0,0.0,10.005790387955994,10.078125,10.005790387955994,expert_labels,10,10,11,10.078125,0.0,1.0,0.078125,0.0,10,0,0,0,3406.25,0.5561709915799277,True,10.359375,0.359375,10.078125,0.078125,1,w10s_nonoverlap,10 s / 0% overlap
CapnoBase,0149,early_fusion_identity_rawppg_kopt_fs64_eventdecoder,0,1,6,300.0,360.0,10,15,10.0,15.0,5.0,0.6859058188493812,False,True,,1.0,0.0,0.0,10.002894356005788,10.078125,10.002894356005788,expert_labels,10,10,11,10.078125,0.0,1.0,0.078125,0.0,9,1,1,2,2296.875,0.5561709915799277,True,10.359375,0.359375,10.078125,0.078125,1,w10s_nonoverlap,10 s / 0% overlap
CapnoBase,0149,early_fusion_identity_rawppg_kopt_fs64_eventdecoder,0,1,7,360.0,420.0,10,15,10.0,15.0,5.0,0.5684246932514037,False,True,,1.0,0.0,0.01875,10.336473755047106,10.078125,10.0,expert_labels,10,13,13,10.078125,3.0,3.0,0.078125,3.0,10,0,3,3,4859.375,1.686945317788438,True,12.026041666666666,2.026041666666666,13.0,3.0,1,w10s_nonoverlap,10 s / 0% overlap
CapnoBase,0149,early_fusion_identity_rawppg_kopt_fs64_eventdecoder,0,1,8,420.0,480.0,10,16,10.0,16.0,6.0,0.5292697814479382,False,True,,0.99765625,0.0,0.0,10.00868809730669,10.078125,10.005790387955994,expert_labels,10,12,10,9.84375,2.0,0.0,0.15625,2.0,8,2,4,6,4296.875,1.2023468804106965,True,10.614583333333334,0.6145833333333339,10.0,0.0,1,w10s_nonoverlap,10 s / 0% overlap
CapnoBase,0150,early_fusion_identity_rawppg_kopt_fs64_eventdecoder,0,1,1,0.0,60.0,11,11,11.0,11.0,0.0,0.9604309861379094,False,True,,1.0,0.0,0.0,10.741258741258742,11.015625,11.002865329512892,expert_labels,11,11,11,11.015625,0.0,0.0,0.015625,0.0,11,0,0,0,3515.625,0.0090210979560879,True,11.005208333333334,0.0052083333333339,11.0,0.0,1,w10s_nonoverlap,10 s / 0% overlap
CapnoBase,0150,early_fusion_identity_rawppg_kopt_fs64_eventdecoder,0,1,2,60.0,120.0,11,11,11.0,11.0,0.0,0.976967433376544,False,True,,1.0,0.0,0.0,11.006018916595014,11.015625,11.002865329512892,expert_labels,11,12,11,11.015625,1.0,0.0,0.015625,1.0,11,0,0,0,3000.0,0.5728929919350849,True,11.338541666666666,0.3385416666666661,11.015625,0.015625,1,w10s_nonoverlap,10 s / 0% overlap
CapnoBase,0150,early_fusion_identity_rawppg_kopt_fs64_eventdecoder,0,1,3,120.0,180.0,11,11,11.0,11.0,0.0,0.9803125684466008,False,True,,1.0,0.0,0.0,11.006018916595014,11.015625,10.999713549126325,expert_labels,11,11,11,11.015625,0.0,0.0,0.015625,0.0,11,0,0,0,2828.125,0.0090210979560879,True,11.005208333333334,0.0052083333333339,11.0,0.0,1,w10s_nonoverlap,10 s / 0% overlap
CapnoBase,0150,early_fusion_identity_rawppg_kopt_fs64_eventdecoder,0,1,4,180.0,240.0,11,11,11.0,11.0,0.0,0.9611288369660864,False,True,,1.0,0.0,0.0,11.002865329512892,11.015625,11.002865329512892,expert_labels,11,11,11,11.015625,0.0,0.0,0.015625,0.0,11,0,0,0,3765.625,0.0090210979560879,True,11.005208333333334,0.0052083333333339,11.0,0.0,1,w10s_nonoverlap,10 s / 0% overlap
CapnoBase,0150,early_fusion_identity_rawppg_kopt_fs64_eventdecoder,0,1,5,240.0,300.0,11,11,11.0,11.0,0.0,0.9731153196689856,False,True,,1.0,0.0,0.0080729166666666,11.002865329512892,11.015625,11.002865329512892,expert_labels,11,11,12,11.015625,0.0,1.0,0.015625,0.0,11,0,1,1,3562.5,0.5728929919350849,True,11.338541666666666,0.3385416666666661,11.015625,0.015625,1,w10s_nonoverlap,10 s / 0% overlap
CapnoBase,0150,early_fusion_identity_rawppg_kopt_fs64_eventdecoder,0,2,1,320.0,380.0,11,13,11.0,13.0,2.0,0.9163979432928506,False,True,,1.0,0.0,0.0294270833333333,10.999713549126325,11.015625,11.009174311926603,expert_labels,11,11,11,11.015625,0.0,0.0,0.015625,0.0,10,1,1,2,1843.75,0.0090210979560879,True,11.005208333333334,0.0052083333333339,11.0,0.0,1,w10s_nonoverlap,10 s / 0% overlap
CapnoBase,0150,early_fusion_identity_rawppg_kopt_fs64_eventdecoder,0,2,2,380.0,440.0,11,11,11.0,11.0,0.0,0.9883862519071908,False,True,,1.0,0.0,0.0,10.999713549126325,11.015625,11.006018916595014,expert_labels,11,11,11,11.015625,0.0,0.0,0.015625,0.0,11,0,0,0,2531.25,0.0090210979560879,True,11.005208333333334,0.0052083333333339,11.0,0.0,1,w10s_nonoverlap,10 s / 0% overlap
CapnoBase,0309,early_fusion_identity_rawppg_kopt_fs64_eventdecoder,0,1,1,10.0,70.0,9,16,9.0,16.0,7.0,0.6034155221005257,False,False,ref_artifact_label,0.9513020833333332,0.0388020833333333,0.0,8.982456140350877,8.90625,8.980955562980288,expert_labels,8,16,13,8.90625,8.0,5.0,0.90625,8.0,8,0,8,8,1437.5,3.560900591259651,True,12.635416666666666,4.635416666666666,13.0,5.0,1,w10s_nonoverlap,10 s / 0% overlap
CapnoBase,0309,early_fusion_identity_rawppg_kopt_fs64_eventdecoder,0,2,1,90.0,150.0,9,15,9.0,15.0,6.0,0.5511512027094789,False,False,ref_artifact_label,0.896875,0.103125,0.0,8.982456140350877,8.90625,8.9877121123464,expert_labels,9,12,13,8.90625,3.0,4.0,0.09375,3.0,8,1,3,4,1828.125,2.1342476474939205,True,11.302083333333334,2.302083333333334,12.0,3.0,1,w10s_nonoverlap,10 s / 0% overlap
CapnoBase,0309,early_fusion_identity_rawppg_kopt_fs64_eventdecoder,0,2,2,150.0,210.0,9,12,9.0,12.0,3.0,0.8485331533037155,True,False,ref_artifact_label,0.8427083333333333,0.1572916666666666,0.0,8.982456140350877,8.90625,8.982456140350877,expert_labels,9,10,9,8.90625,1.0,0.0,0.09375,1.0,9,0,1,1,2484.375,0.6062285219563109,True,9.302083333333334,0.3020833333333339,9.0,0.0,1,w10s_nonoverlap,10 s / 0% overlap
CapnoBase,0309,early_fusion_identity_rawppg_kopt_fs64_eventdecoder,0,2,3,210.0,270.0,9,15,9.0,15.0,6.0,0.8249479464941065,True,False,ref_artifact_label,0.9276041666666668,0.0723958333333333,0.0,8.977206312098188,8.90625,8.982456140350877,expert_labels,9,8,10,8.90625,1.0,1.0,0.09375,-1.0,9,0,0,0,1906.25,1.0014637724351292,True,8.96875,0.03125,8.90625,0.09375,1,w10s_nonoverlap,10 s / 0% overlap
CapnoBase,0309,early_fusion_identity_rawppg_kopt_fs64_eventdecoder,0,2,4,270.0,330.0,9,18,9.0,18.0,9.0,0.5852212650726841,False,True,,1.0,0.0,0.0,8.977206312098188,8.90625,8.979830458930138,expert_labels,9,15,13,8.90625,6.0,4.0,0.09375,6.0,9,0,5,5,3234.375,3.1062458081796,True,12.302083333333334,3.302083333333334,13.0,4.0,1,w10s_nonoverlap,10 s / 0% overlap
CapnoBase,0309,early_fusion_identity_rawppg_kopt_fs64_eventdecoder,0,2,5,330.0,390.0,9,13,9.0,13.0,4.0,0.6121690664896612,False,False,ref_artifact_label,0.9778645833333334,0.0221354166666666,0.0622395833333333,8.982456140350877,8.90625,8.9877121123464,expert_labels,9,9,11,8.90625,0.0,2.0,0.09375,0.0,9,0,1,1,3906.25,1.182693122003055,True,9.635416666666666,0.6354166666666661,9.0,0.0,1,w10s_nonoverlap,10 s / 0% overlap
CapnoBase,0309,early_fusion_identity_rawppg_kopt_fs64_eventdecoder,0,2,6,390.0,450.0,9,17,9.0,17.0,8.0,0.7734397563149956,False,True,,1.0,0.0,0.0,8.974583698510079,8.90625,8.97196261682243,expert_labels,9,10,14,8.90625,1.0,5.0,0.09375,1.0,8,1,2,3,1906.25,2.6814976575600435,True,10.96875,1.96875,10.0,1.0,1,w10s_nonoverlap,10 s / 0% overlap
CapnoBase,0311,early_fusion_identity_rawppg_kopt_fs64_eventdecoder,0,1,1,0.0,60.0,12,12,12.0,12.0,0.0,0.9654459130228022,False,True,,1.0,0.0,0.0,11.959229898074746,11.953125,11.972789115646258,expert_labels,12,12,12,11.953125,0.0,0.0,0.046875,0.0,12,0,0,0,1609.375,0.0270632938682637,True,11.984375,0.015625,12.0,0.0,1,w10s_nonoverlap,10 s / 0% overlap
CapnoBase,0311,early_fusion_identity_rawppg_kopt_fs64_eventdecoder,0,1,2,60.0,120.0,12,12,12.0,12.0,0.0,0.9703597279164656,False,True,,1.0,0.0,0.0,11.97618372554579,11.953125,11.97618372554579,expert_labels,12,12,12,11.953125,0.0,0.0,0.046875,0.0,12,0,0,0,1390.625,0.0270632938682637,True,11.984375,0.015625,12.0,0.0,1,w10s_nonoverlap,10 s / 0% overlap
CapnoBase,0311,early_fusion_identity_rawppg_kopt_fs64_eventdecoder,0,1,3,120.0,180.0,12,13,12.0,13.0,1.0,0.960259177361466,False,True,,1.0,0.0,0.0,11.97618372554579,11.953125,11.97618372554579,expert_labels,12,12,12,11.953125,0.0,0.0,0.046875,0.0,12,0,0,0,1453.125,0.0270632938682637,True,11.984375,0.015625,12.0,0.0,1,w10s_nonoverlap,10 s / 0% overlap
CapnoBase,0311,early_fusion_identity_rawppg_kopt_fs64_eventdecoder,0,1,4,180.0,240.0,12,12,12.0,12.0,0.0,0.9624900545714148,False,True,,1.0,0.0,0.0,11.97618372554579,11.953125,11.97618372554579,expert_labels,12,12,12,11.953125,0.0,0.0,0.046875,0.0,12,0,0,0,1531.25,0.0270632938682637,True,11.984375,0.015625,12.0,0.0,1,w10s_nonoverlap,10 s / 0% overlap
CapnoBase,0311,early_fusion_identity_rawppg_kopt_fs64_eventdecoder,0,1,5,240.0,300.0,11,13,11.0,13.0,2.0,0.951184447209803,False,True,,1.0,0.0,0.0,11.969396429583451,11.953125,11.96600566572238,expert_labels,12,12,12,11.953125,0.0,0.0,0.046875,0.0,12,0,0,0,1125.0,0.0270632938682637,True,11.984375,0.015625,12.0,0.0,1,w10s_nonoverlap,10 s / 0% overlap
CapnoBase,0311,early_fusion_identity_rawppg_kopt_fs64_eventdecoder,0,1,6,300.0,360.0,11,12,11.0,12.0,1.0,0.9356470969895612,False,True,,1.0,0.0,0.0,11.97618372554579,11.953125,11.972789115646258,expert_labels,12,12,12,11.953125,0.0,0.0,0.046875,0.0,12,0,0,0,2062.5,0.0270632938682637,True,11.984375,0.015625,12.0,0.0,1,w10s_nonoverlap,10 s / 0% overlap
CapnoBase,0311,early_fusion_identity_rawppg_kopt_fs64_eventdecoder,0,1,7,360.0,420.0,11,14,11.0,14.0,3.0,0.9412438907118228,True,True,,1.0,0.0,0.0,11.979580260918889,11.953125,11.972789115646258,expert_labels,12,12,12,11.953125,0.0,0.0,0.046875,0.0,12,0,0,0,2468.75,0.0270632938682637,True,11.984375,0.015625,12.0,0.0,1,w10s_nonoverlap,10 s / 0% overlap
CapnoBase,0311,early_fusion_identity_rawppg_kopt_fs64_eventdecoder,0,1,8,420.0,480.0,11,14,11.0,14.0,3.0,0.9196951625574562,True,True,,0.95078125,0.0,0.0,12.229299363057326,11.953125,11.977542108546476,expert_labels,11,12,12,11.953125,1.0,1.0,0.953125,1.0,11,0,1,1,2109.375,0.0270632938682637,True,11.984375,0.984375,12.0,1.0,1,w10s_nonoverlap,10 s / 0% overlap
CapnoBase,0312,early_fusion_identity_rawppg_kopt_fs64_eventdecoder,0,1,1,0.0,60.0,7,13,7.0,13.0,6.0,0.4638870081911194,False,True,,0.9401041666666666,0.0,0.0,6.711331197203612,7.03125,6.991988346686088,expert_labels,6,13,12,7.03125,7.0,6.0,1.03125,7.0,6,0,7,7,8171.875,3.1967288782180656,True,10.677083333333334,4.677083333333334,12.0,6.0,1,w10s_nonoverlap,10 s / 0% overlap
CapnoBase,0312,early_fusion_identity_rawppg_kopt_fs64_eventdecoder,0,2,1,90.0,150.0,7,14,7.0,14.0,7.0,0.557911032394149,False,True,,1.0,0.0,0.0,7.372462973121229,7.03125,6.9881710646041855,expert_labels,7,13,13,14.0625,6.0,6.0,7.0625,6.0,7,0,6,6,10328.125,0.6134346610139774,True,13.354166666666666,6.354166666666666,13.0,6.0,1,w10s_nonoverlap,10 s / 0% overlap
CapnoBase,0312,early_fusion_identity_rawppg_kopt_fs64_eventdecoder,0,2,2,150.0,210.0,8,15,8.0,15.0,7.0,0.3281175376345691,False,True,,1.0,0.0,0.0736979166666666,7.37448559670782,7.03125,6.992412746585736,expert_labels,7,14,13,14.0625,7.0,6.0,7.0625,7.0,7,0,7,7,9031.25,0.596212000885591,True,13.6875,6.6875,14.0,7.0,1,w10s_nonoverlap,10 s / 0% overlap
CapnoBase,0312,early_fusion_identity_rawppg_kopt_fs64_eventdecoder,0,2,3,210.0,270.0,8,16,8.0,16.0,8.0,0.5564983337890375,False,True,,1.0,0.0,0.0354166666666666,7.370441458733206,7.03125,6.992412746585736,expert_labels,7,9,12,6.796875,2.0,5.0,0.203125,2.0,7,0,2,2,8515.625,2.6117130244104154,True,9.265625,2.265625,9.0,2.0,1,w10s_nonoverlap,10 s / 0% overlap
CapnoBase,0312,early_fusion_identity_rawppg_kopt_fs64_eventdecoder,0,2,4,270.0,330.0,8,16,8.0,16.0,8.0,0.4826594641554385,False,True,,1.0,0.0,0.04140625,7.376509330406147,7.03125,6.992412746585736,expert_labels,7,16,15,7.03125,9.0,8.0,0.03125,9.0,7,0,9,9,6890.625,4.9149339284301,False,,,15.0,8.0,1,w10s_nonoverlap,10 s / 0% overlap
CapnoBase,0312,early_fusion_identity_rawppg_kopt_fs64_eventdecoder,0,3,1,390.0,450.0,8,15,8.0,15.0,7.0,0.4780738340224963,False,True,,1.0,0.0,0.0216145833333333,7.219983883964544,7.03125,6.986052152819891,expert_labels,7,14,14,14.0625,7.0,7.0,7.0625,7.0,7,0,7,7,7500.0,0.0360843918243516,True,14.020833333333334,7.020833333333334,14.0,7.0,1,w10s_nonoverlap,10 s / 0% overlap
CapnoBase,0313,early_fusion_identity_rawppg_kopt_fs64_eventdecoder,0,1,1,0.0,60.0,10,11,10.0,11.0,1.0,0.9624308938412448,False,True,,0.96171875,0.0,0.0,9.94246260069045,10.078125,9.98699609882965,expert_labels,9,10,10,9.84375,1.0,1.0,0.84375,1.0,9,0,1,1,1843.75,0.090210979560879,True,9.947916666666666,0.947916666666666,10.0,1.0,1,w10s_nonoverlap,10 s / 0% overlap
CapnoBase,0313,early_fusion_identity_rawppg_kopt_fs64_eventdecoder,0,1,2,60.0,120.0,10,12,10.0,12.0,2.0,0.9684649293095464,False,True,,1.0,0.0,0.0,9.988439306358382,10.078125,9.9855533082924,expert_labels,10,10,10,10.078125,0.0,0.0,0.078125,0.0,10,0,0,0,2468.75,0.0451054897804395,True,10.026041666666666,0.026041666666666,10.0,0.0,1,w10s_nonoverlap,10 s / 0% overlap
CapnoBase,0313,early_fusion_identity_rawppg_kopt_fs64_eventdecoder,0,1,3,120.0,180.0,10,12,10.0,12.0,2.0,0.9728586909060774,False,True,,1.0,0.0,0.0,9.994216310005784,10.078125,9.991326973113615,expert_labels,10,10,10,10.078125,0.0,0.0,0.078125,0.0,10,0,0,0,1859.375,0.0451054897804395,True,10.026041666666666,0.026041666666666,10.0,0.0,1,w10s_nonoverlap,10 s / 0% overlap
CapnoBase,0313,early_fusion_identity_rawppg_kopt_fs64_eventdecoder,0,1,4,180.0,240.0,10,11,10.0,11.0,1.0,0.9733960214148362,False,True,,1.0,0.0,0.0,9.971148297749568,10.078125,9.988439306358382,expert_labels,10,10,10,10.078125,0.0,0.0,0.078125,0.0,10,0,0,0,2203.125,0.0451054897804395,True,10.026041666666666,0.026041666666666,10.0,0.0,1,w10s_nonoverlap,10 s / 0% overlap
CapnoBase,0313,early_fusion_identity_rawppg_kopt_fs64_eventdecoder,0,1,5,240.0,300.0,10,11,10.0,11.0,1.0,0.9713148807894536,False,True,,1.0,0.0,0.0,9.988439306358382,10.078125,9.9855533082924,expert_labels,10,10,10,10.078125,0.0,0.0,0.078125,0.0,10,0,0,0,3031.25,0.0451054897804395,True,10.026041666666666,0.026041666666666,10.0,0.0,1,w10s_nonoverlap,10 s / 0% overlap
CapnoBase,0313,early_fusion_identity_rawppg_kopt_fs64_eventdecoder,0,1,6,300.0,360.0,10,12,10.0,12.0,2.0,0.9636205425567378,False,True,,1.0,0.0,0.0,9.979786312445857,10.078125,9.9855533082924,expert_labels,10,10,10,10.078125,0.0,0.0,0.078125,0.0,10,0,0,0,2015.625,0.0451054897804395,True,10.026041666666666,0.026041666666666,10.0,0.0,1,w10s_nonoverlap,10 s / 0% overlap
CapnoBase,0313,early_fusion_identity_rawppg_kopt_fs64_eventdecoder,0,1,7,360.0,420.0,10,12,10.0,12.0,2.0,0.9681019051391776,False,True,,1.0,0.0,0.0,9.991326973113615,10.078125,9.988439306358382,expert_labels,10,10,10,10.078125,0.0,0.0,0.078125,0.0,10,0,0,0,1781.25,0.0451054897804395,True,10.026041666666666,0.026041666666666,10.0,0.0,1,w10s_nonoverlap,10 s / 0% overlap
CapnoBase,0313,early_fusion_identity_rawppg_kopt_fs64_eventdecoder,0,1,8,420.0,480.0,10,12,10.0,12.0,2.0,0.9658484739178652,False,True,,1.0,0.0,0.0,10.011587485515644,10.078125,9.988439306358382,expert_labels,10,10,10,10.078125,0.0,0.0,0.078125,0.0,10,0,0,0,1890.625,0.0451054897804395,True,10.026041666666666,0.026041666666666,10.0,0.0,1,w10s_nonoverlap,10 s / 0% overlap
CapnoBase,0322,early_fusion_identity_rawppg_kopt_fs64_eventdecoder,0,1,1,0.0,60.0,17,18,17.0,18.0,1.0,0.9343809199053654,False,True,,0.9591145833333332,0.0,0.0,17.42484401588202,17.34375,17.459505541346974,expert_labels,17,17,17,17.34375,0.0,0.0,0.34375,0.0,17,0,0,0,3609.375,0.1984641550339338,True,17.114583333333332,0.1145833333333321,17.0,0.0,1,w10s_nonoverlap,10 s / 0% overlap
CapnoBase,0322,early_fusion_identity_rawppg_kopt_fs64_eventdecoder,0,1,2,60.0,120.0,17,17,17.0,17.0,0.0,0.96196053887102,False,True,,1.0,0.0,0.0,17.429787234042553,17.34375,17.410031170303203,expert_labels,17,16,17,17.34375,1.0,0.0,0.34375,-1.0,16,1,0,1,2453.125,0.6980721219902711,True,16.78125,0.21875,17.0,0.0,1,w10s_nonoverlap,10 s / 0% overlap
CapnoBase,0322,early_fusion_identity_rawppg_kopt_fs64_eventdecoder,0,1,3,120.0,180.0,18,18,18.0,18.0,0.0,0.9636031550781582,False,True,,1.0,0.0,0.0,18.1282976950847,18.046875,18.10846214304428,expert_labels,19,17,19,18.046875,2.0,0.0,0.953125,-2.0,17,2,0,2,2609.375,1.0003661439068197,True,18.015625,0.984375,18.046875,0.953125,1,w10s_nonoverlap,10 s / 0% overlap
CapnoBase,0322,early_fusion_identity_rawppg_kopt_fs64_eventdecoder,0,1,4,180.0,240.0,18,17,18.0,17.0,1.0,0.9263474201231572,False,True,,1.0,0.0,0.0,17.850697292863003,17.8125,17.824194952132288,expert_labels,17,15,17,17.8125,2.0,0.0,0.8125,-2.0,15,2,0,2,2671.875,1.4474294743901457,True,16.604166666666668,0.3958333333333321,17.0,0.0,1,w10s_nonoverlap,10 s / 0% overlap
CapnoBase,0322,early_fusion_identity_rawppg_kopt_fs64_eventdecoder,0,1,5,240.0,300.0,18,18,18.0,18.0,0.0,0.9572328680704104,False,True,,1.0,0.0,0.0,17.671900378992962,17.578125,17.671900378992962,expert_labels,18,18,18,17.578125,0.0,0.0,0.421875,0.0,18,0,0,0,3921.875,0.2435696448143733,True,17.859375,0.140625,18.0,0.0,1,w10s_nonoverlap,10 s / 0% overlap
CapnoBase,0322,early_fusion_identity_rawppg_kopt_fs64_eventdecoder,0,1,6,300.0,360.0,18,18,18.0,18.0,0.0,0.959092050762964,False,True,,1.0,0.0,0.0,18.04311774461028,18.046875,18.058091286307054,expert_labels,18,18,18,18.046875,0.0,0.0,0.046875,0.0,18,0,0,0,3000.0,0.0270632938682637,True,18.015625,0.015625,18.0,0.0,1,w10s_nonoverlap,10 s / 0% overlap
CapnoBase,0322,early_fusion_identity_rawppg_kopt_fs64_eventdecoder,0,1,7,360.0,420.0,18,18,18.0,18.0,0.0,0.9692582388784076,False,True,,1.0,0.0,0.0,18.285714285714285,18.28125,18.295964125560538,expert_labels,18,18,18,18.28125,0.0,0.0,0.28125,0.0,18,0,0,0,2625.0,0.1623797632095822,True,18.09375,0.09375,18.0,0.0,1,w10s_nonoverlap,10 s / 0% overlap
CapnoBase,0322,early_fusion_identity_rawppg_kopt_fs64_eventdecoder,0,1,8,420.0,480.0,19,19,19.0,19.0,0.0,0.9713961892746676,False,False,ref_artifact_label,0.9921875,0.0078125,0.0,18.6962401947525,18.515625,18.635750876246966,expert_labels,19,18,19,18.515625,1.0,0.0,0.484375,-1.0,18,1,0,1,2140.625,0.5000813735866727,True,18.50520833333333,0.4947916666666678,18.515625,0.484375,1,w10s_nonoverlap,10 s / 0% overlap
CapnoBase,0325,early_fusion_identity_rawppg_kopt_fs64_eventdecoder,0,1,1,0.0,60.0,10,13,10.0,13.0,3.0,0.894777119523213,True,True,,0.971875,0.0,0.0,9.76271186440678,10.078125,10.0,expert_labels,9,10,10,9.84375,1.0,1.0,0.84375,1.0,9,0,1,1,2078.125,0.090210979560879,True,9.947916666666666,0.947916666666666,10.0,1.0,1,w10s_nonoverlap,10 s / 0% overlap
CapnoBase,0325,early_fusion_identity_rawppg_kopt_fs64_eventdecoder,0,1,2,60.0,120.0,10,15,10.0,15.0,5.0,0.8424691659746046,True,True,,1.0,0.0,0.0,9.988439306358382,10.078125,9.9855533082924,expert_labels,10,14,13,10.078125,4.0,3.0,0.078125,4.0,10,0,3,3,3546.875,2.037909755576777,True,12.359375,2.359375,13.0,3.0,1,w10s_nonoverlap,10 s / 0% overlap
CapnoBase,0325,early_fusion_identity_rawppg_kopt_fs64_eventdecoder,0,1,3,120.0,180.0,10,13,10.0,13.0,3.0,0.881236100127925,True,True,,1.0,0.0,0.0,9.988439306358382,10.078125,9.9855533082924,expert_labels,10,9,12,10.078125,1.0,2.0,0.078125,-1.0,10,0,0,0,2828.125,1.519646726010687,True,10.359375,0.359375,10.078125,0.078125,1,w10s_nonoverlap,10 s / 0% overlap
CapnoBase,0325,early_fusion_identity_rawppg_kopt_fs64_eventdecoder,0,1,4,180.0,240.0,10,13,10.0,13.0,3.0,0.8606435477164304,True,True,,1.0,0.0,0.0,9.979786312445857,10.078125,9.988439306358382,expert_labels,10,10,12,9.84375,0.0,2.0,0.15625,0.0,9,1,1,2,1968.75,1.2023468804106965,True,10.614583333333334,0.6145833333333339,10.0,0.0,1,w10s_nonoverlap,10 s / 0% overlap
CapnoBase,0325,early_fusion_identity_rawppg_kopt_fs64_eventdecoder,0,1,5,240.0,300.0,10,12,10.0,12.0,2.0,0.8863797005939977,False,True,,1.0,0.0,0.0,9.988439306358382,10.078125,9.97690531177829,expert_labels,10,10,12,10.078125,0.0,2.0,0.078125,0.0,10,0,0,0,2687.5,1.1328214798494658,True,10.692708333333334,0.6927083333333339,10.078125,0.078125,1,w10s_nonoverlap,10 s / 0% overlap
CapnoBase,0325,early_fusion_identity_rawppg_kopt_fs64_eventdecoder,0,1,6,300.0,360.0,10,14,10.0,14.0,4.0,0.820589483881794,True,True,,1.0,0.0,0.0,9.988439306358382,10.078125,9.988439306358382,expert_labels,10,12,12,9.84375,2.0,2.0,0.15625,2.0,10,0,2,2,1546.875,1.2449115179401309,True,11.28125,1.28125,12.0,2.0,1,w10s_nonoverlap,10 s / 0% overlap
CapnoBase,0325,early_fusion_identity_rawppg_kopt_fs64_eventdecoder,0,1,7,360.0,420.0,10,13,10.0,13.0,3.0,0.8698955877825304,True,True,,1.0,0.0,0.0,9.98266897746967,10.078125,9.9855533082924,expert_labels,10,10,12,10.078125,0.0,2.0,0.078125,0.0,10,0,0,0,2062.5,1.1328214798494658,True,10.692708333333334,0.6927083333333339,10.078125,0.078125,1,w10s_nonoverlap,10 s / 0% overlap
CapnoBase,0325,early_fusion_identity_rawppg_kopt_fs64_eventdecoder,0,1,8,420.0,480.0,10,11,10.0,11.0,1.0,0.5903508352578349,False,True,,1.0,0.0,0.0,9.97690531177829,10.078125,9.98266897746967,expert_labels,10,10,10,10.078125,0.0,0.0,0.078125,0.0,10,0,0,0,5562.5,0.0451054897804395,True,10.026041666666666,0.026041666666666,10.0,0.0,1,w10s_nonoverlap,10 s / 0% overlap
CapnoBase,0328,early_fusion_identity_rawppg_kopt_fs64_eventdecoder,0,1,1,0.0,60.0,10,13,10.0,13.0,3.0,0.9054716712681586,True,True,,0.9619791666666668,0.0,0.0,9.675251959686449,10.078125,9.993493819128172,expert_labels,9,10,11,10.078125,1.0,2.0,1.078125,1.0,9,0,1,1,4390.625,0.5561709915799277,True,10.359375,1.359375,10.078125,1.078125,1,w10s_nonoverlap,10 s / 0% overlap
CapnoBase,0328,early_fusion_identity_rawppg_kopt_fs64_eventdecoder,0,2,1,80.0,140.0,10,12,10.0,12.0,2.0,0.935568382900492,False,True,,1.0,0.0,0.0,9.988439306358382,10.078125,9.9855533082924,expert_labels,10,10,12,10.078125,0.0,2.0,0.078125,0.0,10,0,0,0,3703.125,1.1328214798494658,True,10.692708333333334,0.6927083333333339,10.078125,0.078125,1,w10s_nonoverlap,10 s / 0% overlap
CapnoBase,0328,early_fusion_identity_rawppg_kopt_fs64_eventdecoder,0,2,2,140.0,200.0,10,14,10.0,14.0,4.0,0.919980705271632,True,False,ref_artifact_label,0.9921875,0.0078125,0.0,9.994216310005784,10.078125,10.0,expert_labels,10,11,13,10.078125,1.0,3.0,0.078125,1.0,10,0,1,1,4296.875,1.4937205802542188,True,11.359375,1.359375,11.0,1.0,1,w10s_nonoverlap,10 s / 0% overlap
CapnoBase,0328,early_fusion_identity_rawppg_kopt_fs64_eventdecoder,0,2,3,200.0,260.0,10,12,10.0,12.0,2.0,0.943218147997855,False,True,,1.0,0.0,0.0,9.9855533082924,10.078125,9.9855533082924,expert_labels,10,10,10,10.078125,0.0,0.0,0.078125,0.0,10,0,0,0,2937.5,0.0451054897804395,True,10.026041666666666,0.026041666666666,10.0,0.0,1,w10s_nonoverlap,10 s / 0% overlap
CapnoBase,0328,early_fusion_identity_rawppg_kopt_fs64_eventdecoder,0,2,4,260.0,320.0,10,12,10.0,12.0,2.0,0.9290762562944164,False,True,,1.0,0.0,0.0,9.988439306358382,10.078125,10.0,expert_labels,10,10,11,10.078125,0.0,1.0,0.078125,0.0,9,1,1,2,2593.75,0.5561709915799277,True,10.359375,0.359375,10.078125,0.078125,1,w10s_nonoverlap,10 s / 0% overlap
CapnoBase,0328,early_fusion_identity_rawppg_kopt_fs64_eventdecoder,0,2,5,320.0,380.0,10,12,10.0,12.0,2.0,0.9224914109803236,False,True,,1.0,0.0,0.0666666666666666,9.997107318484236,10.078125,9.990243902439024,expert_labels,9,11,13,10.078125,2.0,4.0,1.078125,2.0,9,0,1,1,2656.25,1.4937205802542188,True,11.359375,2.359375,11.0,2.0,1,w10s_nonoverlap,10 s / 0% overlap
CapnoBase,0328,early_fusion_identity_rawppg_kopt_fs64_eventdecoder,0,2,6,380.0,440.0,11,13,11.0,13.0,2.0,0.7602647284626607,False,True,,1.0,0.0,0.0200520833333333,7.771032090199479,10.078125,12.211621856027756,expert_labels,12,12,12,9.84375,0.0,0.0,2.15625,0.0,10,2,3,5,5781.25,1.2449115179401309,True,11.28125,0.71875,12.0,0.0,1,w10s_nonoverlap,10 s / 0% overlap
CapnoBase,0329,early_fusion_identity_rawppg_kopt_fs64_eventdecoder,0,1,1,0.0,60.0,10,13,10.0,13.0,3.0,0.8968183066268443,True,True,,0.9677083333333332,0.0,0.0,9.865829289180702,10.078125,10.0,expert_labels,9,11,11,10.078125,2.0,2.0,1.078125,2.0,9,0,2,2,1515.625,0.5322447794091862,True,10.692708333333334,1.692708333333334,11.0,2.0,1,w10s_nonoverlap,10 s / 0% overlap
CapnoBase,0329,early_fusion_identity_rawppg_kopt_fs64_eventdecoder,0,2,1,80.0,140.0,10,15,10.0,15.0,5.0,0.7616878550603103,False,False,ref_artifact_label,0.9677083333333332,0.0239583333333333,0.0,10.325356278569508,10.078125,9.9855533082924,expert_labels,10,11,11,10.078125,1.0,1.0,0.078125,1.0,10,0,1,1,4140.625,0.5322447794091862,True,10.692708333333334,0.6927083333333339,11.0,1.0,1,w10s_nonoverlap,10 s / 0% overlap
CapnoBase,0329,early_fusion_identity_rawppg_kopt_fs64_eventdecoder,0,2,2,140.0,200.0,10,16,10.0,16.0,6.0,0.8169376263947742,True,True,,1.0,0.0,0.0,10.319806503628056,10.078125,9.9855533082924,expert_labels,10,16,13,10.078125,6.0,3.0,0.078125,6.0,10,0,6,6,5140.625,2.9610233881562524,True,13.026041666666666,3.026041666666666,13.0,3.0,1,w10s_nonoverlap,10 s / 0% overlap
CapnoBase,0330,early_fusion_identity_rawppg_kopt_fs64_eventdecoder,0,1,1,0.0,60.0,14,14,14.0,14.0,0.0,0.9424959373982836,False,True,,1.0,0.0,0.0,13.66106080206986,13.828125,13.576900412492636,expert_labels,13,13,13,13.59375,0.0,0.0,0.59375,0.0,13,0,0,0,2640.625,0.3428017223313402,True,13.197916666666666,0.197916666666666,13.0,0.0,1,w10s_nonoverlap,10 s / 0% overlap
CapnoBase,0330,early_fusion_identity_rawppg_kopt_fs64_eventdecoder,0,1,2,60.0,120.0,14,14,14.0,14.0,0.0,0.9587893318532814,False,True,,1.0,0.0,0.0,14.218171461122186,14.296875,14.121640735502124,expert_labels,14,14,14,14.296875,0.0,0.0,0.296875,0.0,14,0,0,0,2375.0,0.1714008611656701,True,14.098958333333334,0.0989583333333339,14.0,0.0,1,w10s_nonoverlap,10 s / 0% overlap
CapnoBase,0330,early_fusion_identity_rawppg_kopt_fs64_eventdecoder,0,1,3,120.0,180.0,15,15,15.0,15.0,0.0,0.9659828832810716,False,True,,1.0,0.0,0.0,14.871369294605808,14.765625,14.83853160364339,expert_labels,15,15,15,14.765625,0.0,0.0,0.234375,0.0,15,0,0,0,2312.5,0.1353164693413185,True,14.921875,0.078125,15.0,0.0,1,w10s_nonoverlap,10 s / 0% overlap
CapnoBase,0330,early_fusion_identity_rawppg_kopt_fs64_eventdecoder,0,1,4,180.0,240.0,15,15,15.0,15.0,0.0,0.9740351781014132,False,True,,1.0,0.0,0.0,15.32497149372862,15.234375,15.29068224050969,expert_labels,16,16,16,15.234375,0.0,0.0,0.765625,0.0,16,0,0,0,1906.25,0.4420337998483072,True,15.744791666666666,0.2552083333333339,16.0,0.0,1,w10s_nonoverlap,10 s / 0% overlap
CapnoBase,0330,early_fusion_identity_rawppg_kopt_fs64_eventdecoder,0,1,5,240.0,300.0,16,16,16.0,16.0,0.0,0.9712314325441248,False,True,,1.0,0.0,0.0,15.368196371398078,15.46875,15.386376645678306,expert_labels,15,15,15,15.46875,0.0,0.0,0.46875,0.0,15,0,0,0,1765.625,0.2706329386826371,True,15.15625,0.15625,15.0,0.0,1,w10s_nonoverlap,10 s / 0% overlap
CapnoBase,0330,early_fusion_identity_rawppg_kopt_fs64_eventdecoder,0,1,6,300.0,360.0,15,15,15.0,15.0,0.0,0.9660068647573302,False,True,,1.0,0.0,0.0,15.338088445078458,15.46875,15.30751708428246,expert_labels,15,15,15,15.46875,0.0,0.0,0.46875,0.0,15,0,0,0,2281.25,0.2706329386826371,True,15.15625,0.15625,15.0,0.0,1,w10s_nonoverlap,10 s / 0% overlap
CapnoBase,0330,early_fusion_identity_rawppg_kopt_fs64_eventdecoder,0,1,7,360.0,420.0,16,16,16.0,16.0,0.0,0.9393260336599654,False,True,,1.0,0.0,0.0,15.60069645966338,15.703125,15.580200162293751,expert_labels,16,16,16,15.703125,0.0,0.0,0.296875,0.0,16,0,0,0,3375.0,0.1714008611656701,True,15.901041666666666,0.0989583333333339,16.0,0.0,1,w10s_nonoverlap,10 s / 0% overlap
CapnoBase,0330,early_fusion_identity_rawppg_kopt_fs64_eventdecoder,0,1,8,420.0,480.0,15,15,15.0,15.0,0.0,0.9433441049918156,False,True,,0.9856770833333334,0.0,0.0,15.554955441533892,15.46875,15.618826263800116,expert_labels,15,15,15,15.46875,0.0,0.0,0.46875,0.0,15,0,0,0,2218.75,0.2706329386826371,True,15.15625,0.15625,15.0,0.0,1,w10s_nonoverlap,10 s / 0% overlap
CapnoBase,0331,early_fusion_identity_rawppg_kopt_fs64_eventdecoder,0,1,1,0.0,60.0,13,15,13.0,15.0,2.0,0.8955457851049594,False,True,,1.0,0.0,0.0,13.255443441317048,13.125,13.28719723183391,expert_labels,13,13,13,13.125,0.0,0.0,0.125,0.0,13,0,0,0,3234.375,0.0721687836487032,True,13.041666666666666,0.041666666666666,13.0,0.0,1,w10s_nonoverlap,10 s / 0% overlap
CapnoBase,0331,early_fusion_identity_rawppg_kopt_fs64_eventdecoder,0,1,2,60.0,120.0,13,13,13.0,13.0,0.0,0.9375673350147284,False,True,,1.0,0.0,0.0,13.73063170441001,13.828125,13.60959651035987,expert_labels,14,14,14,13.59375,0.0,0.0,0.40625,0.0,14,0,0,0,2250.0,0.2345485468582854,True,13.864583333333334,0.135416666666666,14.0,0.0,1,w10s_nonoverlap,10 s / 0% overlap
CapnoBase,0331,early_fusion_identity_rawppg_kopt_fs64_eventdecoder,0,1,3,120.0,180.0,14,14,14.0,14.0,0.0,0.9490851980483308,False,True,,1.0,0.0,0.0,14.225985710505425,14.296875,14.226275292106012,expert_labels,14,14,14,14.296875,0.0,0.0,0.296875,0.0,14,0,0,0,1984.375,0.1714008611656701,True,14.098958333333334,0.0989583333333339,14.0,0.0,1,w10s_nonoverlap,10 s / 0% overlap
CapnoBase,0331,early_fusion_identity_rawppg_kopt_fs64_eventdecoder,0,1,4,180.0,240.0,14,14,14.0,14.0,0.0,0.9571534713896585,False,True,,1.0,0.0,0.0,14.68235294117647,14.765625,14.688524590163931,expert_labels,15,15,15,14.765625,0.0,0.0,0.234375,0.0,15,0,0,0,2750.0,0.1353164693413185,True,14.921875,0.078125,15.0,0.0,1,w10s_nonoverlap,10 s / 0% overlap
CapnoBase,0331,early_fusion_identity_rawppg_kopt_fs64_eventdecoder,0,1,5,240.0,300.0,15,15,15.0,15.0,0.0,0.9521152424329098,False,True,,1.0,0.0,0.0,15.533980582524272,15.46875,15.5330829240104,expert_labels,15,15,15,15.46875,0.0,0.0,0.46875,0.0,15,0,0,0,2812.5,0.2706329386826371,True,15.15625,0.15625,15.0,0.0,1,w10s_nonoverlap,10 s / 0% overlap
CapnoBase,0331,early_fusion_identity_rawppg_kopt_fs64_eventdecoder,0,1,6,300.0,360.0,15,15,15.0,15.0,0.0,0.9699529591636138,False,True,,1.0,0.0,0.0,15.075715086932137,15.0,15.096882898062342,expert_labels,15,15,15,15.0,0.0,0.0,0.0,0.0,15,0,0,0,3968.75,0.0,True,15.0,0.0,15.0,0.0,1,w10s_nonoverlap,10 s / 0% overlap
CapnoBase,0331,early_fusion_identity_rawppg_kopt_fs64_eventdecoder,0,1,7,360.0,420.0,14,14,14.0,14.0,0.0,0.9503056393844944,False,True,,1.0,0.0,0.0,13.577627772420444,13.59375,13.759647188533627,expert_labels,14,14,14,13.59375,0.0,0.0,0.40625,0.0,14,0,0,0,1906.25,0.2345485468582854,True,13.864583333333334,0.135416666666666,14.0,0.0,1,w10s_nonoverlap,10 s / 0% overlap
CapnoBase,0331,early_fusion_identity_rawppg_kopt_fs64_eventdecoder,0,1,8,420.0,480.0,14,14,14.0,14.0,0.0,0.9410376056537936,False,True,,0.98828125,0.0,0.0,14.600760456273765,14.53125,14.41108545034642,expert_labels,14,14,14,14.296875,0.0,0.0,0.296875,0.0,14,0,0,0,2515.625,0.1714008611656701,True,14.098958333333334,0.0989583333333339,14.0,0.0,1,w10s_nonoverlap,10 s / 0% overlap
CapnoBase,0332,early_fusion_identity_rawppg_kopt_fs64_eventdecoder,0,1,1,0.0,60.0,26,23,26.0,23.0,3.0,0.6620914916505244,False,True,,1.0,0.0,0.0,27.159956474428725,27.1875,27.204359673024523,expert_labels,27,27,23,27.421875,0.0,4.0,0.421875,0.0,27,0,0,0,4328.125,2.4403195498148054,True,25.807291666666668,1.192708333333332,27.0,0.0,1,w10s_nonoverlap,10 s / 0% overlap
CapnoBase,0332,early_fusion_identity_rawppg_kopt_fs64_eventdecoder,0,1,2,60.0,120.0,26,25,26.0,25.0,1.0,0.7685091175607657,False,True,,1.0,0.0,0.0,26.7739340305712,26.71875,26.73808248527049,expert_labels,27,27,24,26.71875,0.0,3.0,0.28125,0.0,26,1,1,2,3640.625,1.6568395177264454,True,25.90625,1.09375,26.71875,0.28125,1,w10s_nonoverlap,10 s / 0% overlap
CapnoBase,0332,early_fusion_identity_rawppg_kopt_fs64_eventdecoder,0,1,3,120.0,180.0,27,25,27.0,25.0,2.0,0.7410498204968092,False,True,,1.0,0.0,0.0,28.37688044338876,28.59375,28.397699260476585,expert_labels,28,28,24,28.359375,0.0,4.0,0.359375,0.0,28,0,0,0,3531.25,2.419824400696946,True,26.78645833333333,1.213541666666668,28.0,0.0,1,w10s_nonoverlap,10 s / 0% overlap
CapnoBase,0332,early_fusion_identity_rawppg_kopt_fs64_eventdecoder,0,1,4,180.0,240.0,29,24,29.0,24.0,5.0,0.4227980355786003,False,True,,1.0,0.0,0.0,29.611677223905264,29.53125,29.593409513685888,expert_labels,30,27,21,29.53125,3.0,9.0,0.46875,-3.0,27,3,1,4,5390.625,4.381579873458888,False,,,27.0,3.0,1,w10s_nonoverlap,10 s / 0% overlap
CapnoBase,0332,early_fusion_identity_rawppg_kopt_fs64_eventdecoder,0,1,5,240.0,300.0,19,19,19.0,19.0,0.0,0.6181144823597704,False,True,,1.0,0.0,0.0,22.217936354869817,20.390625,19.443037974683545,expert_labels,19,21,19,20.390625,2.0,0.0,1.390625,2.0,17,2,3,5,4125.0,1.0251159106210057,True,20.13020833333333,1.130208333333332,20.390625,1.390625,1,w10s_nonoverlap,10 s / 0% overlap
CapnoBase,0332,early_fusion_identity_rawppg_kopt_fs64_eventdecoder,0,1,6,300.0,360.0,15,16,15.0,16.0,1.0,0.0374618451639682,False,True,,1.0,0.0,0.0,13.834276891405043,8.4375,15.87245349867139,expert_labels,15,18,13,17.8125,3.0,2.0,2.8125,3.0,8,7,10,17,3078.125,2.8341757326131587,True,16.270833333333332,1.270833333333332,17.8125,2.8125,1,w10s_nonoverlap,10 s / 0% overlap
CapnoBase,0332,early_fusion_identity_rawppg_kopt_fs64_eventdecoder,0,1,7,360.0,420.0,10,16,10.0,16.0,6.0,0.2737546858812638,False,True,,1.0,0.0,0.0,10.047095761381476,10.078125,10.15067406819984,expert_labels,11,12,10,10.3125,1.0,1.0,0.6875,1.0,4,7,8,15,953.125,1.0758959444729466,True,10.770833333333334,0.229166666666666,10.3125,0.6875,1,w10s_nonoverlap,10 s / 0% overlap
CapnoBase,0332,early_fusion_identity_rawppg_kopt_fs64_eventdecoder,0,1,8,420.0,480.0,10,14,10.0,14.0,4.0,0.2351595000362368,False,True,,0.99375,0.0,0.0,9.784824462061154,9.609375,9.74928594097112,expert_labels,9,10,10,9.375,1.0,1.0,0.375,1.0,5,4,5,9,2093.75,0.3608439182435161,True,9.791666666666666,0.7916666666666661,10.0,1.0,1,w10s_nonoverlap,10 s / 0% overlap
CapnoBase,0333,early_fusion_identity_rawppg_kopt_fs64_eventdecoder,0,1,1,0.0,60.0,9,10,9.0,10.0,1.0,0.9438019460847724,False,True,,0.9598958333333332,0.0,0.0,10.07286505392014,10.078125,9.994216310005784,expert_labels,10,10,11,10.078125,0.0,1.0,0.078125,0.0,10,0,1,1,2578.125,0.5561709915799277,True,10.359375,0.359375,10.078125,0.078125,1,w10s_nonoverlap,10 s / 0% overlap
CapnoBase,0333,early_fusion_identity_rawppg_kopt_fs64_eventdecoder,0,1,2,60.0,120.0,10,10,10.0,10.0,0.0,0.9298880972192352,False,True,,1.0,0.0,0.0,9.991326973113615,10.078125,10.002894356005788,expert_labels,10,11,11,10.078125,1.0,1.0,0.078125,1.0,10,0,0,0,1781.25,0.5322447794091862,True,10.692708333333334,0.6927083333333339,11.0,1.0,1,w10s_nonoverlap,10 s / 0% overlap
CapnoBase,0333,early_fusion_identity_rawppg_kopt_fs64_eventdecoder,0,1,3,120.0,180.0,10,10,10.0,10.0,0.0,0.9393372521111448,False,True,,1.0,0.0,0.0,9.988439306358382,10.078125,9.971148297749568,expert_labels,10,10,10,10.078125,0.0,0.0,0.078125,0.0,10,0,0,0,2484.375,0.0451054897804395,True,10.026041666666666,0.026041666666666,10.0,0.0,1,w10s_nonoverlap,10 s / 0% overlap
CapnoBase,0333,early_fusion_identity_rawppg_kopt_fs64_eventdecoder,0,1,4,180.0,240.0,10,11,10.0,11.0,1.0,0.9336688558534908,False,True,,1.0,0.0,0.0,9.991326973113615,10.078125,9.9855533082924,expert_labels,10,10,10,10.078125,0.0,0.0,0.078125,0.0,10,0,0,0,5406.25,0.0451054897804395,True,10.026041666666666,0.026041666666666,10.0,0.0,1,w10s_nonoverlap,10 s / 0% overlap
CapnoBase,0333,early_fusion_identity_rawppg_kopt_fs64_eventdecoder,0,1,5,240.0,300.0,10,11,10.0,11.0,1.0,0.9378933155487008,False,True,,1.0,0.0,0.0,10.0,10.078125,9.979786312445857,expert_labels,10,10,10,9.84375,0.0,0.0,0.15625,0.0,10,0,0,0,4921.875,0.090210979560879,True,9.947916666666666,0.0520833333333339,10.0,0.0,1,w10s_nonoverlap,10 s / 0% overlap
CapnoBase,0333,early_fusion_identity_rawppg_kopt_fs64_eventdecoder,0,1,6,300.0,360.0,10,12,10.0,12.0,2.0,0.898090164422561,False,True,,1.0,0.0,0.0,9.997107318484236,10.078125,9.997107318484236,expert_labels,10,10,11,10.078125,0.0,1.0,0.078125,0.0,10,0,0,0,4859.375,0.5561709915799277,True,10.359375,0.359375,10.078125,0.078125,1,w10s_nonoverlap,10 s / 0% overlap
CapnoBase,0333,early_fusion_identity_rawppg_kopt_fs64_eventdecoder,0,1,7,360.0,420.0,10,16,10.0,16.0,6.0,0.6674186933645395,False,True,,1.0,0.0,0.0622395833333333,9.988439306358382,9.84375,10.0,expert_labels,10,15,15,9.84375,5.0,5.0,0.15625,5.0,10,0,5,5,6453.125,2.976962325509008,True,13.28125,3.28125,15.0,5.0,1,w10s_nonoverlap,10 s / 0% overlap
CapnoBase,0333,early_fusion_identity_rawppg_kopt_fs64_eventdecoder,0,1,8,420.0,480.0,10,12,10.0,12.0,2.0,0.9205504680963964,False,True,,1.0,0.0,0.0,9.991326973113615,10.078125,9.991326973113615,expert_labels,10,10,11,9.84375,0.0,1.0,0.15625,0.0,10,0,0,0,5109.375,0.6273393718713979,True,10.28125,0.28125,10.0,0.0,1,w10s_nonoverlap,10 s / 0% overlap
CapnoBase,0370,early_fusion_identity_rawppg_kopt_fs64_eventdecoder,0,3,1,60.0,120.0,12,18,12.0,18.0,6.0,0.3488637727868995,False,True,,1.0,0.0,0.1270833333333333,15.53956834532374,15.9375,15.992596020360944,expert_labels,10,15,15,15.234375,5.0,5.0,5.234375,5.0,8,2,7,9,4359.375,0.1353164693413185,True,15.078125,5.078125,15.0,5.0,1,w10s_nonoverlap,10 s / 0% overlap
CapnoBase,0370,early_fusion_identity_rawppg_kopt_fs64_eventdecoder,0,3,2,120.0,180.0,9,14,9.0,14.0,5.0,-0.0166205747532396,False,True,,1.0,0.0,0.0,13.016949152542374,4.453125,8.453494771601541,expert_labels,9,11,13,12.421875,2.0,4.0,3.421875,2.0,5,4,6,10,2750.0,1.0292357222109034,True,12.140625,3.140625,12.421875,3.421875,1,w10s_nonoverlap,10 s / 0% overlap
CapnoBase,0370,early_fusion_identity_rawppg_kopt_fs64_eventdecoder,0,3,3,180.0,240.0,8,15,8.0,15.0,7.0,-0.2180937896884677,False,False,ref_rr_undefined,1.0,0.0,0.0,6.972310485701317,4.21875,,expert_labels,1,12,12,12.1875,11.0,11.0,11.1875,11.0,1,0,11,11,109.375,0.1082531754730548,True,12.0625,11.0625,12.0,11.0,1,w10s_nonoverlap,10 s / 0% overlap
CapnoBase,0370,early_fusion_identity_rawppg_kopt_fs64_eventdecoder,0,3,4,240.0,300.0,9,13,9.0,13.0,4.0,0.5044680267963689,False,True,,1.0,0.0,0.0,8.7557003257329,11.484375,9.014084507042254,expert_labels,9,12,13,12.65625,3.0,4.0,3.65625,3.0,6,3,6,9,2515.625,0.5080728499273832,True,12.552083333333334,3.552083333333334,12.65625,3.65625,1,w10s_nonoverlap,10 s / 0% overlap
CapnoBase,0370,early_fusion_identity_rawppg_kopt_fs64_eventdecoder,0,3,5,300.0,360.0,10,13,10.0,13.0,3.0,0.8749446670550607,True,True,,1.0,0.0,0.0,9.817833173537872,9.84375,9.905417024935511,expert_labels,10,9,11,9.84375,1.0,1.0,0.15625,-1.0,10,0,0,0,3234.375,1.0040607655084095,True,9.947916666666666,0.0520833333333339,9.84375,0.15625,1,w10s_nonoverlap,10 s / 0% overlap
CapnoBase,0370,early_fusion_identity_rawppg_kopt_fs64_eventdecoder,0,3,6,360.0,420.0,9,17,9.0,17.0,8.0,0.7312048233603923,False,True,,1.0,0.0,0.0,8.754630948988316,8.671875,8.64864864864865,expert_labels,8,10,11,8.671875,2.0,3.0,0.671875,2.0,8,0,1,1,2843.75,1.167909958804616,True,9.890625,1.890625,10.0,2.0,1,w10s_nonoverlap,10 s / 0% overlap
CapnoBase,0370,early_fusion_identity_rawppg_kopt_fs64_eventdecoder,0,3,7,420.0,480.0,10,15,10.0,15.0,5.0,0.7713953212129079,False,True,,0.9755208333333332,0.0,0.0,9.666456891126495,9.609375,9.70241437394722,expert_labels,10,13,13,9.609375,3.0,3.0,0.390625,3.0,10,0,3,3,3500.0,1.9575782564710749,True,11.869791666666666,1.869791666666666,13.0,3.0,1,w10s_nonoverlap,10 s / 0% overlap
