Dataset,Subject,Model,Segment_ID,Coverage_Run_Index,RR_Window_Index,RR_Window_Start_Sec,RR_Window_End_Sec,Target_Breath_Count,Prediction_Breath_Count,Target_RR_BPM_Counting,Prediction_RR_BPM_Counting,RR_AE_BPM_Counting,PCC_60s_Counting,Discordant_Legacy,Ref_Valid,Ref_Exclusion_Reason,Ref_Structural_Fraction,Ref_Artifact_Label_Fraction,PPG_Artifact_Label_Fraction,Ref_RR_CtO,Ref_RR_FFT,Ref_RR_Label,GT_Source,GT_Breath_Count,Pred_Event_Count,Pred_Wave_CtO_Count,Pred_Wave_FFT_RR,AE_Event,AE_Wave_CtO,AE_Wave_FFT,Signed_Error_Event,Peak_TP,Peak_Missed,Peak_Extra,Peak_Wrong,Peak_Timing_Error_Sum_ms,SF_Estimates_SD,SF_Retained,SF_Fused_RR,AE_SmartFusion,Median3_RR,AE_Median3,Window_Order,Window_Config,Window_Label
BIDMC,01,early_fusion_identity_rawppg_eventdecoder,0,1,1,0.0,60.0,22,21,22.0,21.0,1.0,0.6280812468665182,False,True,,1.0,0.0,0.0,22.98775510204082,23.4375,,detected_breaths,22,21,20,22.03125,1.0,2.0,0.03125,-1.0,19,3,2,5,5843.75,1.0156650633123765,True,21.010416666666668,0.989583333333332,21.0,1.0,1,w10s_nonoverlap,10 s / 0% overlap
BIDMC,01,early_fusion_identity_rawppg_eventdecoder,0,1,2,60.0,120.0,22,18,22.0,18.0,4.0,0.2489462029690222,False,True,,1.0,0.0,0.0,21.97874080130826,22.5,,detected_breaths,22,18,17,22.03125,4.0,5.0,0.03125,-4.0,14,8,4,12,5070.3125,2.6634705781805312,True,19.010416666666668,2.989583333333332,18.0,4.0,1,w10s_nonoverlap,10 s / 0% overlap
BIDMC,01,early_fusion_identity_rawppg_eventdecoder,0,1,3,120.0,180.0,21,21,21.0,21.0,0.0,0.7506094183034183,False,True,,1.0,0.0,0.0,21.02093882578349,21.5625,,detected_breaths,21,21,19,21.5625,0.0,2.0,0.5625,0.0,19,2,2,4,5132.8125,1.3467746965744989,True,20.52083333333333,0.4791666666666678,21.0,0.0,1,w10s_nonoverlap,10 s / 0% overlap
BIDMC,01,early_fusion_identity_rawppg_eventdecoder,0,1,4,180.0,240.0,21,21,21.0,21.0,0.0,0.7378370561566759,False,True,,1.0,0.0,0.0,21.107599285419816,21.09375,,detected_breaths,22,21,22,20.625,1.0,0.0,1.375,-1.0,19,3,3,6,6609.375,0.7107800878846658,True,21.20833333333333,0.7916666666666679,21.0,1.0,1,w10s_nonoverlap,10 s / 0% overlap
BIDMC,01,early_fusion_identity_rawppg_eventdecoder,0,1,5,240.0,300.0,21,21,21.0,21.0,0.0,0.785590771980983,False,True,,1.0,0.0,0.0,20.684082951791005,20.625,,detected_breaths,20,22,18,20.625,2.0,2.0,0.625,2.0,19,1,2,3,5507.8125,2.0322913997095333,True,20.20833333333333,0.2083333333333321,20.625,0.625,1,w10s_nonoverlap,10 s / 0% overlap
BIDMC,01,early_fusion_identity_rawppg_eventdecoder,0,1,6,300.0,360.0,20,21,20.0,21.0,1.0,0.771539892333301,False,True,,1.0,0.0,0.0,20.377042312526186,20.625,,detected_breaths,21,21,20,20.625,0.0,1.0,0.375,0.0,20,1,1,2,5484.375,0.5051814855409226,True,20.541666666666668,0.4583333333333321,20.625,0.375,1,w10s_nonoverlap,10 s / 0% overlap
BIDMC,01,early_fusion_identity_rawppg_eventdecoder,0,1,7,360.0,420.0,20,21,20.0,21.0,1.0,0.6416345532952824,False,True,,1.0,0.0,0.0,20.99507927829415,21.09375,,detected_breaths,21,22,20,21.09375,1.0,1.0,0.09375,1.0,17,4,5,9,5601.5625,1.0014637724351292,True,21.03125,0.03125,21.09375,0.09375,1,w10s_nonoverlap,10 s / 0% overlap
BIDMC,01,early_fusion_identity_rawppg_eventdecoder,0,1,8,420.0,480.0,20,20,20.0,20.0,0.0,0.7515150603923351,False,True,,1.0,0.0,0.0,21.125017191583,21.09375,,detected_breaths,20,21,17,21.09375,1.0,3.0,1.09375,1.0,20,0,1,1,5937.5,2.3369345349909425,True,19.697916666666668,0.3020833333333321,21.0,1.0,1,w10s_nonoverlap,10 s / 0% overlap
BIDMC,02,early_fusion_identity_rawppg_eventdecoder,0,1,1,0.0,60.0,16,17,16.0,17.0,1.0,0.6544205823891793,False,True,,1.0,0.0,0.0,16.035634743875278,15.9375,,detected_breaths,16,21,17,15.9375,5.0,1.0,0.0625,5.0,14,2,7,9,4390.625,2.6695134544207364,True,17.979166666666668,1.979166666666668,17.0,1.0,1,w10s_nonoverlap,10 s / 0% overlap
BIDMC,02,early_fusion_identity_rawppg_eventdecoder,0,1,2,60.0,120.0,15,19,15.0,19.0,4.0,0.5058096994328836,False,True,,1.0,0.0,0.0,15.122362869198312,15.0,,detected_breaths,15,17,18,15.0,2.0,3.0,0.0,2.0,13,2,5,7,6507.8125,1.5275252316519463,True,16.666666666666668,1.666666666666668,17.0,2.0,1,w10s_nonoverlap,10 s / 0% overlap
BIDMC,02,early_fusion_identity_rawppg_eventdecoder,0,1,3,120.0,180.0,16,18,16.0,18.0,2.0,0.507202197269671,False,True,,1.0,0.0,0.0,14.95618305744888,15.9375,,detected_breaths,15,19,17,16.40625,4.0,2.0,1.40625,4.0,14,1,4,5,6265.625,1.3589259315724311,True,17.46875,2.46875,17.0,2.0,1,w10s_nonoverlap,10 s / 0% overlap
BIDMC,02,early_fusion_identity_rawppg_eventdecoder,0,1,4,180.0,240.0,16,18,16.0,18.0,2.0,0.4618244464316371,False,True,,1.0,0.0,0.0,15.368196371398078,15.46875,,detected_breaths,15,17,17,15.0,2.0,2.0,0.0,2.0,12,3,5,8,5039.0625,1.1547005383792517,True,16.333333333333332,1.333333333333332,17.0,2.0,1,w10s_nonoverlap,10 s / 0% overlap
BIDMC,02,early_fusion_identity_rawppg_eventdecoder,0,1,5,240.0,300.0,15,16,15.0,16.0,1.0,0.6316567419577944,False,True,,1.0,0.0,0.0,14.964509394572026,14.53125,,detected_breaths,15,16,15,15.0,1.0,0.0,0.0,1.0,14,1,2,3,7328.125,0.5773502691896257,True,15.333333333333334,0.3333333333333339,15.0,0.0,1,w10s_nonoverlap,10 s / 0% overlap
BIDMC,02,early_fusion_identity_rawppg_eventdecoder,0,1,6,300.0,360.0,16,18,16.0,18.0,2.0,0.406717632842672,False,True,,1.0,0.0,0.0,16.756363636363638,15.9375,,detected_breaths,17,18,16,16.40625,1.0,1.0,0.59375,1.0,13,4,5,9,6250.0,1.0571248842181955,True,16.802083333333332,0.1979166666666678,16.40625,0.59375,1,w10s_nonoverlap,10 s / 0% overlap
BIDMC,02,early_fusion_identity_rawppg_eventdecoder,0,1,7,360.0,420.0,15,20,15.0,20.0,5.0,0.5722778254689338,False,True,,1.0,0.0,0.0,14.48470968611074,14.0625,,detected_breaths,14,21,19,18.28125,7.0,5.0,4.28125,7.0,14,0,7,7,4843.75,1.40879399517223,True,19.42708333333333,5.427083333333332,19.0,5.0,1,w10s_nonoverlap,10 s / 0% overlap
BIDMC,02,early_fusion_identity_rawppg_eventdecoder,0,1,8,420.0,480.0,15,18,15.0,18.0,3.0,0.414957964863116,False,True,,1.0,0.0,0.0,15.412844036697248,15.46875,,detected_breaths,15,19,17,15.0,4.0,2.0,0.0,4.0,13,2,6,8,5476.5625,2.0,True,17.0,2.0,17.0,2.0,1,w10s_nonoverlap,10 s / 0% overlap
BIDMC,03,early_fusion_identity_rawppg_eventdecoder,0,1,1,0.0,60.0,18,17,18.0,17.0,1.0,0.7848417471904046,False,True,,1.0,0.0,0.0,17.48025170705583,17.34375,,detected_breaths,17,18,17,17.34375,1.0,0.0,0.34375,1.0,15,2,3,5,3625.0,0.5080728499273832,True,17.447916666666668,0.4479166666666678,17.34375,0.34375,1,w10s_nonoverlap,10 s / 0% overlap
BIDMC,03,early_fusion_identity_rawppg_eventdecoder,0,1,2,60.0,120.0,17,18,17.0,18.0,1.0,0.7806266307450646,False,True,,1.0,0.0,0.0,16.855967078189302,17.8125,,detected_breaths,17,19,18,17.8125,2.0,1.0,0.8125,2.0,16,1,3,4,3679.6875,0.6383980602518567,True,18.27083333333333,1.270833333333332,18.0,1.0,1,w10s_nonoverlap,10 s / 0% overlap
BIDMC,03,early_fusion_identity_rawppg_eventdecoder,0,1,3,120.0,180.0,18,18,18.0,18.0,0.0,0.7434923588020257,False,True,,1.0,0.0,0.0,18.672768878718536,19.21875,,detected_breaths,18,19,19,18.75,1.0,1.0,0.75,1.0,17,1,2,3,4992.1875,0.1443375672974064,True,18.916666666666668,0.916666666666668,19.0,1.0,1,w10s_nonoverlap,10 s / 0% overlap
BIDMC,03,early_fusion_identity_rawppg_eventdecoder,0,1,4,180.0,240.0,18,19,18.0,19.0,1.0,0.7413418196743577,False,True,,1.0,0.0,0.0,17.758433079434166,17.8125,,detected_breaths,18,18,18,17.8125,0.0,0.0,0.1875,0.0,15,3,3,6,3750.0,0.1082531754730548,True,17.9375,0.0625,18.0,0.0,1,w10s_nonoverlap,10 s / 0% overlap
BIDMC,03,early_fusion_identity_rawppg_eventdecoder,0,1,5,240.0,300.0,18,18,18.0,18.0,0.0,0.946729619983546,False,True,,1.0,0.0,0.0,17.77777777777778,17.8125,,detected_breaths,18,18,18,17.8125,0.0,0.0,0.1875,0.0,18,0,0,0,3437.5,0.1082531754730548,True,17.9375,0.0625,18.0,0.0,1,w10s_nonoverlap,10 s / 0% overlap
BIDMC,03,early_fusion_identity_rawppg_eventdecoder,0,1,6,300.0,360.0,17,17,17.0,17.0,0.0,0.7846621612301381,False,True,,1.0,0.0,0.0,17.79064716953815,17.8125,,detected_breaths,18,19,18,17.8125,1.0,0.0,0.1875,1.0,16,2,3,5,3429.6875,0.6383980602518567,True,18.27083333333333,0.2708333333333321,18.0,0.0,1,w10s_nonoverlap,10 s / 0% overlap
BIDMC,03,early_fusion_identity_rawppg_eventdecoder,0,1,7,360.0,420.0,17,17,17.0,17.0,0.0,0.962748695223493,False,True,,1.0,0.0,0.0,17.976042957455597,18.75,,detected_breaths,18,18,18,18.75,0.0,0.0,0.75,0.0,18,0,0,0,3765.625,0.4330127018922193,True,18.25,0.25,18.0,0.0,1,w10s_nonoverlap,10 s / 0% overlap
BIDMC,03,early_fusion_identity_rawppg_eventdecoder,0,1,8,420.0,480.0,17,19,17.0,19.0,2.0,0.7783150663237954,False,True,,1.0,0.0,0.0,16.937284631288765,17.34375,,detected_breaths,16,19,17,16.875,3.0,1.0,0.875,3.0,15,1,4,5,3781.25,1.192424001771182,True,17.625,1.625,17.0,1.0,1,w10s_nonoverlap,10 s / 0% overlap
BIDMC,04,early_fusion_identity_rawppg_eventdecoder,0,1,1,0.0,60.0,16,18,16.0,18.0,2.0,0.8166372678340796,False,True,,1.0,0.0,0.0,17.21065119957817,16.40625,,detected_breaths,17,18,17,16.875,1.0,0.0,0.125,1.0,15,2,3,5,2023.4375,0.6166103577895309,True,17.291666666666668,0.2916666666666678,17.0,0.0,1,w10s_nonoverlap,10 s / 0% overlap
BIDMC,04,early_fusion_identity_rawppg_eventdecoder,0,1,2,60.0,120.0,16,17,16.0,17.0,1.0,0.7848543097259615,False,True,,1.0,0.0,0.0,16.700492896491735,16.40625,,detected_breaths,17,17,18,16.875,0.0,1.0,0.125,0.0,17,0,1,1,4890.625,0.6166103577895309,True,17.291666666666668,0.2916666666666678,17.0,0.0,1,w10s_nonoverlap,10 s / 0% overlap
BIDMC,04,early_fusion_identity_rawppg_eventdecoder,0,1,3,120.0,180.0,17,18,17.0,18.0,1.0,0.804991362757246,False,True,,1.0,0.0,0.0,17.026465290286822,17.34375,,detected_breaths,17,18,17,17.34375,1.0,0.0,0.34375,1.0,17,0,0,0,3390.625,0.5080728499273832,True,17.447916666666668,0.4479166666666678,17.34375,0.34375,1,w10s_nonoverlap,10 s / 0% overlap
BIDMC,04,early_fusion_identity_rawppg_eventdecoder,0,1,4,180.0,240.0,17,16,17.0,16.0,1.0,0.7739277040864516,False,True,,1.0,0.0,0.0,16.75712532387836,16.875,,detected_breaths,16,17,15,16.875,1.0,1.0,0.875,1.0,15,1,2,3,3257.8125,1.1203608049790628,True,16.291666666666668,0.2916666666666678,16.875,0.875,1,w10s_nonoverlap,10 s / 0% overlap
BIDMC,04,early_fusion_identity_rawppg_eventdecoder,0,1,5,240.0,300.0,17,17,17.0,17.0,0.0,0.7946543200458306,False,True,,1.0,0.0,0.0,16.008893829905503,16.40625,,detected_breaths,16,17,17,16.40625,1.0,1.0,0.40625,1.0,15,1,2,3,3335.9375,0.3428017223313403,True,16.802083333333332,0.8020833333333321,17.0,1.0,1,w10s_nonoverlap,10 s / 0% overlap
BIDMC,04,early_fusion_identity_rawppg_eventdecoder,0,1,6,300.0,360.0,17,17,17.0,17.0,0.0,0.6181767160188092,False,True,,1.0,0.0,0.0,17.57437070938215,16.40625,,detected_breaths,18,17,17,19.6875,1.0,1.0,1.6875,-1.0,14,4,3,7,2835.9375,1.5516288484471192,True,17.895833333333332,0.1041666666666678,17.0,1.0,1,w10s_nonoverlap,10 s / 0% overlap
BIDMC,04,early_fusion_identity_rawppg_eventdecoder,0,1,7,360.0,420.0,16,21,16.0,21.0,5.0,0.6245430793276043,False,True,,1.0,0.0,0.0,15.900621118012422,16.40625,,detected_breaths,16,17,18,16.40625,1.0,2.0,0.40625,1.0,14,2,3,5,4328.125,0.8054582675926377,True,17.135416666666668,1.135416666666668,17.0,1.0,1,w10s_nonoverlap,10 s / 0% overlap
BIDMC,04,early_fusion_identity_rawppg_eventdecoder,0,1,8,420.0,480.0,15,17,15.0,17.0,2.0,0.8861628002804941,False,True,,1.0,0.0,0.0,15.765395894428153,15.9375,,detected_breaths,15,16,15,15.9375,1.0,0.0,0.9375,1.0,14,1,2,3,2539.0625,0.5601804024895314,True,15.645833333333334,0.6458333333333339,15.9375,0.9375,1,w10s_nonoverlap,10 s / 0% overlap
BIDMC,05,early_fusion_identity_rawppg_eventdecoder,0,1,1,0.0,60.0,12,18,12.0,18.0,6.0,0.4069231610102175,False,True,,1.0,0.0,0.0,10.42628292153136,12.1875,,detected_breaths,11,17,15,12.1875,6.0,4.0,1.1875,6.0,9,2,8,10,2976.5625,2.4176542522315576,True,14.729166666666666,3.729166666666666,15.0,4.0,1,w10s_nonoverlap,10 s / 0% overlap
BIDMC,05,early_fusion_identity_rawppg_eventdecoder,0,1,2,60.0,120.0,12,19,12.0,19.0,7.0,0.4718827013135929,False,False,ref_disagreement,1.0,0.0,0.0,9.896907216494846,6.5625,,detected_breaths,10,19,18,17.8125,9.0,8.0,7.8125,9.0,7,3,12,15,3007.8125,0.6383980602518567,True,18.27083333333333,8.270833333333332,18.0,8.0,1,w10s_nonoverlap,10 s / 0% overlap
BIDMC,05,early_fusion_identity_rawppg_eventdecoder,0,2,1,130.0,190.0,12,18,12.0,18.0,6.0,0.4418905807562799,False,False,ref_disagreement,1.0,0.0,0.0,9.916786226685796,12.1875,,detected_breaths,9,16,15,15.9375,7.0,6.0,6.9375,7.0,8,1,8,9,6218.75,0.5601804024895314,True,15.645833333333334,6.645833333333334,15.9375,6.9375,1,w10s_nonoverlap,10 s / 0% overlap
BIDMC,05,early_fusion_identity_rawppg_eventdecoder,0,2,2,190.0,250.0,11,19,11.0,19.0,8.0,0.5776028636109285,False,True,,1.0,0.0,0.0,10.434782608695652,10.78125,,detected_breaths,11,17,16,9.84375,6.0,5.0,1.15625,6.0,11,0,6,6,4906.25,3.8753780057563416,True,14.28125,3.28125,16.0,5.0,1,w10s_nonoverlap,10 s / 0% overlap
BIDMC,05,early_fusion_identity_rawppg_eventdecoder,0,2,3,250.0,310.0,12,19,12.0,19.0,7.0,0.720807812979172,False,False,ref_disagreement,1.0,0.0,0.0,7.615809604759881,14.0625,,detected_breaths,8,17,13,11.71875,9.0,5.0,3.71875,9.0,7,1,10,11,3492.1875,2.7547898626755543,True,13.90625,5.90625,13.0,5.0,1,w10s_nonoverlap,10 s / 0% overlap
BIDMC,05,early_fusion_identity_rawppg_eventdecoder,0,2,4,310.0,370.0,11,21,11.0,21.0,10.0,0.6642734575104134,False,False,ref_disagreement,1.0,0.0,0.0,9.276762796315868,12.1875,,detected_breaths,9,21,19,18.28125,12.0,10.0,9.28125,12.0,9,0,12,12,4476.5625,1.40879399517223,True,19.42708333333333,10.427083333333332,19.0,10.0,1,w10s_nonoverlap,10 s / 0% overlap
BIDMC,05,early_fusion_identity_rawppg_eventdecoder,0,2,5,370.0,430.0,12,18,12.0,18.0,6.0,0.7830651037646326,False,False,ref_disagreement,1.0,0.0,0.0,10.261282660332542,12.65625,,detected_breaths,10,14,14,12.65625,4.0,4.0,2.65625,4.0,8,2,6,8,3875.0,0.7758144242235596,True,13.552083333333334,3.552083333333334,14.0,4.0,1,w10s_nonoverlap,10 s / 0% overlap
BIDMC,06,early_fusion_identity_rawppg_eventdecoder,0,1,1,0.0,60.0,19,19,19.0,19.0,0.0,0.737431460481057,False,True,,1.0,0.0,0.0,20.096405453794244,20.15625,,detected_breaths,20,20,20,20.15625,0.0,0.0,0.15625,0.0,20,0,0,0,7500.0,0.090210979560879,True,20.05208333333333,0.0520833333333321,20.0,0.0,1,w10s_nonoverlap,10 s / 0% overlap
BIDMC,06,early_fusion_identity_rawppg_eventdecoder,0,1,2,60.0,120.0,19,19,19.0,19.0,0.0,0.6672984019757882,False,True,,1.0,0.0,0.0,20.03019903912148,20.15625,,detected_breaths,20,20,20,20.15625,0.0,0.0,0.15625,0.0,20,0,0,0,7695.3125,0.090210979560879,True,20.05208333333333,0.0520833333333321,20.0,0.0,1,w10s_nonoverlap,10 s / 0% overlap
BIDMC,06,early_fusion_identity_rawppg_eventdecoder,0,1,3,120.0,180.0,19,19,19.0,19.0,0.0,0.8444575833755605,False,True,,1.0,0.0,0.0,20.0082270670506,20.15625,,detected_breaths,20,20,20,20.15625,0.0,0.0,0.15625,0.0,20,0,0,0,5210.9375,0.090210979560879,True,20.05208333333333,0.0520833333333321,20.0,0.0,1,w10s_nonoverlap,10 s / 0% overlap
BIDMC,06,early_fusion_identity_rawppg_eventdecoder,0,1,4,180.0,240.0,19,19,19.0,19.0,0.0,0.8294028309336289,False,True,,1.0,0.0,0.0,19.99177969584875,20.15625,,detected_breaths,20,20,20,20.15625,0.0,0.0,0.15625,0.0,20,0,0,0,5937.5,0.090210979560879,True,20.05208333333333,0.0520833333333321,20.0,0.0,1,w10s_nonoverlap,10 s / 0% overlap
BIDMC,06,early_fusion_identity_rawppg_eventdecoder,0,1,5,240.0,300.0,19,19,19.0,19.0,0.0,0.7351308270872168,False,True,,1.0,0.0,0.0,20.027449903925337,20.15625,,detected_breaths,20,21,20,20.15625,1.0,0.0,0.15625,1.0,19,1,2,3,5671.875,0.5379479722364732,True,20.385416666666668,0.3854166666666678,20.15625,0.15625,1,w10s_nonoverlap,10 s / 0% overlap
BIDMC,06,early_fusion_identity_rawppg_eventdecoder,0,1,6,300.0,360.0,19,19,19.0,19.0,0.0,0.6487820737541149,False,True,,1.0,0.0,0.0,18.970769864141623,20.15625,,detected_breaths,19,21,20,20.15625,2.0,1.0,1.15625,2.0,18,1,3,4,5890.625,0.5379479722364732,True,20.385416666666668,1.385416666666668,20.15625,1.15625,1,w10s_nonoverlap,10 s / 0% overlap
BIDMC,06,early_fusion_identity_rawppg_eventdecoder,0,1,7,360.0,420.0,19,19,19.0,19.0,0.0,0.8680975501824342,False,True,,1.0,0.0,0.0,20.05497526113249,20.15625,,detected_breaths,20,20,20,20.15625,0.0,0.0,0.15625,0.0,20,0,0,0,4843.75,0.090210979560879,True,20.05208333333333,0.0520833333333321,20.0,0.0,1,w10s_nonoverlap,10 s / 0% overlap
BIDMC,06,early_fusion_identity_rawppg_eventdecoder,0,1,8,420.0,480.0,19,19,19.0,19.0,0.0,0.8015961118167263,False,True,,1.0,0.0,0.0,19.994214636968472,20.15625,,detected_breaths,19,20,19,20.15625,1.0,0.0,1.15625,1.0,19,0,1,1,5460.9375,0.6273393718713979,True,19.71875,0.71875,20.0,1.0,1,w10s_nonoverlap,10 s / 0% overlap
BIDMC,07,early_fusion_identity_rawppg_eventdecoder,0,1,1,0.0,60.0,20,19,20.0,19.0,1.0,0.2979571448439494,False,True,,1.0,0.0,0.0,19.96442741825147,20.15625,,detected_breaths,20,20,18,20.15625,0.0,2.0,0.15625,0.0,16,4,4,8,7281.25,1.2023468804106965,True,19.385416666666668,0.6145833333333321,20.0,0.0,1,w10s_nonoverlap,10 s / 0% overlap
BIDMC,07,early_fusion_identity_rawppg_eventdecoder,0,1,2,60.0,120.0,20,17,20.0,17.0,3.0,0.290253627014167,False,True,,1.0,0.0,0.0,20.038450975006867,20.15625,,detected_breaths,20,20,15,20.15625,0.0,5.0,0.15625,0.0,20,0,0,0,7945.3125,2.9328975469377263,True,18.385416666666668,1.614583333333332,20.0,0.0,1,w10s_nonoverlap,10 s / 0% overlap
BIDMC,07,early_fusion_identity_rawppg_eventdecoder,0,1,3,120.0,180.0,20,18,20.0,18.0,2.0,0.3385189827500557,False,True,,1.0,0.0,0.0,20.00274160383825,20.15625,,detected_breaths,20,21,18,20.15625,1.0,2.0,0.15625,1.0,19,1,2,3,8015.625,1.5471117243108203,True,19.71875,0.28125,20.15625,0.15625,1,w10s_nonoverlap,10 s / 0% overlap
BIDMC,07,early_fusion_identity_rawppg_eventdecoder,0,1,4,180.0,240.0,20,18,20.0,18.0,2.0,0.309158976973788,False,True,,1.0,0.0,0.0,19.96169630642955,20.15625,,detected_breaths,20,21,16,20.15625,1.0,4.0,0.15625,1.0,18,2,3,5,7851.5625,2.6766374466545395,True,19.05208333333333,0.947916666666668,20.15625,0.15625,1,w10s_nonoverlap,10 s / 0% overlap
BIDMC,07,early_fusion_identity_rawppg_eventdecoder,0,1,5,240.0,300.0,20,19,20.0,19.0,1.0,0.3727373947875143,False,True,,1.0,0.0,0.0,20.0082270670506,20.15625,,detected_breaths,20,21,16,14.0625,1.0,4.0,5.9375,1.0,19,1,2,3,5867.1875,3.579637144087838,True,17.020833333333332,2.979166666666668,16.0,4.0,1,w10s_nonoverlap,10 s / 0% overlap
BIDMC,07,early_fusion_identity_rawppg_eventdecoder,0,1,6,300.0,360.0,20,19,20.0,19.0,1.0,0.4133159436256193,False,True,,1.0,0.0,0.0,19.89334145969831,20.15625,,detected_breaths,19,19,16,20.15625,0.0,3.0,1.15625,0.0,18,1,1,2,6656.25,2.145201160924852,True,18.385416666666668,0.6145833333333321,19.0,0.0,1,w10s_nonoverlap,10 s / 0% overlap
BIDMC,07,early_fusion_identity_rawppg_eventdecoder,0,1,7,360.0,420.0,20,19,20.0,19.0,1.0,0.3089813172482264,False,True,,1.0,0.0,0.0,20.021953896816687,20.15625,,detected_breaths,20,20,19,19.6875,0.0,1.0,0.3125,0.0,18,2,2,4,6921.875,0.5115845482420281,True,19.5625,0.4375,19.6875,0.3125,1,w10s_nonoverlap,10 s / 0% overlap
BIDMC,07,early_fusion_identity_rawppg_eventdecoder,0,1,8,420.0,480.0,20,18,20.0,18.0,2.0,0.3801504730454964,False,True,,1.0,0.0,0.0,19.96169630642955,20.15625,,detected_breaths,20,20,14,20.15625,0.0,6.0,0.15625,0.0,18,2,2,4,6976.5625,3.5100766403076347,True,18.05208333333333,1.947916666666668,20.0,0.0,1,w10s_nonoverlap,10 s / 0% overlap
BIDMC,08,early_fusion_identity_rawppg_eventdecoder,0,1,1,0.0,60.0,21,19,21.0,19.0,2.0,0.0758312336455086,False,True,,1.0,0.0,0.0,21.25951557093425,19.6875,,detected_breaths,21,22,16,19.21875,1.0,5.0,1.78125,1.0,12,9,10,19,4734.375,3.002657243315216,True,19.072916666666668,1.927083333333332,19.21875,1.78125,1,w10s_nonoverlap,10 s / 0% overlap
BIDMC,08,early_fusion_identity_rawppg_eventdecoder,0,1,2,60.0,120.0,21,20,21.0,20.0,1.0,0.0471327067489682,False,True,,1.0,0.0,0.0,21.530698065601342,21.09375,,detected_breaths,21,23,16,16.875,2.0,5.0,4.125,2.0,13,8,10,18,5187.5,3.8140365755980894,True,18.625,2.375,16.875,4.125,1,w10s_nonoverlap,10 s / 0% overlap
BIDMC,08,early_fusion_identity_rawppg_eventdecoder,0,1,3,120.0,180.0,20,19,20.0,19.0,1.0,0.1159310674982203,False,True,,1.0,0.0,0.0,20.58690744920993,21.09375,,detected_breaths,20,24,19,20.625,4.0,1.0,0.625,4.0,10,10,14,24,3921.875,2.5505309904671485,True,21.20833333333333,1.208333333333332,20.625,0.625,1,w10s_nonoverlap,10 s / 0% overlap
BIDMC,08,early_fusion_identity_rawppg_eventdecoder,0,1,4,180.0,240.0,21,21,21.0,21.0,0.0,0.1235323137070197,False,True,,1.0,0.0,0.0,21.426863292148266,21.5625,,detected_breaths,22,22,17,22.03125,0.0,5.0,0.03125,0.0,12,10,10,20,3578.125,2.895814598260738,True,20.34375,1.65625,22.0,0.0,1,w10s_nonoverlap,10 s / 0% overlap
BIDMC,08,early_fusion_identity_rawppg_eventdecoder,0,1,5,240.0,300.0,21,19,21.0,19.0,2.0,0.2949414760946818,False,True,,1.0,0.0,0.0,21.40468227424749,21.5625,,detected_breaths,21,23,17,21.5625,2.0,4.0,0.5625,2.0,13,8,10,18,4929.6875,3.132698849767295,True,20.52083333333333,0.4791666666666678,21.5625,0.5625,1,w10s_nonoverlap,10 s / 0% overlap
BIDMC,08,early_fusion_identity_rawppg_eventdecoder,0,1,6,300.0,360.0,21,19,21.0,19.0,2.0,0.0846286686799642,False,True,,1.0,0.0,0.0,21.18036403750689,21.5625,,detected_breaths,22,25,19,17.8125,3.0,3.0,4.1875,3.0,15,7,10,17,4875.0,3.852927728797068,True,20.604166666666668,1.395833333333332,19.0,3.0,1,w10s_nonoverlap,10 s / 0% overlap
BIDMC,08,early_fusion_identity_rawppg_eventdecoder,0,1,7,360.0,420.0,21,22,21.0,22.0,1.0,0.2298128218696985,False,True,,1.0,0.0,0.0,20.82994304312449,20.625,,detected_breaths,20,22,17,20.625,2.0,3.0,0.625,2.0,10,10,11,21,2585.9375,2.582997289971478,True,19.875,0.125,20.625,0.625,1,w10s_nonoverlap,10 s / 0% overlap
BIDMC,08,early_fusion_identity_rawppg_eventdecoder,0,1,8,420.0,480.0,21,18,21.0,18.0,3.0,-0.0774009466671229,False,True,,1.0,0.0,0.0,21.470506010623428,22.03125,,detected_breaths,21,24,16,24.375,3.0,5.0,3.375,3.0,12,9,13,22,4375.0,4.73077248801222,False,,,24.0,3.0,1,w10s_nonoverlap,10 s / 0% overlap
BIDMC,09,early_fusion_identity_rawppg_eventdecoder,0,1,1,0.0,60.0,20,19,20.0,19.0,1.0,0.3814635748898052,False,True,,1.0,0.0,0.0,20.021953896816687,20.15625,,detected_breaths,19,20,20,20.15625,1.0,1.0,1.15625,1.0,17,2,3,5,9164.0625,0.090210979560879,True,20.05208333333333,1.052083333333332,20.0,1.0,1,w10s_nonoverlap,10 s / 0% overlap
BIDMC,09,early_fusion_identity_rawppg_eventdecoder,0,1,2,60.0,120.0,20,19,20.0,19.0,1.0,0.3563387541525927,False,True,,1.0,0.0,0.0,20.0,20.15625,,detected_breaths,20,19,19,20.15625,1.0,1.0,0.15625,-1.0,14,6,5,11,5453.125,0.6675612487505048,True,19.385416666666668,0.6145833333333321,19.0,1.0,1,w10s_nonoverlap,10 s / 0% overlap
BIDMC,09,early_fusion_identity_rawppg_eventdecoder,0,1,3,120.0,180.0,20,19,20.0,19.0,1.0,0.3008453973920413,False,True,,1.0,0.0,0.0,19.994519046314057,20.15625,,detected_breaths,20,21,20,20.15625,1.0,0.0,0.15625,1.0,16,4,4,8,6304.6875,0.5379479722364732,True,20.385416666666668,0.3854166666666678,20.15625,0.15625,1,w10s_nonoverlap,10 s / 0% overlap
BIDMC,09,early_fusion_identity_rawppg_eventdecoder,0,1,4,180.0,240.0,20,19,20.0,19.0,1.0,0.2233342367947505,False,True,,1.0,0.0,0.0,20.016460905349795,20.15625,,detected_breaths,20,20,20,20.15625,0.0,0.0,0.15625,0.0,15,5,6,11,7695.3125,0.090210979560879,True,20.05208333333333,0.0520833333333321,20.0,0.0,1,w10s_nonoverlap,10 s / 0% overlap
BIDMC,09,early_fusion_identity_rawppg_eventdecoder,0,1,5,240.0,300.0,20,19,20.0,19.0,1.0,0.1917131022727134,False,True,,1.0,0.0,0.0,19.997259147594903,20.15625,,detected_breaths,20,20,16,19.6875,0.0,4.0,0.3125,0.0,12,8,7,15,4625.0,2.2246839663197107,True,18.5625,1.4375,19.6875,0.3125,1,w10s_nonoverlap,10 s / 0% overlap
BIDMC,09,early_fusion_identity_rawppg_eventdecoder,0,1,6,300.0,360.0,20,20,20.0,20.0,0.0,0.211424821171581,False,True,,1.0,0.0,0.0,19.994519046314057,20.15625,,detected_breaths,20,20,20,20.15625,0.0,0.0,0.15625,0.0,14,6,7,13,5421.875,0.090210979560879,True,20.05208333333333,0.0520833333333321,20.0,0.0,1,w10s_nonoverlap,10 s / 0% overlap
BIDMC,09,early_fusion_identity_rawppg_eventdecoder,0,1,7,360.0,420.0,20,19,20.0,19.0,1.0,0.2850927543968254,False,True,,1.0,0.0,0.0,20.0082270670506,20.15625,,detected_breaths,20,20,20,20.15625,0.0,0.0,0.15625,0.0,15,5,5,10,8257.8125,0.090210979560879,True,20.05208333333333,0.0520833333333321,20.0,0.0,1,w10s_nonoverlap,10 s / 0% overlap
BIDMC,09,early_fusion_identity_rawppg_eventdecoder,0,1,8,420.0,480.0,20,19,20.0,19.0,1.0,0.4045101535227254,False,True,,1.0,0.0,0.0,19.95896594173164,20.15625,,detected_breaths,20,20,19,20.15625,0.0,1.0,0.15625,0.0,18,2,2,4,9062.5,0.6273393718713979,True,19.71875,0.28125,20.0,0.0,1,w10s_nonoverlap,10 s / 0% overlap
BIDMC,10,early_fusion_identity_rawppg_eventdecoder,0,1,1,0.0,60.0,20,19,20.0,19.0,1.0,0.6158502762642457,False,True,,1.0,0.0,0.0,19.84496124031008,18.28125,,detected_breaths,20,17,17,18.28125,3.0,3.0,1.71875,-3.0,15,5,2,7,3507.8125,0.739730032399208,True,17.427083333333332,2.572916666666668,17.0,3.0,1,w10s_nonoverlap,10 s / 0% overlap
BIDMC,10,early_fusion_identity_rawppg_eventdecoder,0,1,2,60.0,120.0,18,19,18.0,19.0,1.0,0.928196207995347,False,True,,1.0,0.0,0.0,18.615674656611905,18.75,,detected_breaths,19,19,19,18.75,0.0,0.0,0.25,0.0,19,0,0,0,3382.8125,0.1443375672974064,True,18.916666666666668,0.0833333333333321,19.0,0.0,1,w10s_nonoverlap,10 s / 0% overlap
BIDMC,10,early_fusion_identity_rawppg_eventdecoder,0,1,3,120.0,180.0,18,19,18.0,19.0,1.0,0.6477467138611824,False,True,,1.0,0.0,0.0,18.553360807162143,18.28125,,detected_breaths,18,20,17,19.21875,2.0,1.0,1.21875,2.0,14,4,6,10,3109.375,1.5563420320846355,True,18.73958333333333,0.7395833333333321,19.21875,1.21875,1,w10s_nonoverlap,10 s / 0% overlap
BIDMC,10,early_fusion_identity_rawppg_eventdecoder,0,1,4,180.0,240.0,19,19,19.0,19.0,0.0,0.8463470131478941,False,True,,1.0,0.0,0.0,18.828657041678017,18.75,,detected_breaths,19,19,18,18.75,0.0,1.0,0.25,0.0,19,0,0,0,4476.5625,0.5204164998665332,True,18.58333333333333,0.4166666666666678,18.75,0.25,1,w10s_nonoverlap,10 s / 0% overlap
BIDMC,10,early_fusion_identity_rawppg_eventdecoder,0,1,5,240.0,300.0,18,18,18.0,18.0,0.0,0.7067805253749303,False,True,,1.0,0.0,0.0,17.624190064794817,17.8125,,detected_breaths,18,19,18,18.28125,1.0,0.0,0.28125,1.0,16,2,3,5,4117.1875,0.5157039081036068,True,18.42708333333333,0.4270833333333321,18.28125,0.28125,1,w10s_nonoverlap,10 s / 0% overlap
BIDMC,10,early_fusion_identity_rawppg_eventdecoder,0,1,6,300.0,360.0,20,20,20.0,20.0,0.0,0.6764118593949561,False,True,,1.0,0.0,0.0,19.91266375545852,21.09375,,detected_breaths,19,19,19,20.625,0.0,0.0,1.625,0.0,16,3,3,6,3882.8125,0.938194187433142,True,19.541666666666668,0.5416666666666679,19.0,0.0,1,w10s_nonoverlap,10 s / 0% overlap
BIDMC,10,early_fusion_identity_rawppg_eventdecoder,0,1,7,360.0,420.0,17,17,17.0,17.0,0.0,0.933403340363386,False,True,,1.0,0.0,0.0,17.831193662933625,17.8125,,detected_breaths,18,18,18,17.8125,0.0,0.0,0.1875,0.0,18,0,0,0,3039.0625,0.1082531754730548,True,17.9375,0.0625,18.0,0.0,1,w10s_nonoverlap,10 s / 0% overlap
BIDMC,10,early_fusion_identity_rawppg_eventdecoder,0,1,8,420.0,480.0,19,19,19.0,19.0,0.0,0.7818314839196834,False,False,ref_disagreement,1.0,0.0,0.0,17.202855942881143,19.6875,,detected_breaths,17,19,19,19.21875,2.0,2.0,2.21875,2.0,15,2,4,6,3156.25,0.1262953713852306,True,19.072916666666668,2.072916666666668,19.0,2.0,1,w10s_nonoverlap,10 s / 0% overlap
BIDMC,11,early_fusion_identity_rawppg_eventdecoder,0,1,1,0.0,60.0,15,14,15.0,14.0,1.0,0.4020942178305927,False,True,,1.0,0.0,0.0,14.590092064883825,15.0,,detected_breaths,14,14,14,15.0,0.0,0.0,1.0,0.0,10,4,4,8,4109.375,0.5773502691896257,True,14.333333333333334,0.3333333333333339,14.0,0.0,1,w10s_nonoverlap,10 s / 0% overlap
BIDMC,11,early_fusion_identity_rawppg_eventdecoder,0,1,2,60.0,120.0,15,15,15.0,15.0,0.0,0.4258545471559766,False,True,,1.0,0.0,0.0,14.71264367816092,15.0,,detected_breaths,14,15,15,15.0,1.0,1.0,1.0,1.0,11,3,4,7,6835.9375,0.0,True,15.0,1.0,15.0,1.0,1,w10s_nonoverlap,10 s / 0% overlap
BIDMC,11,early_fusion_identity_rawppg_eventdecoder,0,1,3,120.0,180.0,17,16,17.0,16.0,1.0,0.1498481056513629,False,False,ref_disagreement,1.0,0.0,0.0,15.951260038770425,13.59375,,detected_breaths,16,16,16,15.46875,0.0,0.0,0.53125,0.0,11,5,5,10,6132.8125,0.3067173305069887,True,15.822916666666666,0.1770833333333339,16.0,0.0,1,w10s_nonoverlap,10 s / 0% overlap
BIDMC,11,early_fusion_identity_rawppg_eventdecoder,0,1,4,180.0,240.0,13,15,13.0,15.0,2.0,0.0078162127257842,False,True,,1.0,0.0,0.0,14.098210188159706,15.0,,detected_breaths,14,14,14,15.46875,0.0,0.0,1.46875,0.0,7,7,7,14,4093.75,0.8479832078722628,True,14.489583333333334,0.4895833333333339,14.0,0.0,1,w10s_nonoverlap,10 s / 0% overlap
BIDMC,11,early_fusion_identity_rawppg_eventdecoder,0,1,5,240.0,300.0,14,15,14.0,15.0,1.0,0.4854110750312743,False,True,,1.0,0.0,0.0,14.2354031510658,14.53125,,detected_breaths,14,15,15,14.53125,1.0,1.0,0.53125,1.0,14,0,1,1,8210.9375,0.2706329386826371,True,14.84375,0.84375,15.0,1.0,1,w10s_nonoverlap,10 s / 0% overlap
BIDMC,11,early_fusion_identity_rawppg_eventdecoder,0,1,6,300.0,360.0,14,15,14.0,15.0,1.0,0.2825196741276206,False,True,,1.0,0.0,0.0,13.81294964028777,15.46875,,detected_breaths,14,16,15,15.9375,2.0,1.0,1.9375,2.0,13,1,3,4,6835.9375,0.5601804024895314,True,15.645833333333334,1.645833333333334,15.9375,1.9375,1,w10s_nonoverlap,10 s / 0% overlap
BIDMC,11,early_fusion_identity_rawppg_eventdecoder,0,1,7,360.0,420.0,17,16,17.0,16.0,1.0,0.360957330982404,False,True,,1.0,0.0,0.0,15.650047547887516,14.53125,,detected_breaths,16,16,16,14.53125,0.0,0.0,1.46875,0.0,12,4,4,8,5835.9375,0.8479832078722628,True,15.510416666666666,0.4895833333333339,16.0,0.0,1,w10s_nonoverlap,10 s / 0% overlap
BIDMC,11,early_fusion_identity_rawppg_eventdecoder,0,1,8,420.0,480.0,14,15,14.0,15.0,1.0,0.2135919037027035,False,True,,1.0,0.0,0.0,13.891748991234174,14.0625,,detected_breaths,14,14,15,14.0625,0.0,1.0,0.0625,0.0,11,3,3,6,5460.9375,0.5601804024895314,True,14.354166666666666,0.3541666666666661,14.0625,0.0625,1,w10s_nonoverlap,10 s / 0% overlap
BIDMC,12,early_fusion_identity_rawppg_eventdecoder,0,1,1,0.0,60.0,18,18,18.0,18.0,0.0,0.9342233296058846,False,True,,1.0,0.0,0.0,18.108183079056865,18.28125,,detected_breaths,18,18,18,18.28125,0.0,0.0,0.28125,0.0,18,0,0,0,3570.3125,0.1623797632095822,True,18.09375,0.09375,18.0,0.0,1,w10s_nonoverlap,10 s / 0% overlap
BIDMC,12,early_fusion_identity_rawppg_eventdecoder,0,1,2,60.0,120.0,19,19,19.0,19.0,0.0,0.9301313955180835,False,True,,1.0,0.0,0.0,18.991619727984613,18.75,,detected_breaths,19,19,19,18.75,0.0,0.0,0.25,0.0,19,0,0,0,3335.9375,0.1443375672974064,True,18.916666666666668,0.0833333333333321,19.0,0.0,1,w10s_nonoverlap,10 s / 0% overlap
BIDMC,12,early_fusion_identity_rawppg_eventdecoder,0,1,3,120.0,180.0,18,18,18.0,18.0,0.0,0.9263559999892352,False,True,,1.0,0.0,0.0,18.26780467328949,18.28125,,detected_breaths,18,18,18,18.28125,0.0,0.0,0.28125,0.0,18,0,0,0,4132.8125,0.1623797632095822,True,18.09375,0.09375,18.0,0.0,1,w10s_nonoverlap,10 s / 0% overlap
BIDMC,12,early_fusion_identity_rawppg_eventdecoder,0,1,4,180.0,240.0,17,18,17.0,18.0,1.0,0.3978604603185043,False,True,,1.0,0.0,0.0,16.99585062240664,16.875,,detected_breaths,17,19,18,18.75,2.0,1.0,1.75,2.0,12,5,7,12,4148.4375,0.5204164998665332,True,18.58333333333333,1.583333333333332,18.75,1.75,1,w10s_nonoverlap,10 s / 0% overlap
BIDMC,12,early_fusion_identity_rawppg_eventdecoder,0,1,5,240.0,300.0,19,19,19.0,19.0,0.0,0.4384366048688575,False,True,,1.0,0.0,0.0,19.256163811115755,19.6875,,detected_breaths,19,20,20,19.6875,1.0,1.0,0.6875,1.0,17,2,2,4,9242.1875,0.180421959121758,True,19.89583333333333,0.8958333333333321,20.0,1.0,1,w10s_nonoverlap,10 s / 0% overlap
BIDMC,12,early_fusion_identity_rawppg_eventdecoder,0,1,6,300.0,360.0,20,20,20.0,20.0,0.0,0.4968342894062157,False,True,,1.0,0.0,0.0,20.545746388443018,20.625,,detected_breaths,21,20,20,20.625,1.0,1.0,0.375,-1.0,21,0,0,0,10781.25,0.3608439182435161,True,20.20833333333333,0.7916666666666679,20.0,1.0,1,w10s_nonoverlap,10 s / 0% overlap
BIDMC,12,early_fusion_identity_rawppg_eventdecoder,0,1,7,360.0,420.0,20,20,20.0,20.0,0.0,0.8195466225118341,False,True,,1.0,0.0,0.0,20.35998325659272,20.625,,detected_breaths,20,20,20,20.625,0.0,0.0,0.625,0.0,20,0,0,0,4335.9375,0.3608439182435161,True,20.20833333333333,0.2083333333333321,20.0,0.0,1,w10s_nonoverlap,10 s / 0% overlap
BIDMC,12,early_fusion_identity_rawppg_eventdecoder,0,1,8,420.0,480.0,19,19,19.0,19.0,0.0,0.959790222438734,False,True,,1.0,0.0,0.0,19.072847682119203,19.21875,,detected_breaths,19,19,19,19.21875,0.0,0.0,0.21875,0.0,19,0,0,0,1726.5625,0.1262953713852306,True,19.072916666666668,0.0729166666666678,19.0,0.0,1,w10s_nonoverlap,10 s / 0% overlap
BIDMC,13,early_fusion_identity_rawppg_eventdecoder,0,1,1,0.0,60.0,19,19,19.0,19.0,0.0,0.4364227117794418,False,True,,1.0,0.0,0.0,19.072847682119203,19.21875,,detected_breaths,19,21,19,18.75,2.0,0.0,0.25,2.0,16,3,5,8,4890.625,1.2332207155790618,True,19.58333333333333,0.5833333333333321,19.0,0.0,1,w10s_nonoverlap,10 s / 0% overlap
BIDMC,13,early_fusion_identity_rawppg_eventdecoder,0,1,2,60.0,120.0,19,18,19.0,18.0,1.0,0.5523056364365511,False,True,,1.0,0.0,0.0,19.0125154724247,19.21875,,detected_breaths,19,20,19,19.21875,1.0,0.0,0.21875,1.0,15,4,5,9,4414.0625,0.5257063700393976,True,19.40625,0.40625,19.21875,0.21875,1,w10s_nonoverlap,10 s / 0% overlap
BIDMC,13,early_fusion_identity_rawppg_eventdecoder,0,1,3,120.0,180.0,19,18,19.0,18.0,1.0,0.6857640072560298,False,True,,1.0,0.0,0.0,19.432680783060327,19.21875,,detected_breaths,19,20,17,19.21875,1.0,2.0,0.21875,1.0,18,1,2,3,4507.8125,1.5563420320846355,True,18.73958333333333,0.2604166666666678,19.21875,0.21875,1,w10s_nonoverlap,10 s / 0% overlap
BIDMC,13,early_fusion_identity_rawppg_eventdecoder,0,1,4,180.0,240.0,19,19,19.0,19.0,0.0,0.573293971599832,False,True,,1.0,0.0,0.0,19.594613749114103,19.6875,,detected_breaths,20,19,18,19.6875,1.0,2.0,0.3125,-1.0,17,3,3,6,4414.0625,0.8485588272673459,True,18.89583333333333,1.104166666666668,19.0,1.0,1,w10s_nonoverlap,10 s / 0% overlap
BIDMC,13,early_fusion_identity_rawppg_eventdecoder,0,1,5,240.0,300.0,18,21,18.0,21.0,3.0,0.7313928342907626,False,True,,1.0,0.0,0.0,18.86977886977887,19.6875,,detected_breaths,17,20,18,19.6875,3.0,1.0,2.6875,3.0,14,3,5,8,3531.25,1.0758959444729463,True,19.229166666666668,2.229166666666668,19.6875,2.6875,1,w10s_nonoverlap,10 s / 0% overlap
BIDMC,13,early_fusion_identity_rawppg_eventdecoder,0,1,6,300.0,360.0,22,20,22.0,20.0,2.0,0.5427576177260374,False,True,,1.0,0.0,0.0,22.29471938070224,22.5,,detected_breaths,23,22,19,22.03125,1.0,4.0,0.96875,-1.0,19,4,3,7,4843.75,1.7411420162736104,True,21.010416666666668,1.989583333333332,22.0,1.0,1,w10s_nonoverlap,10 s / 0% overlap
BIDMC,13,early_fusion_identity_rawppg_eventdecoder,0,1,7,360.0,420.0,21,21,21.0,21.0,0.0,0.7388268915392628,False,True,,1.0,0.0,0.0,21.069958847736626,20.625,,detected_breaths,21,21,18,21.09375,0.0,3.0,0.09375,0.0,21,0,0,0,6359.375,1.759738528162636,True,20.03125,0.96875,21.0,0.0,1,w10s_nonoverlap,10 s / 0% overlap
BIDMC,13,early_fusion_identity_rawppg_eventdecoder,0,1,8,420.0,480.0,21,20,21.0,20.0,1.0,0.5507790812772366,False,True,,1.0,0.0,0.0,20.678513731825525,20.625,,detected_breaths,20,21,19,20.625,1.0,1.0,0.625,1.0,19,1,2,3,6054.6875,1.0631125685144227,True,20.20833333333333,0.2083333333333321,20.625,0.625,1,w10s_nonoverlap,10 s / 0% overlap
BIDMC,14,early_fusion_identity_rawppg_eventdecoder,0,1,1,0.0,60.0,15,18,15.0,18.0,3.0,0.6980710748638648,False,True,,1.0,0.0,0.0,13.024976873265496,12.65625,,detected_breaths,13,17,15,12.65625,4.0,2.0,0.34375,4.0,11,2,6,8,5171.875,2.174140754604755,True,14.885416666666666,1.885416666666666,15.0,2.0,1,w10s_nonoverlap,10 s / 0% overlap
BIDMC,14,early_fusion_identity_rawppg_eventdecoder,0,1,2,60.0,120.0,13,16,13.0,16.0,3.0,0.440213246843991,False,True,,1.0,0.0,0.0,12.887708012865334,12.65625,,detected_breaths,13,16,14,12.65625,3.0,1.0,0.34375,3.0,12,1,4,5,7804.6875,1.6825738282464755,True,14.21875,1.21875,14.0,1.0,1,w10s_nonoverlap,10 s / 0% overlap
BIDMC,14,early_fusion_identity_rawppg_eventdecoder,0,1,3,120.0,180.0,13,15,13.0,15.0,2.0,0.5853364581361131,False,True,,1.0,0.0,0.0,12.958380202474691,13.125,,detected_breaths,13,19,15,13.125,6.0,2.0,0.125,6.0,10,3,9,12,4632.8125,3.00086793000514,True,15.708333333333334,2.708333333333334,15.0,2.0,1,w10s_nonoverlap,10 s / 0% overlap
BIDMC,14,early_fusion_identity_rawppg_eventdecoder,0,1,4,180.0,240.0,14,15,14.0,15.0,1.0,0.6510207095442766,False,True,,1.0,0.0,0.0,13.774834437086092,13.59375,,detected_breaths,13,12,13,12.65625,1.0,0.0,0.34375,-1.0,9,4,3,7,3023.4375,0.5080728499273832,True,12.552083333333334,0.4479166666666661,12.65625,0.34375,1,w10s_nonoverlap,10 s / 0% overlap
BIDMC,14,early_fusion_identity_rawppg_eventdecoder,0,1,5,240.0,300.0,13,17,13.0,17.0,4.0,0.5408099271134711,False,True,,1.0,0.0,0.0,13.079424059451927,12.65625,,detected_breaths,13,16,15,13.125,3.0,2.0,0.125,3.0,11,2,5,7,8007.8125,1.4595233240114165,True,14.708333333333334,1.708333333333334,15.0,2.0,1,w10s_nonoverlap,10 s / 0% overlap
BIDMC,14,early_fusion_identity_rawppg_eventdecoder,0,1,6,300.0,360.0,13,16,13.0,16.0,3.0,0.4242000911361615,False,True,,1.0,0.0,0.0,12.819585477813323,13.125,,detected_breaths,13,19,15,11.25,6.0,2.0,1.75,6.0,10,3,9,12,4421.875,3.875671984744495,True,15.083333333333334,2.083333333333334,15.0,2.0,1,w10s_nonoverlap,10 s / 0% overlap
BIDMC,14,early_fusion_identity_rawppg_eventdecoder,0,1,7,360.0,420.0,14,16,14.0,16.0,2.0,0.5240824251021651,False,True,,1.0,0.0,0.0,12.765185856754307,12.65625,,detected_breaths,13,15,15,12.65625,2.0,2.0,0.34375,2.0,12,1,3,4,8945.3125,1.3531646934131851,True,14.21875,1.21875,15.0,2.0,1,w10s_nonoverlap,10 s / 0% overlap
BIDMC,14,early_fusion_identity_rawppg_eventdecoder,0,1,8,420.0,480.0,14,19,14.0,19.0,5.0,0.3423053769994557,False,False,ref_disagreement,1.0,0.0,0.0,13.932458833379847,11.25,,detected_breaths,12,20,15,15.0,8.0,3.0,3.0,8.0,11,1,9,10,8187.5,2.886751345948129,True,16.666666666666668,4.666666666666668,15.0,3.0,1,w10s_nonoverlap,10 s / 0% overlap
BIDMC,15,early_fusion_identity_rawppg_eventdecoder,0,1,1,0.0,60.0,16,16,16.0,16.0,0.0,0.6271361471972892,False,True,,1.0,0.0,0.0,15.673469387755102,16.40625,,detected_breaths,14,17,16,15.9375,3.0,2.0,1.9375,3.0,11,3,6,9,2796.875,0.596212000885591,True,16.3125,2.3125,16.0,2.0,1,w10s_nonoverlap,10 s / 0% overlap
BIDMC,15,early_fusion_identity_rawppg_eventdecoder,0,1,2,60.0,120.0,15,17,15.0,17.0,2.0,0.7097419705736927,False,True,,1.0,0.0,0.0,13.677649154051648,14.53125,,detected_breaths,13,18,16,15.46875,5.0,3.0,2.46875,5.0,12,1,6,7,4804.6875,1.3347567272103682,True,16.489583333333332,3.489583333333332,16.0,3.0,1,w10s_nonoverlap,10 s / 0% overlap
BIDMC,15,early_fusion_identity_rawppg_eventdecoder,0,1,3,120.0,180.0,15,15,15.0,15.0,0.0,0.8169525048597545,False,True,,1.0,0.0,0.0,15.109612141652612,15.46875,,detected_breaths,15,17,15,15.46875,2.0,0.0,0.46875,2.0,14,1,2,3,4187.5,1.045980650314973,True,15.822916666666666,0.8229166666666661,15.46875,0.46875,1,w10s_nonoverlap,10 s / 0% overlap
BIDMC,15,early_fusion_identity_rawppg_eventdecoder,0,1,4,180.0,240.0,14,14,14.0,14.0,0.0,0.8003402843426796,False,True,,1.0,0.0,0.0,13.897022536601416,14.0625,,detected_breaths,14,13,15,14.0625,1.0,1.0,0.0625,-1.0,13,1,2,3,5835.9375,1.0006508298769023,True,14.020833333333334,0.0208333333333339,14.0625,0.0625,1,w10s_nonoverlap,10 s / 0% overlap
BIDMC,15,early_fusion_identity_rawppg_eventdecoder,0,1,5,240.0,300.0,15,17,15.0,17.0,2.0,0.6009774684901841,False,True,,1.0,0.0,0.0,15.300981926853565,14.53125,,detected_breaths,15,18,16,14.53125,3.0,1.0,0.46875,3.0,13,2,4,6,4789.0625,1.7411420162736104,True,16.177083333333332,1.177083333333332,16.0,1.0,1,w10s_nonoverlap,10 s / 0% overlap
BIDMC,15,early_fusion_identity_rawppg_eventdecoder,0,1,6,300.0,360.0,15,15,15.0,15.0,0.0,0.531103545706787,False,True,,1.0,0.0,0.0,14.877542548775429,14.53125,,detected_breaths,14,15,15,14.53125,1.0,1.0,0.53125,1.0,11,3,4,7,4851.5625,0.2706329386826371,True,14.84375,0.84375,15.0,1.0,1,w10s_nonoverlap,10 s / 0% overlap
BIDMC,15,early_fusion_identity_rawppg_eventdecoder,0,1,7,360.0,420.0,15,17,15.0,17.0,2.0,0.097017204536965,False,False,ref_irregular_cycles,1.0,0.0,0.0,13.679002572729072,14.53125,,detected_breaths,12,18,16,17.8125,6.0,4.0,5.8125,6.0,7,5,11,16,3015.625,1.1045596784842968,True,17.270833333333332,5.270833333333332,17.8125,5.8125,1,w10s_nonoverlap,10 s / 0% overlap
BIDMC,15,early_fusion_identity_rawppg_eventdecoder,0,1,8,420.0,480.0,15,15,15.0,15.0,0.0,0.5857678065156359,False,True,,1.0,0.0,0.0,14.338085539714868,15.0,,detected_breaths,14,16,15,14.53125,2.0,1.0,0.53125,2.0,13,1,3,4,5078.125,0.7502169825012849,True,15.177083333333334,1.177083333333334,15.0,1.0,1,w10s_nonoverlap,10 s / 0% overlap
BIDMC,16,early_fusion_identity_rawppg_eventdecoder,0,1,1,0.0,60.0,18,19,18.0,19.0,1.0,0.1570553265741476,False,True,,1.0,0.0,0.0,18.949201741654573,19.21875,,detected_breaths,19,19,18,19.21875,0.0,1.0,0.21875,0.0,10,9,9,18,4554.6875,0.6497695905729455,True,18.73958333333333,0.2604166666666678,19.0,0.0,1,w10s_nonoverlap,10 s / 0% overlap
BIDMC,16,early_fusion_identity_rawppg_eventdecoder,0,1,2,60.0,120.0,18,19,18.0,19.0,1.0,0.2390306739820313,False,True,,1.0,0.0,0.0,19.27354378549729,19.21875,,detected_breaths,19,20,19,19.21875,1.0,0.0,0.21875,1.0,12,7,8,15,5437.5,0.5257063700393976,True,19.40625,0.40625,19.21875,0.21875,1,w10s_nonoverlap,10 s / 0% overlap
BIDMC,16,early_fusion_identity_rawppg_eventdecoder,0,1,3,120.0,180.0,20,20,20.0,20.0,0.0,0.2005183205498487,False,True,,1.0,0.0,0.0,20.224532224532226,19.6875,,detected_breaths,20,20,20,19.6875,0.0,0.0,0.3125,0.0,13,7,7,14,5593.75,0.180421959121758,True,19.89583333333333,0.1041666666666678,20.0,0.0,1,w10s_nonoverlap,10 s / 0% overlap
BIDMC,16,early_fusion_identity_rawppg_eventdecoder,0,1,4,180.0,240.0,19,19,19.0,19.0,0.0,0.2850498746852498,False,True,,1.0,0.0,0.0,19.48139797068772,19.21875,,detected_breaths,20,20,19,19.21875,0.0,1.0,0.78125,0.0,15,5,5,10,7031.25,0.5257063700393976,True,19.40625,0.59375,19.21875,0.78125,1,w10s_nonoverlap,10 s / 0% overlap
BIDMC,16,early_fusion_identity_rawppg_eventdecoder,0,1,5,240.0,300.0,18,19,18.0,19.0,1.0,0.4282226407916174,False,True,,1.0,0.0,0.0,18.85530151910388,18.75,,detected_breaths,17,18,19,18.75,1.0,2.0,1.75,1.0,12,5,6,11,5078.125,0.5204164998665332,True,18.58333333333333,1.583333333333332,18.75,1.75,1,w10s_nonoverlap,10 s / 0% overlap
BIDMC,16,early_fusion_identity_rawppg_eventdecoder,0,1,6,300.0,360.0,20,20,20.0,20.0,0.0,0.5306684489503898,False,True,,1.0,0.0,0.0,19.88010899182561,19.21875,,detected_breaths,20,20,19,19.21875,0.0,1.0,0.78125,0.0,16,4,4,8,7000.0,0.5257063700393976,True,19.40625,0.59375,19.21875,0.78125,1,w10s_nonoverlap,10 s / 0% overlap
BIDMC,16,early_fusion_identity_rawppg_eventdecoder,0,1,7,360.0,420.0,19,19,19.0,19.0,0.0,0.399655524917992,False,True,,1.0,0.0,0.0,19.54460219662469,19.21875,,detected_breaths,20,20,20,19.21875,0.0,0.0,0.78125,0.0,15,5,5,10,5710.9375,0.4510548978043951,True,19.73958333333333,0.2604166666666678,20.0,0.0,1,w10s_nonoverlap,10 s / 0% overlap
BIDMC,16,early_fusion_identity_rawppg_eventdecoder,0,1,8,420.0,480.0,19,19,19.0,19.0,0.0,0.5885494983006717,False,True,,1.0,0.0,0.0,19.87706243934002,19.21875,,detected_breaths,18,19,19,18.75,1.0,1.0,0.75,1.0,16,2,3,5,6132.8125,0.1443375672974064,True,18.916666666666668,0.916666666666668,19.0,1.0,1,w10s_nonoverlap,10 s / 0% overlap
BIDMC,17,early_fusion_identity_rawppg_eventdecoder,0,1,1,0.0,60.0,18,18,18.0,18.0,0.0,-0.4352260917695348,False,True,,1.0,0.0,0.0,17.548387096774196,18.28125,,detected_breaths,17,20,18,18.28125,3.0,1.0,1.28125,3.0,7,10,13,23,3648.4375,1.082682095923514,True,18.760416666666668,1.760416666666668,18.28125,1.28125,1,w10s_nonoverlap,10 s / 0% overlap
BIDMC,17,early_fusion_identity_rawppg_eventdecoder,0,1,2,60.0,120.0,18,17,18.0,17.0,1.0,-0.293374990812736,False,True,,1.0,0.0,0.0,17.789889630739882,15.9375,,detected_breaths,18,18,16,15.46875,0.0,2.0,2.53125,0.0,8,10,10,20,3875.0,1.3347567272103682,True,16.489583333333332,1.510416666666668,16.0,2.0,1,w10s_nonoverlap,10 s / 0% overlap
BIDMC,17,early_fusion_identity_rawppg_eventdecoder,0,1,3,120.0,180.0,19,18,19.0,18.0,1.0,-0.1199769769530659,False,True,,1.0,0.0,0.0,18.68108108108108,19.21875,,detected_breaths,19,19,19,18.75,0.0,0.0,0.25,0.0,9,10,10,20,4593.75,0.1443375672974064,True,18.916666666666668,0.0833333333333321,19.0,0.0,1,w10s_nonoverlap,10 s / 0% overlap
BIDMC,17,early_fusion_identity_rawppg_eventdecoder,0,1,4,180.0,240.0,16,17,16.0,17.0,1.0,-0.2182623907105159,False,True,,1.0,0.0,0.0,16.008893829905503,16.875,,detected_breaths,16,17,16,16.875,1.0,0.0,0.875,1.0,6,10,11,21,2914.0625,0.5448623679425842,True,16.625,0.625,16.875,0.875,1,w10s_nonoverlap,10 s / 0% overlap
BIDMC,17,early_fusion_identity_rawppg_eventdecoder,0,1,5,240.0,300.0,16,16,16.0,16.0,0.0,0.0023897363839713,False,True,,1.0,0.0,0.0,16.688849653673774,17.34375,,detected_breaths,17,18,17,15.46875,1.0,0.0,1.53125,1.0,8,9,10,19,4226.5625,1.2748825517800977,True,16.822916666666668,0.1770833333333321,17.0,0.0,1,w10s_nonoverlap,10 s / 0% overlap
BIDMC,17,early_fusion_identity_rawppg_eventdecoder,0,1,6,300.0,360.0,15,17,15.0,17.0,2.0,-0.0824136449429723,False,True,,1.0,0.0,0.0,15.78622816032888,15.46875,,detected_breaths,15,15,15,15.46875,0.0,0.0,0.46875,0.0,5,10,10,20,2148.4375,0.2706329386826371,True,15.15625,0.15625,15.0,0.0,1,w10s_nonoverlap,10 s / 0% overlap
BIDMC,17,early_fusion_identity_rawppg_eventdecoder,0,1,7,360.0,420.0,17,20,17.0,20.0,3.0,-0.1983727060875744,False,True,,1.0,0.0,0.0,17.474402730375427,16.875,,detected_breaths,18,20,17,16.40625,2.0,1.0,1.59375,2.0,9,9,11,20,4453.125,1.926463864398534,True,17.802083333333332,0.1979166666666678,17.0,1.0,1,w10s_nonoverlap,10 s / 0% overlap
BIDMC,17,early_fusion_identity_rawppg_eventdecoder,0,1,8,420.0,480.0,17,18,17.0,18.0,1.0,-0.0467113794358907,False,True,,1.0,0.0,0.0,15.918198148404036,15.46875,,detected_breaths,15,17,17,15.46875,2.0,2.0,0.46875,2.0,11,4,6,10,7289.0625,0.8840675996966144,True,16.489583333333332,1.489583333333332,17.0,2.0,1,w10s_nonoverlap,10 s / 0% overlap
BIDMC,18,early_fusion_identity_rawppg_eventdecoder,0,1,1,0.0,60.0,18,19,18.0,19.0,1.0,0.5093187316597068,False,True,,1.0,0.0,0.0,17.919297282459514,17.8125,,detected_breaths,18,19,18,17.8125,1.0,0.0,0.1875,1.0,17,1,2,3,6289.0625,0.6383980602518567,True,18.27083333333333,0.2708333333333321,18.0,0.0,1,w10s_nonoverlap,10 s / 0% overlap
BIDMC,18,early_fusion_identity_rawppg_eventdecoder,0,1,2,60.0,120.0,18,18,18.0,18.0,0.0,0.7493025891548686,False,True,,1.0,0.0,0.0,17.988426563791677,17.8125,,detected_breaths,18,17,18,17.8125,1.0,0.0,0.1875,-1.0,18,0,0,0,6023.4375,0.5315562842572114,True,17.604166666666668,0.3958333333333321,17.8125,0.1875,1,w10s_nonoverlap,10 s / 0% overlap
BIDMC,18,early_fusion_identity_rawppg_eventdecoder,0,1,3,120.0,180.0,18,19,18.0,19.0,1.0,0.7160825645208837,False,True,,1.0,0.0,0.0,17.998345740281223,17.8125,,detected_breaths,18,19,18,18.28125,1.0,0.0,0.28125,1.0,16,2,3,5,4593.75,0.5157039081036068,True,18.42708333333333,0.4270833333333321,18.28125,0.28125,1,w10s_nonoverlap,10 s / 0% overlap
BIDMC,18,early_fusion_identity_rawppg_eventdecoder,0,1,4,180.0,240.0,18,19,18.0,19.0,1.0,0.5894354334380312,False,True,,1.0,0.0,0.0,17.993384785005514,17.8125,,detected_breaths,18,18,18,17.8125,0.0,0.0,0.1875,0.0,17,1,1,2,6109.375,0.1082531754730548,True,17.9375,0.0625,18.0,0.0,1,w10s_nonoverlap,10 s / 0% overlap
BIDMC,18,early_fusion_identity_rawppg_eventdecoder,0,1,5,240.0,300.0,18,18,18.0,18.0,0.0,0.660507616888752,False,True,,1.0,0.0,0.0,17.988426563791677,17.8125,,detected_breaths,18,19,18,17.8125,1.0,0.0,0.1875,1.0,18,0,0,0,6867.1875,0.6383980602518567,True,18.27083333333333,0.2708333333333321,18.0,0.0,1,w10s_nonoverlap,10 s / 0% overlap
BIDMC,18,early_fusion_identity_rawppg_eventdecoder,0,1,6,300.0,360.0,18,18,18.0,18.0,0.0,0.5702190147960944,False,True,,1.0,0.0,0.0,17.993384785005514,17.8125,,detected_breaths,18,17,18,17.8125,1.0,0.0,0.1875,-1.0,18,0,0,0,7789.0625,0.5315562842572114,True,17.604166666666668,0.3958333333333321,17.8125,0.1875,1,w10s_nonoverlap,10 s / 0% overlap
BIDMC,18,early_fusion_identity_rawppg_eventdecoder,0,1,7,360.0,420.0,18,18,18.0,18.0,0.0,0.7011282246577579,False,True,,1.0,0.0,0.0,17.993384785005514,17.8125,,detected_breaths,17,18,18,17.8125,1.0,1.0,0.8125,1.0,17,0,0,0,5265.625,0.1082531754730548,True,17.9375,0.9375,18.0,1.0,1,w10s_nonoverlap,10 s / 0% overlap
BIDMC,18,early_fusion_identity_rawppg_eventdecoder,0,1,8,420.0,480.0,18,18,18.0,18.0,0.0,0.5225020053625788,False,True,,1.0,0.0,0.0,17.995864920744314,17.8125,,detected_breaths,18,18,17,17.8125,0.0,1.0,0.1875,0.0,16,2,2,4,5648.4375,0.5315562842572114,True,17.604166666666668,0.3958333333333321,17.8125,0.1875,1,w10s_nonoverlap,10 s / 0% overlap
BIDMC,19,early_fusion_identity_rawppg_eventdecoder,0,1,1,0.0,60.0,16,18,16.0,18.0,2.0,0.2841151673831509,False,True,,1.0,0.0,0.0,15.205913410770856,16.40625,,detected_breaths,15,18,15,16.40625,3.0,0.0,1.40625,3.0,11,4,7,11,5929.6875,1.5009762448153534,True,16.46875,1.46875,16.40625,1.40625,1,w10s_nonoverlap,10 s / 0% overlap
BIDMC,19,early_fusion_identity_rawppg_eventdecoder,0,1,2,60.0,120.0,16,17,16.0,17.0,1.0,0.1568054914870586,False,True,,1.0,0.0,0.0,16.05798717591302,15.9375,,detected_breaths,16,17,17,15.9375,1.0,1.0,0.0625,1.0,10,6,7,13,3531.25,0.6134346610139774,True,16.645833333333332,0.6458333333333321,17.0,1.0,1,w10s_nonoverlap,10 s / 0% overlap
BIDMC,19,early_fusion_identity_rawppg_eventdecoder,0,1,3,120.0,180.0,16,16,16.0,16.0,0.0,0.251995183886099,False,True,,1.0,0.0,0.0,16.04177545691906,16.40625,,detected_breaths,15,15,15,16.40625,0.0,0.0,1.40625,0.0,10,5,5,10,4109.375,0.8118988160479113,True,15.46875,0.46875,15.0,0.0,1,w10s_nonoverlap,10 s / 0% overlap
BIDMC,19,early_fusion_identity_rawppg_eventdecoder,0,1,4,180.0,240.0,16,16,16.0,16.0,0.0,0.1511566017159984,False,True,,1.0,0.0,0.0,15.567567567567568,15.9375,,detected_breaths,14,18,17,15.9375,4.0,3.0,1.9375,4.0,8,6,9,15,3554.6875,1.0314078162072136,True,16.979166666666668,2.979166666666668,17.0,3.0,1,w10s_nonoverlap,10 s / 0% overlap
BIDMC,19,early_fusion_identity_rawppg_eventdecoder,0,1,5,240.0,300.0,17,17,17.0,17.0,0.0,0.2880779481476164,False,False,ref_irregular_cycles,1.0,0.0,0.0,15.802469135802468,16.40625,,detected_breaths,14,17,16,16.40625,3.0,2.0,2.40625,3.0,11,3,7,10,4187.5,0.5029211543572213,True,16.46875,2.46875,16.40625,2.40625,1,w10s_nonoverlap,10 s / 0% overlap
BIDMC,19,early_fusion_identity_rawppg_eventdecoder,0,1,6,300.0,360.0,16,17,16.0,17.0,1.0,0.2635402545231781,False,True,,1.0,0.0,0.0,17.209441290708096,17.34375,,detected_breaths,17,18,17,19.21875,1.0,0.0,2.21875,1.0,13,4,5,9,6195.3125,1.111170788327939,True,18.072916666666668,1.072916666666668,18.0,1.0,1,w10s_nonoverlap,10 s / 0% overlap
BIDMC,19,early_fusion_identity_rawppg_eventdecoder,0,1,7,360.0,420.0,17,17,17.0,17.0,0.0,0.3834176670737198,False,False,ref_irregular_cycles,1.0,0.0,0.0,16.65943600867679,15.9375,,detected_breaths,15,16,16,16.40625,1.0,1.0,1.40625,1.0,11,4,5,9,6312.5,0.2345485468582854,True,16.135416666666668,1.135416666666668,16.0,1.0,1,w10s_nonoverlap,10 s / 0% overlap
BIDMC,19,early_fusion_identity_rawppg_eventdecoder,0,1,8,420.0,480.0,16,16,16.0,16.0,0.0,0.29768219656224,False,True,,1.0,0.0,0.0,15.04407443682664,15.9375,,detected_breaths,15,16,15,16.40625,1.0,0.0,1.40625,1.0,11,4,5,9,4523.4375,0.7237147371950727,True,15.802083333333334,0.8020833333333339,16.0,1.0,1,w10s_nonoverlap,10 s / 0% overlap
BIDMC,20,early_fusion_identity_rawppg_eventdecoder,0,1,1,0.0,60.0,16,16,16.0,16.0,0.0,0.814594699109373,False,True,,1.0,0.0,0.0,15.620338983050846,15.0,,detected_breaths,16,16,16,15.0,0.0,0.0,1.0,0.0,16,0,0,0,5734.375,0.5773502691896257,True,15.666666666666666,0.3333333333333339,16.0,0.0,1,w10s_nonoverlap,10 s / 0% overlap
BIDMC,20,early_fusion_identity_rawppg_eventdecoder,0,1,2,60.0,120.0,15,15,15.0,15.0,0.0,0.9021327836200436,False,True,,1.0,0.0,0.0,15.12874630645842,15.0,,detected_breaths,15,17,15,15.0,2.0,0.0,0.0,2.0,15,0,2,2,3195.3125,1.1547005383792517,True,15.666666666666666,0.6666666666666661,15.0,0.0,1,w10s_nonoverlap,10 s / 0% overlap
BIDMC,20,early_fusion_identity_rawppg_eventdecoder,0,1,3,120.0,180.0,15,15,15.0,15.0,0.0,0.7842249667716874,False,True,,1.0,0.0,0.0,15.173581710414902,15.46875,,detected_breaths,15,15,15,15.46875,0.0,0.0,0.46875,0.0,15,0,0,0,5304.6875,0.2706329386826371,True,15.15625,0.15625,15.0,0.0,1,w10s_nonoverlap,10 s / 0% overlap
BIDMC,20,early_fusion_identity_rawppg_eventdecoder,0,1,4,180.0,240.0,15,15,15.0,15.0,0.0,0.6438403545729923,False,True,,1.0,0.0,0.0,15.103244837758112,15.0,,detected_breaths,15,16,15,15.0,1.0,0.0,0.0,1.0,15,0,1,1,7093.75,0.5773502691896257,True,15.333333333333334,0.3333333333333339,15.0,0.0,1,w10s_nonoverlap,10 s / 0% overlap
BIDMC,20,early_fusion_identity_rawppg_eventdecoder,0,1,5,240.0,300.0,15,15,15.0,15.0,0.0,0.6001712692384382,False,True,,1.0,0.0,0.0,15.120236253691465,15.0,,detected_breaths,15,15,15,15.0,0.0,0.0,0.0,0.0,14,1,1,2,6757.8125,0.0,True,15.0,0.0,15.0,0.0,1,w10s_nonoverlap,10 s / 0% overlap
BIDMC,20,early_fusion_identity_rawppg_eventdecoder,0,1,6,300.0,360.0,15,15,15.0,15.0,0.0,0.6698585195648383,False,True,,1.0,0.0,0.0,14.856984938510433,15.0,,detected_breaths,15,15,15,15.0,0.0,0.0,0.0,0.0,14,1,1,2,5007.8125,0.0,True,15.0,0.0,15.0,0.0,1,w10s_nonoverlap,10 s / 0% overlap
BIDMC,20,early_fusion_identity_rawppg_eventdecoder,0,1,7,360.0,420.0,15,15,15.0,15.0,0.0,0.5295026287450271,False,True,,1.0,0.0,0.0,14.834437086092716,15.0,,detected_breaths,15,15,15,14.53125,0.0,0.0,0.46875,0.0,14,1,1,2,5468.75,0.2706329386826371,True,14.84375,0.15625,15.0,0.0,1,w10s_nonoverlap,10 s / 0% overlap
BIDMC,20,early_fusion_identity_rawppg_eventdecoder,0,1,8,420.0,480.0,14,14,14.0,14.0,0.0,0.572254938974132,False,True,,1.0,0.0,0.0,14.024441635061104,14.53125,,detected_breaths,14,15,14,14.53125,1.0,0.0,0.53125,1.0,12,2,3,5,4179.6875,0.5003254149384512,True,14.510416666666666,0.5104166666666661,14.53125,0.53125,1,w10s_nonoverlap,10 s / 0% overlap
BIDMC,21,early_fusion_identity_rawppg_eventdecoder,0,1,1,0.0,60.0,16,20,16.0,20.0,4.0,0.1957922682665001,False,False,ref_disagreement,1.0,0.0,0.0,15.135135135135137,17.8125,,detected_breaths,15,20,17,11.25,5.0,2.0,3.75,5.0,6,9,14,23,2398.4375,4.4464405239847,False,,,17.0,2.0,1,w10s_nonoverlap,10 s / 0% overlap
BIDMC,21,early_fusion_identity_rawppg_eventdecoder,0,1,2,60.0,120.0,18,20,18.0,20.0,2.0,0.2874804468230379,False,True,,1.0,0.0,0.0,17.892284500479647,17.8125,,detected_breaths,18,19,18,19.21875,1.0,0.0,1.21875,1.0,11,7,8,15,5046.875,0.6497695905729455,True,18.73958333333333,0.7395833333333321,19.0,1.0,1,w10s_nonoverlap,10 s / 0% overlap
BIDMC,21,early_fusion_identity_rawppg_eventdecoder,0,1,3,120.0,180.0,16,16,16.0,16.0,0.0,0.2188142250570852,False,True,,1.0,0.0,0.0,16.396242527754058,16.875,,detected_breaths,16,16,17,16.875,0.0,1.0,0.875,0.0,8,8,8,16,2445.3125,0.5448623679425842,True,16.625,0.625,16.875,0.875,1,w10s_nonoverlap,10 s / 0% overlap
BIDMC,21,early_fusion_identity_rawppg_eventdecoder,0,1,4,180.0,240.0,17,17,17.0,17.0,0.0,0.3758343760333835,False,True,,1.0,0.0,0.0,16.02894114373174,16.875,,detected_breaths,17,18,15,10.78125,1.0,2.0,6.21875,1.0,15,2,3,5,7437.5,3.6264813783473366,True,14.59375,2.40625,15.0,2.0,1,w10s_nonoverlap,10 s / 0% overlap
BIDMC,21,early_fusion_identity_rawppg_eventdecoder,0,1,5,240.0,300.0,19,19,19.0,19.0,0.0,0.0859128110714985,False,False,ref_disagreement,1.0,0.0,0.0,18.83167459974037,21.09375,,detected_breaths,18,18,18,20.15625,0.0,0.0,2.15625,0.0,9,9,9,18,3726.5625,1.2449115179401309,True,18.71875,0.71875,18.0,0.0,1,w10s_nonoverlap,10 s / 0% overlap
BIDMC,21,early_fusion_identity_rawppg_eventdecoder,0,1,6,300.0,360.0,19,20,19.0,20.0,1.0,0.5972252527194628,False,True,,1.0,0.0,0.0,19.226703755215578,19.6875,,detected_breaths,19,19,18,20.15625,0.0,1.0,1.15625,0.0,17,2,2,4,4882.8125,1.079068126131679,True,19.05208333333333,0.0520833333333321,19.0,0.0,1,w10s_nonoverlap,10 s / 0% overlap
BIDMC,21,early_fusion_identity_rawppg_eventdecoder,0,1,7,360.0,420.0,19,19,19.0,19.0,0.0,0.5210817175630023,False,True,,1.0,0.0,0.0,18.67855695176328,18.75,,detected_breaths,19,19,16,18.75,0.0,3.0,0.25,0.0,17,2,2,4,5164.0625,1.664582029619848,True,17.916666666666668,1.083333333333332,18.75,0.25,1,w10s_nonoverlap,10 s / 0% overlap
BIDMC,21,early_fusion_identity_rawppg_eventdecoder,0,1,8,420.0,480.0,20,18,20.0,18.0,2.0,0.1062831127492756,False,True,,1.0,0.0,0.0,21.074523396880416,22.5,,detected_breaths,20,20,16,15.9375,0.0,4.0,4.0625,0.0,13,7,7,14,4789.0625,2.327653056192009,True,17.3125,2.6875,16.0,4.0,1,w10s_nonoverlap,10 s / 0% overlap
BIDMC,22,early_fusion_identity_rawppg_eventdecoder,0,1,1,0.0,60.0,19,19,19.0,19.0,0.0,0.1941239622794049,False,True,,1.0,0.0,0.0,18.496119882258498,18.75,,detected_breaths,18,20,18,18.75,2.0,0.0,0.75,2.0,16,2,4,6,8343.75,1.0103629710818451,True,18.916666666666668,0.916666666666668,18.75,0.75,1,w10s_nonoverlap,10 s / 0% overlap
BIDMC,22,early_fusion_identity_rawppg_eventdecoder,0,1,2,60.0,120.0,18,18,18.0,18.0,0.0,0.5145326840019526,False,True,,1.0,0.0,0.0,18.83635372666576,18.75,,detected_breaths,19,19,19,18.75,0.0,0.0,0.25,0.0,19,0,0,0,8703.125,0.1443375672974064,True,18.916666666666668,0.0833333333333321,19.0,0.0,1,w10s_nonoverlap,10 s / 0% overlap
BIDMC,22,early_fusion_identity_rawppg_eventdecoder,0,1,3,120.0,180.0,18,19,18.0,19.0,1.0,0.2823106448736594,False,True,,1.0,0.0,0.0,18.56127381290873,18.28125,,detected_breaths,18,19,18,18.28125,1.0,0.0,0.28125,1.0,15,3,4,7,8609.375,0.5157039081036068,True,18.42708333333333,0.4270833333333321,18.28125,0.28125,1,w10s_nonoverlap,10 s / 0% overlap
BIDMC,22,early_fusion_identity_rawppg_eventdecoder,0,1,4,180.0,240.0,19,19,19.0,19.0,0.0,0.3850371381413306,False,True,,1.0,0.0,0.0,19.22403003754693,19.6875,,detected_breaths,20,19,19,19.21875,1.0,1.0,0.78125,-1.0,18,2,2,4,9757.8125,0.1262953713852306,True,19.072916666666668,0.927083333333332,19.0,1.0,1,w10s_nonoverlap,10 s / 0% overlap
BIDMC,22,early_fusion_identity_rawppg_eventdecoder,0,1,5,240.0,300.0,19,19,19.0,19.0,0.0,0.5373365695345844,False,True,,1.0,0.0,0.0,19.028217481073643,18.75,,detected_breaths,19,19,19,18.75,0.0,0.0,0.25,0.0,18,1,1,2,8406.25,0.1443375672974064,True,18.916666666666668,0.0833333333333321,19.0,0.0,1,w10s_nonoverlap,10 s / 0% overlap
BIDMC,22,early_fusion_identity_rawppg_eventdecoder,0,1,6,300.0,360.0,19,19,19.0,19.0,0.0,0.3719551717863435,False,True,,1.0,0.0,0.0,19.02298059722031,19.21875,,detected_breaths,18,19,19,19.6875,1.0,1.0,1.6875,1.0,17,1,1,2,9429.6875,0.3969283100678677,True,19.229166666666668,1.229166666666668,19.0,1.0,1,w10s_nonoverlap,10 s / 0% overlap
BIDMC,22,early_fusion_identity_rawppg_eventdecoder,0,1,7,360.0,420.0,18,18,18.0,18.0,0.0,0.4977006141041356,False,True,,1.0,0.0,0.0,18.26780467328949,18.28125,,detected_breaths,19,19,19,18.28125,0.0,0.0,0.71875,0.0,18,1,1,2,8570.3125,0.4149705059800435,True,18.760416666666668,0.2395833333333321,19.0,0.0,1,w10s_nonoverlap,10 s / 0% overlap
BIDMC,22,early_fusion_identity_rawppg_eventdecoder,0,1,8,420.0,480.0,18,19,18.0,19.0,1.0,0.3623228056978037,False,True,,1.0,0.0,0.0,18.419720186542303,18.75,,detected_breaths,18,19,17,18.28125,1.0,1.0,0.28125,1.0,16,2,3,5,8195.3125,1.013097817340458,True,18.09375,0.09375,18.28125,0.28125,1,w10s_nonoverlap,10 s / 0% overlap
BIDMC,23,early_fusion_identity_rawppg_eventdecoder,0,1,1,0.0,60.0,18,17,18.0,17.0,1.0,0.6601894671176378,False,True,,1.0,0.0,0.0,17.955112219451372,17.8125,,detected_breaths,18,20,17,18.28125,2.0,1.0,0.28125,2.0,16,2,4,6,4062.5,1.5053074506004855,True,18.42708333333333,0.4270833333333321,18.28125,0.28125,1,w10s_nonoverlap,10 s / 0% overlap
BIDMC,23,early_fusion_identity_rawppg_eventdecoder,0,1,2,60.0,120.0,18,19,18.0,19.0,1.0,0.4776294024330607,False,True,,1.0,0.0,0.0,17.973568281938324,17.8125,,detected_breaths,17,18,18,17.34375,1.0,1.0,0.34375,1.0,16,1,2,3,5710.9375,0.3788861141556919,True,17.78125,0.78125,18.0,1.0,1,w10s_nonoverlap,10 s / 0% overlap
BIDMC,23,early_fusion_identity_rawppg_eventdecoder,0,1,3,120.0,180.0,18,17,18.0,17.0,1.0,0.4351848834439298,False,True,,1.0,0.0,0.0,16.932616783794955,17.8125,,detected_breaths,17,18,16,16.40625,1.0,1.0,0.59375,1.0,13,4,4,8,4679.6875,1.0571248842181955,True,16.802083333333332,0.1979166666666678,16.40625,0.59375,1,w10s_nonoverlap,10 s / 0% overlap
BIDMC,23,early_fusion_identity_rawppg_eventdecoder,0,1,4,180.0,240.0,18,18,18.0,18.0,0.0,0.5798724763679441,False,True,,1.0,0.0,0.0,18.013245033112582,17.8125,,detected_breaths,18,18,18,17.8125,0.0,0.0,0.1875,0.0,14,4,5,9,3281.25,0.1082531754730548,True,17.9375,0.0625,18.0,0.0,1,w10s_nonoverlap,10 s / 0% overlap
BIDMC,23,early_fusion_identity_rawppg_eventdecoder,0,1,5,240.0,300.0,18,20,18.0,20.0,2.0,0.3541089542319988,False,True,,1.0,0.0,0.0,17.285131523421015,18.75,,detected_breaths,17,24,18,12.1875,7.0,1.0,4.8125,7.0,14,3,10,13,5523.4375,5.90649801066588,False,,,18.0,1.0,1,w10s_nonoverlap,10 s / 0% overlap
BIDMC,23,early_fusion_identity_rawppg_eventdecoder,0,1,6,300.0,360.0,17,18,17.0,18.0,1.0,0.2590215285272431,False,True,,1.0,0.0,0.0,18.110694964627548,18.28125,,detected_breaths,18,23,17,12.1875,5.0,1.0,5.8125,5.0,13,5,10,15,4281.25,5.4171073538682375,False,,,17.0,1.0,1,w10s_nonoverlap,10 s / 0% overlap
BIDMC,23,early_fusion_identity_rawppg_eventdecoder,0,1,7,360.0,420.0,17,20,17.0,20.0,3.0,0.2691341088575991,False,True,,1.0,0.0,0.0,17.921757035003434,17.8125,,detected_breaths,18,20,15,11.71875,2.0,3.0,6.28125,2.0,11,7,9,16,4203.125,4.17024585855958,False,,,15.0,3.0,1,w10s_nonoverlap,10 s / 0% overlap
BIDMC,23,early_fusion_identity_rawppg_eventdecoder,0,1,8,420.0,480.0,17,17,17.0,17.0,0.0,0.5735439381921442,False,True,,1.0,0.0,0.0,17.985948477751755,17.8125,,detected_breaths,17,20,14,11.71875,3.0,3.0,5.28125,3.0,13,4,7,11,3914.0625,4.277522708394817,False,,,14.0,3.0,1,w10s_nonoverlap,10 s / 0% overlap
BIDMC,24,early_fusion_identity_rawppg_eventdecoder,0,1,1,0.0,60.0,22,21,22.0,21.0,1.0,0.8010239425024333,False,True,,1.0,0.0,0.0,22.88810620428068,22.96875,,detected_breaths,23,23,22,22.96875,0.0,1.0,0.03125,0.0,21,2,2,4,4140.625,0.5685439187081329,True,22.65625,0.34375,22.96875,0.03125,1,w10s_nonoverlap,10 s / 0% overlap
BIDMC,24,early_fusion_identity_rawppg_eventdecoder,0,1,2,60.0,120.0,22,22,22.0,22.0,0.0,0.861787035670583,False,True,,1.0,0.0,0.0,22.677165354330707,22.5,,detected_breaths,23,22,21,22.5,1.0,2.0,0.5,-1.0,23,0,0,0,3757.8125,0.7637626158259733,True,21.83333333333333,1.166666666666668,22.0,1.0,1,w10s_nonoverlap,10 s / 0% overlap
BIDMC,24,early_fusion_identity_rawppg_eventdecoder,0,1,3,120.0,180.0,23,22,23.0,22.0,1.0,0.780112368934616,False,True,,1.0,0.0,0.0,22.67006574533745,22.5,,detected_breaths,22,23,21,22.96875,1.0,1.0,0.96875,1.0,21,1,1,2,3289.0625,1.1457859838701698,True,22.322916666666668,0.3229166666666678,22.96875,0.96875,1,w10s_nonoverlap,10 s / 0% overlap
BIDMC,24,early_fusion_identity_rawppg_eventdecoder,0,1,4,180.0,240.0,22,22,22.0,22.0,0.0,0.8699360645017484,False,True,,1.0,0.0,0.0,22.428035043804755,22.5,,detected_breaths,23,23,22,22.5,0.0,1.0,0.5,0.0,23,0,0,0,3343.75,0.5,True,22.5,0.5,22.5,0.5,1,w10s_nonoverlap,10 s / 0% overlap
BIDMC,24,early_fusion_identity_rawppg_eventdecoder,0,1,5,240.0,300.0,22,22,22.0,22.0,0.0,0.6998187881048351,False,True,,1.0,0.0,0.0,22.41146040588937,22.5,,detected_breaths,22,22,19,22.5,0.0,3.0,0.5,0.0,20,2,2,4,4273.4375,1.892969448600092,True,21.166666666666668,0.8333333333333321,22.0,0.0,1,w10s_nonoverlap,10 s / 0% overlap
BIDMC,24,early_fusion_identity_rawppg_eventdecoder,0,1,6,300.0,360.0,22,22,22.0,22.0,0.0,0.8276729431550964,False,True,,1.0,0.0,0.0,22.7831715210356,22.5,,detected_breaths,23,22,21,22.5,1.0,2.0,0.5,-1.0,22,1,0,1,4156.25,0.7637626158259733,True,21.83333333333333,1.166666666666668,22.0,1.0,1,w10s_nonoverlap,10 s / 0% overlap
BIDMC,24,early_fusion_identity_rawppg_eventdecoder,0,1,7,360.0,420.0,21,20,21.0,20.0,1.0,0.7781563998609807,False,True,,1.0,0.0,0.0,21.96078431372549,22.03125,,detected_breaths,22,21,20,22.03125,1.0,2.0,0.03125,-1.0,20,2,1,3,2921.875,1.0156650633123765,True,21.010416666666668,0.989583333333332,21.0,1.0,1,w10s_nonoverlap,10 s / 0% overlap
BIDMC,24,early_fusion_identity_rawppg_eventdecoder,0,1,8,420.0,480.0,21,23,21.0,23.0,2.0,0.6819486680282681,False,True,,1.0,0.0,0.0,22.38088299577445,22.5,,detected_breaths,21,21,18,22.96875,0.0,3.0,1.96875,0.0,19,2,2,4,5398.4375,2.502147515135748,True,20.65625,0.34375,21.0,0.0,1,w10s_nonoverlap,10 s / 0% overlap
BIDMC,25,early_fusion_identity_rawppg_eventdecoder,0,1,1,0.0,60.0,15,18,15.0,18.0,3.0,0.450173995238405,False,True,,1.0,0.0,0.0,15.279238311780588,15.46875,,detected_breaths,15,17,16,15.0,2.0,1.0,0.0,2.0,11,4,6,10,4320.3125,1.0,True,16.0,1.0,16.0,1.0,1,w10s_nonoverlap,10 s / 0% overlap
BIDMC,25,early_fusion_identity_rawppg_eventdecoder,0,1,2,60.0,120.0,16,16,16.0,16.0,0.0,0.799725818874544,False,True,,1.0,0.0,0.0,15.616104107360716,15.46875,,detected_breaths,16,17,16,15.9375,1.0,0.0,0.0625,1.0,14,2,3,5,3085.9375,0.596212000885591,True,16.3125,0.3125,16.0,0.0,1,w10s_nonoverlap,10 s / 0% overlap
BIDMC,25,early_fusion_identity_rawppg_eventdecoder,0,1,3,120.0,180.0,16,16,16.0,16.0,0.0,0.8782535918940297,False,True,,1.0,0.0,0.0,16.405582455140987,16.40625,,detected_breaths,16,17,17,16.40625,1.0,1.0,0.40625,1.0,16,0,0,0,4687.5,0.3428017223313403,True,16.802083333333332,0.8020833333333321,17.0,1.0,1,w10s_nonoverlap,10 s / 0% overlap
BIDMC,25,early_fusion_identity_rawppg_eventdecoder,0,1,4,180.0,240.0,16,16,16.0,16.0,0.0,0.7979176698154598,False,True,,1.0,0.0,0.0,15.887463798096816,15.9375,,detected_breaths,16,17,15,15.9375,1.0,1.0,0.0625,1.0,16,0,1,1,6046.875,1.0006508298769023,True,15.979166666666666,0.0208333333333339,15.9375,0.0625,1,w10s_nonoverlap,10 s / 0% overlap
BIDMC,25,early_fusion_identity_rawppg_eventdecoder,0,1,5,240.0,300.0,16,16,16.0,16.0,0.0,0.906704000707126,False,True,,1.0,0.0,0.0,16.365961074016194,15.9375,,detected_breaths,17,16,17,15.9375,1.0,0.0,1.0625,-1.0,17,0,0,0,4171.875,0.596212000885591,True,16.3125,0.6875,16.0,1.0,1,w10s_nonoverlap,10 s / 0% overlap
BIDMC,25,early_fusion_identity_rawppg_eventdecoder,0,1,6,300.0,360.0,17,17,17.0,17.0,0.0,0.900224631352678,False,True,,1.0,0.0,0.0,17.274411219899445,17.34375,,detected_breaths,17,17,17,17.34375,0.0,0.0,0.34375,0.0,17,0,0,0,3390.625,0.1984641550339338,True,17.114583333333332,0.1145833333333321,17.0,0.0,1,w10s_nonoverlap,10 s / 0% overlap
BIDMC,25,early_fusion_identity_rawppg_eventdecoder,0,1,7,360.0,420.0,15,18,15.0,18.0,3.0,0.7499970408050989,False,True,,1.0,0.0,0.0,16.064705062055502,15.0,,detected_breaths,16,17,15,15.0,1.0,1.0,1.0,1.0,14,2,3,5,3570.3125,1.1547005383792517,True,15.666666666666666,0.3333333333333339,15.0,1.0,1,w10s_nonoverlap,10 s / 0% overlap
BIDMC,25,early_fusion_identity_rawppg_eventdecoder,0,1,8,420.0,480.0,15,17,15.0,17.0,2.0,0.8266848093749025,False,True,,1.0,0.0,0.0,15.473472128945602,15.46875,,detected_breaths,14,16,16,15.46875,2.0,2.0,1.46875,2.0,14,0,2,2,4226.5625,0.3067173305069887,True,15.822916666666666,1.822916666666666,16.0,2.0,1,w10s_nonoverlap,10 s / 0% overlap
BIDMC,26,early_fusion_identity_rawppg_eventdecoder,0,1,1,0.0,60.0,17,21,17.0,21.0,4.0,0.0748252617380069,False,True,,1.0,0.0,0.0,16.13897450266181,15.0,,detected_breaths,16,20,18,18.75,4.0,2.0,2.75,4.0,10,6,10,16,3960.9375,1.0103629710818451,True,18.916666666666668,2.916666666666668,18.75,2.75,1,w10s_nonoverlap,10 s / 0% overlap
BIDMC,26,early_fusion_identity_rawppg_eventdecoder,0,1,2,60.0,120.0,18,18,18.0,18.0,0.0,-0.0039979335672738,False,True,,1.0,0.0,0.0,17.66600214690998,18.28125,,detected_breaths,17,19,18,18.28125,2.0,1.0,1.28125,2.0,9,8,10,18,5093.75,0.5157039081036068,True,18.42708333333333,1.427083333333332,18.28125,1.28125,1,w10s_nonoverlap,10 s / 0% overlap
BIDMC,26,early_fusion_identity_rawppg_eventdecoder,0,1,3,120.0,180.0,17,18,17.0,18.0,1.0,-0.0267734170405684,False,True,,1.0,0.0,0.0,16.87448503158473,16.40625,,detected_breaths,17,18,15,16.875,1.0,2.0,0.125,1.0,9,8,9,17,5343.75,1.5155444566227676,True,16.625,0.375,16.875,0.125,1,w10s_nonoverlap,10 s / 0% overlap
BIDMC,26,early_fusion_identity_rawppg_eventdecoder,0,1,4,180.0,240.0,18,18,18.0,18.0,0.0,0.2264026707289241,False,True,,1.0,0.0,0.0,18.50850180747088,18.75,,detected_breaths,19,19,17,19.21875,0.0,2.0,0.21875,0.0,14,5,5,10,7242.1875,1.2227498466571156,True,18.40625,0.59375,19.0,0.0,1,w10s_nonoverlap,10 s / 0% overlap
BIDMC,26,early_fusion_identity_rawppg_eventdecoder,0,1,5,240.0,300.0,15,19,15.0,19.0,4.0,-0.1526285543673417,False,True,,1.0,0.0,0.0,14.966592427616929,14.53125,,detected_breaths,15,18,16,15.46875,3.0,1.0,0.46875,3.0,7,8,11,19,2968.75,1.3347567272103682,True,16.489583333333332,1.489583333333332,16.0,1.0,1,w10s_nonoverlap,10 s / 0% overlap
BIDMC,26,early_fusion_identity_rawppg_eventdecoder,0,1,6,300.0,360.0,16,18,16.0,18.0,2.0,-0.2420581569818302,False,True,,1.0,0.0,0.0,14.551814604285092,13.59375,,detected_breaths,14,17,17,13.59375,3.0,3.0,0.40625,3.0,5,9,12,21,2226.5625,1.9665993544271627,True,15.864583333333334,1.864583333333334,17.0,3.0,1,w10s_nonoverlap,10 s / 0% overlap
BIDMC,26,early_fusion_identity_rawppg_eventdecoder,0,1,7,360.0,420.0,16,21,16.0,21.0,5.0,0.0653606307526592,False,False,ref_disagreement,1.0,0.0,0.0,16.779026217228463,14.53125,,detected_breaths,16,22,19,19.6875,6.0,3.0,3.6875,6.0,10,6,12,18,4257.8125,1.5716399343785248,True,20.229166666666668,4.229166666666668,19.6875,3.6875,1,w10s_nonoverlap,10 s / 0% overlap
BIDMC,26,early_fusion_identity_rawppg_eventdecoder,0,1,8,420.0,480.0,17,18,17.0,18.0,1.0,0.1976769382682266,False,True,,1.0,0.0,0.0,17.6273131544972,17.34375,,detected_breaths,17,17,16,17.34375,0.0,1.0,0.34375,0.0,11,6,6,12,3843.75,0.6980721219902711,True,16.78125,0.21875,17.0,0.0,1,w10s_nonoverlap,10 s / 0% overlap
BIDMC,27,early_fusion_identity_rawppg_eventdecoder,0,1,1,0.0,60.0,11,21,11.0,21.0,10.0,-0.0059717883905357,False,True,,1.0,0.0,0.0,10.976132628269257,11.25,,detected_breaths,11,22,20,22.5,11.0,9.0,11.5,11.0,11,0,11,11,7046.875,1.3228756555322954,True,21.5,10.5,22.0,11.0,1,w10s_nonoverlap,10 s / 0% overlap
BIDMC,27,early_fusion_identity_rawppg_eventdecoder,0,1,2,60.0,120.0,11,22,11.0,22.0,11.0,-0.0738508103445559,False,True,,1.0,0.0,0.0,11.11111111111111,11.25,,detected_breaths,11,22,19,22.03125,11.0,8.0,11.03125,11.0,11,0,11,11,5609.375,1.7411420162736104,True,21.010416666666668,10.010416666666668,22.0,11.0,1,w10s_nonoverlap,10 s / 0% overlap
BIDMC,27,early_fusion_identity_rawppg_eventdecoder,0,1,3,120.0,180.0,12,21,12.0,21.0,9.0,-0.0606688484754943,False,True,,1.0,0.0,0.0,10.847457627118644,10.78125,,detected_breaths,11,19,14,22.03125,8.0,3.0,11.03125,8.0,10,1,9,10,5906.25,4.055643252000846,False,,,19.0,8.0,1,w10s_nonoverlap,10 s / 0% overlap
BIDMC,27,early_fusion_identity_rawppg_eventdecoder,0,1,4,180.0,240.0,11,20,11.0,20.0,9.0,-0.2977757989915804,False,True,,1.0,0.0,0.0,11.05194992085192,10.78125,,detected_breaths,11,19,16,21.09375,8.0,5.0,10.09375,8.0,9,2,10,12,5734.375,2.560275965757077,True,18.697916666666668,7.697916666666668,19.0,8.0,1,w10s_nonoverlap,10 s / 0% overlap
BIDMC,27,early_fusion_identity_rawppg_eventdecoder,0,1,5,240.0,300.0,12,20,12.0,20.0,8.0,-0.1501134366829539,False,True,,1.0,0.0,0.0,10.668148353938047,9.84375,,detected_breaths,11,23,18,19.6875,12.0,7.0,8.6875,12.0,11,0,12,12,6500.0,2.543629706410376,True,20.229166666666668,9.229166666666668,19.6875,8.6875,1,w10s_nonoverlap,10 s / 0% overlap
BIDMC,27,early_fusion_identity_rawppg_eventdecoder,0,1,6,300.0,360.0,12,21,12.0,21.0,9.0,-0.0067318434239218,False,True,,1.0,0.0,0.0,10.845755531147027,10.78125,,detected_breaths,10,22,18,21.09375,12.0,8.0,11.09375,12.0,10,0,12,12,4484.375,2.0973228222744664,True,20.36458333333333,10.364583333333332,21.09375,11.09375,1,w10s_nonoverlap,10 s / 0% overlap
BIDMC,27,early_fusion_identity_rawppg_eventdecoder,0,1,7,360.0,420.0,11,21,11.0,21.0,10.0,0.0003974486325023,False,True,,1.0,0.0,0.0,10.737921391952774,10.3125,,detected_breaths,11,23,19,21.09375,12.0,8.0,10.09375,12.0,11,0,12,12,7203.125,2.00073228781364,True,21.03125,10.03125,21.09375,10.09375,1,w10s_nonoverlap,10 s / 0% overlap
BIDMC,27,early_fusion_identity_rawppg_eventdecoder,0,1,8,420.0,480.0,13,19,13.0,19.0,6.0,-0.0394370211409643,False,False,ref_disagreement,1.0,0.0,0.0,12.911508482347546,21.5625,,detected_breaths,12,19,17,18.28125,7.0,5.0,6.28125,7.0,12,0,7,7,6515.625,1.013097817340458,True,18.09375,6.09375,18.28125,6.28125,1,w10s_nonoverlap,10 s / 0% overlap
BIDMC,28,early_fusion_identity_rawppg_eventdecoder,0,1,1,0.0,60.0,17,18,17.0,18.0,1.0,0.8549358188057368,False,True,,1.0,0.0,0.0,17.789889630739882,17.34375,,detected_breaths,17,18,17,17.34375,1.0,0.0,0.34375,1.0,17,0,1,1,4562.5,0.5080728499273832,True,17.447916666666668,0.4479166666666678,17.34375,0.34375,1,w10s_nonoverlap,10 s / 0% overlap
BIDMC,28,early_fusion_identity_rawppg_eventdecoder,0,1,2,60.0,120.0,18,18,18.0,18.0,0.0,0.8677990655188912,False,False,ref_disagreement,1.0,0.0,0.0,17.683868346200732,19.6875,,detected_breaths,17,17,18,16.875,0.0,1.0,0.125,0.0,17,0,0,0,3718.75,0.6166103577895309,True,17.291666666666668,0.2916666666666678,17.0,0.0,1,w10s_nonoverlap,10 s / 0% overlap
BIDMC,28,early_fusion_identity_rawppg_eventdecoder,0,1,3,120.0,180.0,18,19,18.0,19.0,1.0,0.7895525685355944,False,True,,1.0,0.0,0.0,18.84254582190793,18.75,,detected_breaths,19,20,20,18.75,1.0,1.0,0.25,1.0,19,0,1,1,5648.4375,0.7216878364870322,True,19.58333333333333,0.5833333333333321,20.0,1.0,1,w10s_nonoverlap,10 s / 0% overlap
BIDMC,28,early_fusion_identity_rawppg_eventdecoder,0,1,4,180.0,240.0,18,17,18.0,17.0,1.0,0.7280046631162889,False,True,,1.0,0.0,0.0,19.09197958916656,18.28125,,detected_breaths,19,18,17,18.28125,1.0,2.0,0.71875,-1.0,17,2,1,3,3921.875,0.6733873482872493,True,17.760416666666668,1.239583333333332,18.0,1.0,1,w10s_nonoverlap,10 s / 0% overlap
BIDMC,28,early_fusion_identity_rawppg_eventdecoder,0,1,5,240.0,300.0,18,17,18.0,17.0,1.0,0.8439219866867086,False,True,,1.0,0.0,0.0,18.1056718901678,17.8125,,detected_breaths,18,18,18,17.34375,0.0,0.0,0.65625,0.0,18,0,0,0,5367.1875,0.3788861141556919,True,17.78125,0.21875,18.0,0.0,1,w10s_nonoverlap,10 s / 0% overlap
BIDMC,28,early_fusion_identity_rawppg_eventdecoder,0,1,6,300.0,360.0,17,17,17.0,17.0,0.0,0.7488301955057224,False,True,,1.0,0.0,0.0,17.375565610859727,16.875,,detected_breaths,16,17,17,17.34375,1.0,1.0,1.34375,1.0,13,3,4,7,3906.25,0.1984641550339338,True,17.114583333333332,1.114583333333332,17.0,1.0,1,w10s_nonoverlap,10 s / 0% overlap
BIDMC,28,early_fusion_identity_rawppg_eventdecoder,0,1,7,360.0,420.0,18,18,18.0,18.0,0.0,0.7673327529242887,False,True,,1.0,0.0,0.0,18.02319160684705,17.8125,,detected_breaths,18,18,18,17.8125,0.0,0.0,0.1875,0.0,18,0,0,0,6492.1875,0.1082531754730548,True,17.9375,0.0625,18.0,0.0,1,w10s_nonoverlap,10 s / 0% overlap
BIDMC,28,early_fusion_identity_rawppg_eventdecoder,0,1,8,420.0,480.0,17,17,17.0,17.0,0.0,0.8439668434553418,False,True,,1.0,0.0,0.0,17.531744899415038,17.8125,,detected_breaths,17,18,17,17.34375,1.0,0.0,0.34375,1.0,17,0,1,1,3812.5,0.5080728499273832,True,17.447916666666668,0.4479166666666678,17.34375,0.34375,1,w10s_nonoverlap,10 s / 0% overlap
BIDMC,29,early_fusion_identity_rawppg_eventdecoder,0,1,1,0.0,60.0,19,18,19.0,18.0,1.0,0.7018147404146471,False,True,,1.0,0.0,0.0,19.50802139037433,20.15625,,detected_breaths,20,19,19,20.15625,1.0,1.0,0.15625,-1.0,18,2,1,3,5960.9375,0.6675612487505048,True,19.385416666666668,0.6145833333333321,19.0,1.0,1,w10s_nonoverlap,10 s / 0% overlap
BIDMC,29,early_fusion_identity_rawppg_eventdecoder,0,1,2,60.0,120.0,18,17,18.0,17.0,1.0,0.5462262810408595,False,True,,1.0,0.0,0.0,18.65889212827988,19.6875,,detected_breaths,18,19,17,19.21875,1.0,1.0,1.21875,1.0,15,3,4,7,5078.125,1.2227498466571156,True,18.40625,0.40625,19.0,1.0,1,w10s_nonoverlap,10 s / 0% overlap
BIDMC,29,early_fusion_identity_rawppg_eventdecoder,0,1,3,120.0,180.0,20,19,20.0,19.0,1.0,0.5634896141496912,False,True,,1.0,0.0,0.0,19.641943734015346,19.6875,,detected_breaths,19,21,18,19.6875,2.0,1.0,0.6875,2.0,16,3,5,8,5406.25,1.5039011769394957,True,19.5625,0.5625,19.6875,0.6875,1,w10s_nonoverlap,10 s / 0% overlap
BIDMC,29,early_fusion_identity_rawppg_eventdecoder,0,1,4,180.0,240.0,19,19,19.0,19.0,0.0,0.6401064147053088,False,True,,1.0,0.0,0.0,18.53580048270313,18.28125,,detected_breaths,18,18,19,18.28125,0.0,1.0,0.28125,0.0,17,1,1,2,6023.4375,0.5157039081036068,True,18.42708333333333,0.4270833333333321,18.28125,0.28125,1,w10s_nonoverlap,10 s / 0% overlap
BIDMC,29,early_fusion_identity_rawppg_eventdecoder,0,1,5,240.0,300.0,19,19,19.0,19.0,0.0,0.4939349002302364,False,True,,1.0,0.0,0.0,18.986402966625462,18.75,,detected_breaths,19,19,19,18.75,0.0,0.0,0.25,0.0,17,2,2,4,8031.25,0.1443375672974064,True,18.916666666666668,0.0833333333333321,19.0,0.0,1,w10s_nonoverlap,10 s / 0% overlap
BIDMC,29,early_fusion_identity_rawppg_eventdecoder,0,1,6,300.0,360.0,18,19,18.0,19.0,1.0,0.5627395517857272,False,True,,1.0,0.0,0.0,18.257586351559222,18.28125,,detected_breaths,19,18,18,18.28125,1.0,1.0,0.71875,-1.0,13,6,5,11,5851.5625,0.1623797632095822,True,18.09375,0.90625,18.0,1.0,1,w10s_nonoverlap,10 s / 0% overlap
BIDMC,29,early_fusion_identity_rawppg_eventdecoder,0,1,7,360.0,420.0,18,16,18.0,16.0,2.0,0.2420928578512207,False,True,,1.0,0.0,0.0,18.295394388565377,17.8125,,detected_breaths,18,18,14,17.34375,0.0,4.0,0.65625,0.0,11,7,7,14,3429.6875,2.145201160924852,True,16.447916666666668,1.552083333333332,17.34375,0.65625,1,w10s_nonoverlap,10 s / 0% overlap
BIDMC,29,early_fusion_identity_rawppg_eventdecoder,0,1,8,420.0,480.0,17,18,17.0,18.0,1.0,0.3029987010278497,False,True,,1.0,0.0,0.0,16.974720265230005,16.40625,,detected_breaths,17,19,17,16.875,2.0,0.0,0.125,2.0,8,9,11,20,2585.9375,1.192424001771182,True,17.625,0.625,17.0,0.0,1,w10s_nonoverlap,10 s / 0% overlap
BIDMC,30,early_fusion_identity_rawppg_eventdecoder,0,1,1,0.0,60.0,18,18,18.0,18.0,0.0,0.3805938822265945,False,True,,1.0,0.0,0.0,18.51914893617021,17.8125,,detected_breaths,19,23,17,19.6875,4.0,2.0,0.6875,4.0,14,5,9,14,3976.5625,3.005420450341904,True,19.89583333333333,0.8958333333333321,19.6875,0.6875,1,w10s_nonoverlap,10 s / 0% overlap
BIDMC,30,early_fusion_identity_rawppg_eventdecoder,0,1,2,60.0,120.0,17,19,17.0,19.0,2.0,-0.1920196128004079,False,True,,1.0,0.0,0.0,17.085650723025584,18.75,,detected_breaths,17,20,17,15.0,3.0,0.0,2.0,3.0,10,7,10,17,4125.0,2.516611478423584,True,17.333333333333332,0.3333333333333321,17.0,0.0,1,w10s_nonoverlap,10 s / 0% overlap
BIDMC,30,early_fusion_identity_rawppg_eventdecoder,0,1,3,120.0,180.0,18,19,18.0,19.0,1.0,0.2302564207156145,False,True,,1.0,0.0,0.0,19.007287226729,19.6875,,detected_breaths,18,21,19,17.34375,3.0,1.0,0.65625,3.0,13,5,8,13,4289.0625,1.830816217110099,True,19.11458333333333,1.114583333333332,19.0,1.0,1,w10s_nonoverlap,10 s / 0% overlap
BIDMC,30,early_fusion_identity_rawppg_eventdecoder,0,1,4,180.0,240.0,18,21,18.0,21.0,3.0,0.0755184614444128,False,True,,1.0,0.0,0.0,18.288275668861186,17.8125,,detected_breaths,19,22,17,9.84375,3.0,2.0,9.15625,3.0,11,8,11,19,2859.375,6.109914458280083,False,,,17.0,2.0,1,w10s_nonoverlap,10 s / 0% overlap
BIDMC,30,early_fusion_identity_rawppg_eventdecoder,0,1,5,240.0,300.0,18,20,18.0,20.0,2.0,-0.4050957638828734,False,True,,1.0,0.0,0.0,18.828657041678017,19.21875,,detected_breaths,19,19,15,19.6875,0.0,4.0,0.6875,0.0,7,12,12,24,2429.6875,2.531314299594844,True,17.895833333333332,1.104166666666668,19.0,0.0,1,w10s_nonoverlap,10 s / 0% overlap
BIDMC,30,early_fusion_identity_rawppg_eventdecoder,0,1,6,300.0,360.0,20,19,20.0,19.0,1.0,0.2342071511216511,False,True,,1.0,0.0,0.0,19.769678905297383,19.6875,,detected_breaths,19,20,16,22.03125,1.0,3.0,3.03125,1.0,17,2,3,5,6617.1875,3.0687118123896875,True,19.34375,0.34375,20.0,1.0,1,w10s_nonoverlap,10 s / 0% overlap
BIDMC,30,early_fusion_identity_rawppg_eventdecoder,0,1,7,360.0,420.0,18,19,18.0,19.0,1.0,0.4324532552166513,False,True,,1.0,0.0,0.0,18.620689655172413,19.21875,,detected_breaths,19,19,18,19.21875,0.0,1.0,0.21875,0.0,16,3,3,6,5171.875,0.6497695905729455,True,18.73958333333333,0.2604166666666678,19.0,0.0,1,w10s_nonoverlap,10 s / 0% overlap
BIDMC,30,early_fusion_identity_rawppg_eventdecoder,0,1,8,420.0,480.0,19,20,19.0,20.0,1.0,0.1534383510204762,False,True,,1.0,0.0,0.0,20.19060138021689,20.625,,detected_breaths,18,20,17,17.34375,2.0,1.0,0.65625,2.0,11,7,9,16,3960.9375,1.6418398280079982,True,18.11458333333333,0.1145833333333321,17.34375,0.65625,1,w10s_nonoverlap,10 s / 0% overlap
BIDMC,31,early_fusion_identity_rawppg_eventdecoder,0,1,1,0.0,60.0,18,20,18.0,20.0,2.0,0.361596388264251,False,False,ref_disagreement,1.0,0.0,0.0,17.31191885038039,19.6875,,detected_breaths,17,17,17,20.625,0.0,0.0,3.625,0.0,11,6,6,12,2640.625,2.0928947258123936,True,18.20833333333333,1.208333333333332,17.0,0.0,1,w10s_nonoverlap,10 s / 0% overlap
BIDMC,31,early_fusion_identity_rawppg_eventdecoder,0,1,2,60.0,120.0,19,19,19.0,19.0,0.0,0.946518861710545,False,True,,1.0,0.0,0.0,18.99422918384172,18.75,,detected_breaths,19,20,19,19.21875,1.0,0.0,0.21875,1.0,19,0,0,0,4054.6875,0.5257063700393976,True,19.40625,0.40625,19.21875,0.21875,1,w10s_nonoverlap,10 s / 0% overlap
BIDMC,31,early_fusion_identity_rawppg_eventdecoder,0,1,3,120.0,180.0,18,17,18.0,17.0,1.0,0.7704359950991176,False,True,,1.0,0.0,0.0,17.07615341856587,18.75,,detected_breaths,17,17,17,16.875,0.0,0.0,0.125,0.0,16,1,1,2,4273.4375,0.0721687836487032,True,16.958333333333332,0.0416666666666678,17.0,0.0,1,w10s_nonoverlap,10 s / 0% overlap
BIDMC,31,early_fusion_identity_rawppg_eventdecoder,0,1,4,180.0,240.0,19,19,19.0,19.0,0.0,0.8933035234473684,False,True,,1.0,0.0,0.0,18.5756517065305,18.75,,detected_breaths,19,18,19,18.75,1.0,0.0,0.25,-1.0,19,0,0,0,4414.0625,0.5204164998665332,True,18.58333333333333,0.4166666666666678,18.75,0.25,1,w10s_nonoverlap,10 s / 0% overlap
BIDMC,31,early_fusion_identity_rawppg_eventdecoder,0,1,5,240.0,300.0,18,18,18.0,18.0,0.0,0.923659151657474,False,True,,1.0,0.0,0.0,18.255033557046985,18.28125,,detected_breaths,18,18,18,18.28125,0.0,0.0,0.28125,0.0,18,0,0,0,2945.3125,0.1623797632095822,True,18.09375,0.09375,18.0,0.0,1,w10s_nonoverlap,10 s / 0% overlap
BIDMC,31,early_fusion_identity_rawppg_eventdecoder,0,1,6,300.0,360.0,17,17,17.0,17.0,0.0,0.872680731109337,False,True,,1.0,0.0,0.0,17.42731527442916,17.8125,,detected_breaths,18,18,18,17.34375,0.0,0.0,0.65625,0.0,18,0,0,0,4023.4375,0.3788861141556919,True,17.78125,0.21875,18.0,0.0,1,w10s_nonoverlap,10 s / 0% overlap
BIDMC,31,early_fusion_identity_rawppg_eventdecoder,0,1,7,360.0,420.0,17,17,17.0,17.0,0.0,0.8459049021703896,False,True,,1.0,0.0,0.0,17.527184857027788,17.8125,,detected_breaths,17,17,17,17.8125,0.0,0.0,0.8125,0.0,17,0,0,0,4609.375,0.4690970937165709,True,17.270833333333332,0.2708333333333321,17.0,0.0,1,w10s_nonoverlap,10 s / 0% overlap
BIDMC,31,early_fusion_identity_rawppg_eventdecoder,0,1,8,420.0,480.0,18,18,18.0,18.0,0.0,0.8213595991505687,False,True,,1.0,0.0,0.0,17.919297282459514,17.8125,,detected_breaths,18,18,18,17.8125,0.0,0.0,0.1875,0.0,18,0,0,0,4437.5,0.1082531754730548,True,17.9375,0.0625,18.0,0.0,1,w10s_nonoverlap,10 s / 0% overlap
BIDMC,32,early_fusion_identity_rawppg_eventdecoder,0,1,1,0.0,60.0,25,23,25.0,23.0,2.0,0.151307047556868,False,True,,1.0,0.0,0.0,25.238942900178007,25.3125,,detected_breaths,25,24,18,25.3125,1.0,7.0,0.3125,-1.0,19,6,5,11,5546.875,3.898617543437673,True,22.4375,2.5625,24.0,1.0,1,w10s_nonoverlap,10 s / 0% overlap
BIDMC,32,early_fusion_identity_rawppg_eventdecoder,0,1,2,60.0,120.0,24,23,24.0,23.0,1.0,0.0366668919838517,False,True,,1.0,0.0,0.0,24.89128966914247,24.84375,,detected_breaths,25,23,20,24.84375,2.0,5.0,0.15625,-2.0,12,13,11,24,3179.6875,2.4447674778664195,True,22.61458333333333,2.385416666666668,23.0,2.0,1,w10s_nonoverlap,10 s / 0% overlap
BIDMC,32,early_fusion_identity_rawppg_eventdecoder,0,1,3,120.0,180.0,24,23,24.0,23.0,1.0,0.1472161597092807,False,True,,1.0,0.0,0.0,24.744260974627466,24.375,,detected_breaths,25,24,19,24.375,1.0,6.0,0.625,-1.0,17,8,7,15,6429.6875,3.0008679300051395,True,22.45833333333333,2.541666666666668,24.0,1.0,1,w10s_nonoverlap,10 s / 0% overlap
BIDMC,32,early_fusion_identity_rawppg_eventdecoder,0,1,4,180.0,240.0,24,22,24.0,22.0,2.0,0.1740003376961965,False,True,,1.0,0.0,0.0,25.14254535534034,25.3125,,detected_breaths,25,23,21,25.3125,2.0,4.0,0.3125,-2.0,19,6,4,10,6140.625,2.1581362522633585,True,23.104166666666668,1.895833333333332,23.0,2.0,1,w10s_nonoverlap,10 s / 0% overlap
BIDMC,32,early_fusion_identity_rawppg_eventdecoder,0,1,5,240.0,300.0,24,23,24.0,23.0,1.0,0.142107705654028,False,True,,1.0,0.0,0.0,24.35741864313293,23.90625,,detected_breaths,24,23,22,24.375,1.0,2.0,0.375,-1.0,15,9,8,17,4945.3125,1.192424001771182,True,23.125,0.875,23.0,1.0,1,w10s_nonoverlap,10 s / 0% overlap
BIDMC,32,early_fusion_identity_rawppg_eventdecoder,0,1,6,300.0,360.0,24,23,24.0,23.0,1.0,0.2797304437716115,False,True,,1.0,0.0,0.0,24.612097743356923,24.84375,,detected_breaths,25,24,21,24.84375,1.0,4.0,0.15625,-1.0,17,8,7,15,4914.0625,2.020162044861748,True,23.28125,1.71875,24.0,1.0,1,w10s_nonoverlap,10 s / 0% overlap
BIDMC,32,early_fusion_identity_rawppg_eventdecoder,0,1,7,360.0,420.0,24,20,24.0,20.0,4.0,-0.0065235715040517,False,True,,1.0,0.0,0.0,24.243755146856984,24.375,,detected_breaths,24,21,19,22.03125,3.0,5.0,1.96875,-3.0,11,13,10,23,2750.0,1.541209110028011,True,20.67708333333333,3.322916666666668,21.0,3.0,1,w10s_nonoverlap,10 s / 0% overlap
BIDMC,32,early_fusion_identity_rawppg_eventdecoder,0,1,8,420.0,480.0,24,21,24.0,21.0,3.0,0.1091673876700899,False,True,,1.0,0.0,0.0,24.04246631278073,24.375,,detected_breaths,24,22,20,24.375,2.0,4.0,0.375,-2.0,14,10,8,18,5375.0,2.190176933491904,True,22.125,1.875,22.0,2.0,1,w10s_nonoverlap,10 s / 0% overlap
BIDMC,33,early_fusion_identity_rawppg_eventdecoder,0,1,1,0.0,60.0,13,18,13.0,18.0,5.0,0.250844181804214,False,True,,1.0,0.0,0.0,13.302540415704389,13.125,,detected_breaths,13,18,19,13.59375,5.0,6.0,0.59375,5.0,8,5,9,14,5445.3125,2.876414959777767,True,16.864583333333332,3.864583333333332,18.0,5.0,1,w10s_nonoverlap,10 s / 0% overlap
BIDMC,33,early_fusion_identity_rawppg_eventdecoder,0,1,2,60.0,120.0,14,15,14.0,15.0,1.0,0.386855018859792,False,True,,1.0,0.0,0.0,13.504666576491276,13.59375,,detected_breaths,14,16,14,13.59375,2.0,0.0,0.40625,2.0,9,5,8,13,6179.6875,1.2880914903453091,True,14.53125,0.53125,14.0,0.0,1,w10s_nonoverlap,10 s / 0% overlap
BIDMC,33,early_fusion_identity_rawppg_eventdecoder,0,1,3,120.0,180.0,12,20,12.0,20.0,8.0,0.2761831892627373,False,True,,1.0,0.0,0.0,12.309485647675944,12.65625,,detected_breaths,12,22,18,24.375,10.0,6.0,12.375,10.0,11,1,11,12,8851.5625,3.221833070370551,True,21.45833333333333,9.458333333333332,22.0,10.0,1,w10s_nonoverlap,10 s / 0% overlap
BIDMC,33,early_fusion_identity_rawppg_eventdecoder,0,1,4,180.0,240.0,13,16,13.0,16.0,3.0,0.2682603091680685,False,True,,1.0,0.0,0.0,12.383465259454706,13.125,,detected_breaths,13,17,15,13.59375,4.0,2.0,0.59375,4.0,10,3,7,10,7289.0625,1.711728080284171,True,15.197916666666666,2.197916666666666,15.0,2.0,1,w10s_nonoverlap,10 s / 0% overlap
BIDMC,33,early_fusion_identity_rawppg_eventdecoder,0,1,5,240.0,300.0,14,17,14.0,17.0,3.0,0.5952739663829472,False,True,,1.0,0.0,0.0,14.426405474305648,13.59375,,detected_breaths,14,17,15,12.65625,3.0,1.0,1.34375,3.0,13,1,4,5,6273.4375,2.174140754604755,True,14.885416666666666,0.8854166666666661,15.0,1.0,1,w10s_nonoverlap,10 s / 0% overlap
BIDMC,33,early_fusion_identity_rawppg_eventdecoder,0,1,6,300.0,360.0,13,20,13.0,20.0,7.0,0.2103918860250897,False,True,,1.0,0.0,0.0,14.024441635061104,14.0625,,detected_breaths,14,19,16,14.53125,5.0,2.0,0.53125,5.0,10,4,9,13,5445.3125,2.2776798547718102,True,16.510416666666668,2.510416666666668,16.0,2.0,1,w10s_nonoverlap,10 s / 0% overlap
BIDMC,33,early_fusion_identity_rawppg_eventdecoder,0,1,7,360.0,420.0,14,16,14.0,16.0,2.0,0.343790483979341,False,True,,1.0,0.0,0.0,14.465372355838888,13.59375,,detected_breaths,14,15,16,14.0625,1.0,2.0,0.0625,1.0,9,5,6,11,6414.0625,0.9689179961861236,True,15.020833333333334,1.020833333333334,15.0,1.0,1,w10s_nonoverlap,10 s / 0% overlap
BIDMC,33,early_fusion_identity_rawppg_eventdecoder,0,1,8,420.0,480.0,13,17,13.0,17.0,4.0,0.0974235625804919,False,True,,1.0,0.0,0.0,12.962025316455696,11.71875,,detected_breaths,13,18,15,12.1875,5.0,2.0,0.8125,5.0,8,5,10,15,3898.4375,2.906753988558372,True,15.0625,2.0625,15.0,2.0,1,w10s_nonoverlap,10 s / 0% overlap
BIDMC,34,early_fusion_identity_rawppg_eventdecoder,0,1,1,0.0,60.0,18,17,18.0,17.0,1.0,0.7275215423124317,False,True,,1.0,0.0,0.0,17.567276641550052,19.21875,,detected_breaths,17,17,16,17.8125,0.0,1.0,0.8125,0.0,15,2,2,4,4445.3125,0.9078649403958718,True,16.9375,0.0625,17.0,0.0,1,w10s_nonoverlap,10 s / 0% overlap
BIDMC,34,early_fusion_identity_rawppg_eventdecoder,0,1,2,60.0,120.0,18,19,18.0,19.0,1.0,0.6428483373835236,False,False,ref_disagreement,1.0,0.0,0.0,16.677524429967427,14.53125,,detected_breaths,17,19,19,18.75,2.0,2.0,1.75,2.0,15,2,4,6,4289.0625,0.1443375672974064,True,18.916666666666668,1.916666666666668,19.0,2.0,1,w10s_nonoverlap,10 s / 0% overlap
BIDMC,34,early_fusion_identity_rawppg_eventdecoder,0,1,3,120.0,180.0,19,19,19.0,19.0,0.0,0.836832339067249,False,True,,1.0,0.0,0.0,19.057071960297765,17.34375,,detected_breaths,19,19,18,17.8125,0.0,1.0,1.1875,0.0,18,1,1,2,5085.9375,0.6383980602518567,True,18.27083333333333,0.7291666666666679,18.0,1.0,1,w10s_nonoverlap,10 s / 0% overlap
BIDMC,34,early_fusion_identity_rawppg_eventdecoder,0,1,4,180.0,240.0,18,17,18.0,17.0,1.0,0.7783470760367465,False,True,,1.0,0.0,0.0,17.811732605729876,17.34375,,detected_breaths,18,17,17,17.34375,1.0,1.0,0.65625,-1.0,16,2,1,3,3156.25,0.1984641550339338,True,17.114583333333332,0.8854166666666679,17.0,1.0,1,w10s_nonoverlap,10 s / 0% overlap
BIDMC,34,early_fusion_identity_rawppg_eventdecoder,0,1,5,240.0,300.0,17,17,17.0,17.0,0.0,0.5936995441765278,False,True,,1.0,0.0,0.0,16.998201687646976,18.28125,,detected_breaths,17,18,16,18.28125,1.0,1.0,1.28125,1.0,14,3,4,7,4187.5,1.243865153798165,True,17.427083333333332,0.4270833333333321,18.0,1.0,1,w10s_nonoverlap,10 s / 0% overlap
BIDMC,34,early_fusion_identity_rawppg_eventdecoder,0,1,6,300.0,360.0,16,17,16.0,17.0,1.0,0.7271755804654356,False,True,,1.0,0.0,0.0,16.789178849569613,16.875,,detected_breaths,17,17,17,16.40625,0.0,0.0,0.59375,0.0,15,2,2,4,5734.375,0.3428017223313403,True,16.802083333333332,0.1979166666666678,17.0,0.0,1,w10s_nonoverlap,10 s / 0% overlap
BIDMC,34,early_fusion_identity_rawppg_eventdecoder,0,1,7,360.0,420.0,16,17,16.0,17.0,1.0,0.4785392649002172,False,True,,1.0,0.0,0.0,16.928728875826597,16.40625,,detected_breaths,17,16,16,16.40625,1.0,1.0,0.59375,-1.0,12,5,4,9,3984.375,0.2345485468582854,True,16.135416666666668,0.8645833333333321,16.0,1.0,1,w10s_nonoverlap,10 s / 0% overlap
BIDMC,34,early_fusion_identity_rawppg_eventdecoder,0,1,8,420.0,480.0,16,16,16.0,16.0,0.0,0.726929532525344,False,True,,1.0,0.0,0.0,16.161616161616163,16.875,,detected_breaths,15,17,16,16.875,2.0,1.0,1.875,2.0,13,2,4,6,4429.6875,0.5448623679425842,True,16.625,1.625,16.875,1.875,1,w10s_nonoverlap,10 s / 0% overlap
BIDMC,35,early_fusion_identity_rawppg_eventdecoder,0,1,1,0.0,60.0,19,18,19.0,18.0,1.0,0.6654865619738958,False,True,,1.0,0.0,0.0,17.94392523364486,16.40625,,detected_breaths,18,17,16,16.875,1.0,2.0,1.125,-1.0,15,3,2,5,4625.0,0.5448623679425842,True,16.625,1.375,16.875,1.125,1,w10s_nonoverlap,10 s / 0% overlap
BIDMC,35,early_fusion_identity_rawppg_eventdecoder,0,1,2,60.0,120.0,16,17,16.0,17.0,1.0,0.7620223872596045,False,True,,1.0,0.0,0.0,16.197975253093365,16.40625,,detected_breaths,17,19,16,16.40625,2.0,1.0,0.59375,2.0,15,2,4,6,4335.9375,1.6275020801317992,True,17.135416666666668,0.1354166666666678,16.40625,0.59375,1,w10s_nonoverlap,10 s / 0% overlap
BIDMC,35,early_fusion_identity_rawppg_eventdecoder,0,1,3,120.0,180.0,17,17,17.0,17.0,0.0,0.8169969780218407,False,True,,1.0,0.0,0.0,17.38539898132428,17.34375,,detected_breaths,17,18,18,17.34375,1.0,1.0,0.34375,1.0,17,0,1,1,5617.1875,0.3788861141556919,True,17.78125,0.78125,18.0,1.0,1,w10s_nonoverlap,10 s / 0% overlap
BIDMC,35,early_fusion_identity_rawppg_eventdecoder,0,1,4,180.0,240.0,17,17,17.0,17.0,0.0,0.6577726829412174,False,True,,1.0,0.0,0.0,16.77344205008736,16.875,,detected_breaths,16,17,17,16.875,1.0,1.0,0.875,1.0,13,3,4,7,3960.9375,0.0721687836487032,True,16.958333333333332,0.958333333333332,17.0,1.0,1,w10s_nonoverlap,10 s / 0% overlap
BIDMC,35,early_fusion_identity_rawppg_eventdecoder,0,1,5,240.0,300.0,17,18,17.0,18.0,1.0,0.5952493758349002,False,True,,1.0,0.0,0.0,17.889832830912578,18.28125,,detected_breaths,18,17,18,16.875,1.0,0.0,1.125,-1.0,14,4,3,7,5242.1875,0.6166103577895309,True,17.291666666666668,0.7083333333333321,17.0,1.0,1,w10s_nonoverlap,10 s / 0% overlap
BIDMC,35,early_fusion_identity_rawppg_eventdecoder,0,2,1,320.0,380.0,17,18,17.0,18.0,1.0,0.4524411378249344,False,True,,1.0,0.0,0.0,17.200447928331467,17.8125,,detected_breaths,17,17,17,17.8125,0.0,0.0,0.8125,0.0,15,2,2,4,4937.5,0.4690970937165709,True,17.270833333333332,0.2708333333333321,17.0,0.0,1,w10s_nonoverlap,10 s / 0% overlap
BIDMC,35,early_fusion_identity_rawppg_eventdecoder,0,2,2,380.0,440.0,18,17,18.0,17.0,1.0,0.1018405817045497,False,True,,1.0,0.0,0.0,17.845817386550028,17.34375,,detected_breaths,18,20,16,15.0,2.0,2.0,3.0,2.0,13,5,7,12,5500.0,2.6457513110645907,True,17.0,1.0,16.0,2.0,1,w10s_nonoverlap,10 s / 0% overlap
BIDMC,36,early_fusion_identity_rawppg_eventdecoder,0,1,1,0.0,60.0,18,18,18.0,18.0,0.0,0.6881285683683934,False,True,,1.0,0.0,0.0,18.33965444584914,18.28125,,detected_breaths,19,17,19,18.28125,2.0,0.0,0.71875,-2.0,14,5,3,8,4460.9375,1.013097817340458,True,18.09375,0.90625,18.28125,0.71875,1,w10s_nonoverlap,10 s / 0% overlap
BIDMC,36,early_fusion_identity_rawppg_eventdecoder,0,1,2,60.0,120.0,19,18,19.0,18.0,1.0,0.4980326652031513,False,True,,1.0,0.0,0.0,19.15742793791574,18.28125,,detected_breaths,19,17,17,14.53125,2.0,2.0,4.46875,-2.0,14,5,3,8,2625.0,1.4253334770618884,True,16.177083333333332,2.822916666666668,17.0,2.0,1,w10s_nonoverlap,10 s / 0% overlap
BIDMC,36,early_fusion_identity_rawppg_eventdecoder,0,1,3,120.0,180.0,18,18,18.0,18.0,0.0,0.7264129751930543,False,True,,1.0,0.0,0.0,18.905908096280086,19.21875,,detected_breaths,19,20,17,18.75,1.0,2.0,0.25,1.0,18,1,2,3,5773.4375,1.506928443335427,True,18.58333333333333,0.4166666666666678,18.75,0.25,1,w10s_nonoverlap,10 s / 0% overlap
BIDMC,36,early_fusion_identity_rawppg_eventdecoder,0,1,4,180.0,240.0,19,19,19.0,19.0,0.0,0.7926836017239531,False,True,,1.0,0.0,0.0,18.887826205765816,18.75,,detected_breaths,18,18,18,18.75,0.0,0.0,0.75,0.0,16,2,2,4,2484.375,0.4330127018922193,True,18.25,0.25,18.0,0.0,1,w10s_nonoverlap,10 s / 0% overlap
BIDMC,36,early_fusion_identity_rawppg_eventdecoder,0,1,5,240.0,300.0,19,20,19.0,20.0,1.0,0.7089918312968965,False,True,,1.0,0.0,0.0,18.593140551445863,19.21875,,detected_breaths,19,19,18,18.75,0.0,1.0,0.25,0.0,17,2,2,4,3101.5625,0.5204164998665332,True,18.58333333333333,0.4166666666666678,18.75,0.25,1,w10s_nonoverlap,10 s / 0% overlap
BIDMC,36,early_fusion_identity_rawppg_eventdecoder,0,1,6,300.0,360.0,17,18,17.0,18.0,1.0,0.7996537849461753,False,True,,1.0,0.0,0.0,18.02319160684705,17.8125,,detected_breaths,18,18,18,18.28125,0.0,0.0,0.28125,0.0,17,1,1,2,3664.0625,0.1623797632095822,True,18.09375,0.09375,18.0,0.0,1,w10s_nonoverlap,10 s / 0% overlap
BIDMC,36,early_fusion_identity_rawppg_eventdecoder,0,1,7,360.0,420.0,17,18,17.0,18.0,1.0,0.7406117517975352,False,True,,1.0,0.0,0.0,17.941459392606845,18.28125,,detected_breaths,18,18,16,18.28125,0.0,2.0,0.28125,0.0,15,3,3,6,3515.625,1.243865153798165,True,17.427083333333332,0.5729166666666679,18.0,0.0,1,w10s_nonoverlap,10 s / 0% overlap
BIDMC,36,early_fusion_identity_rawppg_eventdecoder,0,1,8,420.0,480.0,17,18,17.0,18.0,1.0,0.7879923644722994,False,True,,1.0,0.0,0.0,18.033460522453773,17.8125,,detected_breaths,17,19,15,18.28125,2.0,2.0,1.28125,2.0,16,1,3,4,3250.0,2.1324165917646893,True,17.427083333333332,0.4270833333333321,18.28125,1.28125,1,w10s_nonoverlap,10 s / 0% overlap
BIDMC,37,early_fusion_identity_rawppg_eventdecoder,0,1,1,0.0,60.0,17,18,17.0,18.0,1.0,0.6778580901355117,False,True,,1.0,0.0,0.0,16.561242093156988,17.8125,,detected_breaths,17,19,19,17.34375,2.0,2.0,0.34375,2.0,14,3,5,8,5195.3125,0.9562363833453176,True,18.447916666666668,1.447916666666668,19.0,2.0,1,w10s_nonoverlap,10 s / 0% overlap
BIDMC,37,early_fusion_identity_rawppg_eventdecoder,0,1,2,60.0,120.0,19,18,19.0,18.0,1.0,0.6371644120632147,False,True,,1.0,0.0,0.0,19.492385786802032,19.21875,,detected_breaths,18,18,18,19.21875,0.0,0.0,1.21875,0.0,17,1,1,2,7125.0,0.7036456405748563,True,18.40625,0.40625,18.0,0.0,1,w10s_nonoverlap,10 s / 0% overlap
BIDMC,37,early_fusion_identity_rawppg_eventdecoder,0,1,3,120.0,180.0,18,18,18.0,18.0,0.0,0.488350271621811,False,True,,1.0,0.0,0.0,16.70019026909486,17.8125,,detected_breaths,17,18,18,17.8125,1.0,1.0,0.8125,1.0,13,4,5,9,5406.25,0.1082531754730548,True,17.9375,0.9375,18.0,1.0,1,w10s_nonoverlap,10 s / 0% overlap
BIDMC,37,early_fusion_identity_rawppg_eventdecoder,0,1,4,180.0,240.0,19,19,19.0,19.0,0.0,0.3025828694999593,False,True,,1.0,0.0,0.0,18.90849405006155,18.75,,detected_breaths,19,19,19,18.75,0.0,0.0,0.25,0.0,13,6,6,12,7882.8125,0.1443375672974064,True,18.916666666666668,0.0833333333333321,19.0,0.0,1,w10s_nonoverlap,10 s / 0% overlap
BIDMC,37,early_fusion_identity_rawppg_eventdecoder,0,1,5,240.0,300.0,20,20,20.0,20.0,0.0,0.0152906019164418,False,True,,1.0,0.0,0.0,20.05497526113249,20.15625,,detected_breaths,20,20,21,20.15625,0.0,1.0,0.15625,0.0,8,12,12,24,5148.4375,0.5379479722364732,True,20.385416666666668,0.3854166666666678,20.15625,0.15625,1,w10s_nonoverlap,10 s / 0% overlap
BIDMC,37,early_fusion_identity_rawppg_eventdecoder,0,1,6,300.0,360.0,18,19,18.0,19.0,1.0,-0.0016379576456175,False,False,ref_disagreement,1.0,0.0,0.0,17.80930296003274,20.15625,,detected_breaths,18,20,18,19.21875,2.0,0.0,1.21875,2.0,5,13,15,28,2976.5625,1.0079437091590646,True,19.072916666666668,1.072916666666668,19.21875,1.21875,1,w10s_nonoverlap,10 s / 0% overlap
BIDMC,37,early_fusion_identity_rawppg_eventdecoder,0,1,7,360.0,420.0,19,19,19.0,19.0,0.0,0.0344753683273015,False,True,,1.0,0.0,0.0,18.95516248457425,20.15625,,detected_breaths,19,18,18,19.6875,1.0,1.0,0.6875,-1.0,9,10,9,19,3953.125,0.9742785792574936,True,18.5625,0.4375,18.0,1.0,1,w10s_nonoverlap,10 s / 0% overlap
BIDMC,37,early_fusion_identity_rawppg_eventdecoder,0,1,8,420.0,480.0,17,18,17.0,18.0,1.0,0.4924300683443133,False,True,,1.0,0.0,0.0,17.622257278072567,15.9375,,detected_breaths,17,19,18,18.28125,2.0,1.0,1.28125,2.0,14,3,5,8,6710.9375,0.5157039081036068,True,18.42708333333333,1.427083333333332,18.28125,1.28125,1,w10s_nonoverlap,10 s / 0% overlap
BIDMC,38,early_fusion_identity_rawppg_eventdecoder,0,1,1,0.0,60.0,15,18,15.0,18.0,3.0,0.2093092845347125,False,True,,1.0,0.0,0.0,14.811957569913211,14.53125,,detected_breaths,14,20,16,12.65625,6.0,2.0,1.34375,6.0,12,2,8,10,3703.125,3.676758720326913,True,16.21875,2.21875,16.0,2.0,1,w10s_nonoverlap,10 s / 0% overlap
BIDMC,38,early_fusion_identity_rawppg_eventdecoder,0,1,2,60.0,120.0,16,18,16.0,18.0,2.0,0.5552225146258425,False,True,,1.0,0.0,0.0,16.255114999294484,15.9375,,detected_breaths,17,18,17,15.9375,1.0,0.0,1.0625,1.0,15,2,3,5,7179.6875,1.0314078162072136,True,16.979166666666668,0.0208333333333321,17.0,0.0,1,w10s_nonoverlap,10 s / 0% overlap
BIDMC,38,early_fusion_identity_rawppg_eventdecoder,0,1,3,120.0,180.0,16,17,16.0,17.0,1.0,0.5336101025108849,False,True,,1.0,0.0,0.0,15.544460936445825,15.9375,,detected_breaths,15,16,16,15.9375,1.0,1.0,0.9375,1.0,13,2,3,5,4523.4375,0.0360843918243516,True,15.979166666666666,0.979166666666666,16.0,1.0,1,w10s_nonoverlap,10 s / 0% overlap
BIDMC,38,early_fusion_identity_rawppg_eventdecoder,0,1,4,180.0,240.0,19,19,19.0,19.0,0.0,0.0160855267536261,False,False,ref_disagreement,1.0,0.0,0.0,19.428571428571427,21.5625,,detected_breaths,19,20,20,20.625,1.0,1.0,1.625,1.0,16,3,4,7,9351.5625,0.3608439182435161,True,20.20833333333333,1.208333333333332,20.0,1.0,1,w10s_nonoverlap,10 s / 0% overlap
BIDMC,38,early_fusion_identity_rawppg_eventdecoder,0,1,5,240.0,300.0,15,19,15.0,19.0,4.0,0.6019338266260874,False,True,,1.0,0.0,0.0,16.86059275521405,15.9375,,detected_breaths,17,19,18,15.9375,2.0,1.0,1.0625,2.0,14,3,5,8,6218.75,1.5616664443258468,True,17.645833333333332,0.6458333333333321,18.0,1.0,1,w10s_nonoverlap,10 s / 0% overlap
BIDMC,38,early_fusion_identity_rawppg_eventdecoder,0,1,6,300.0,360.0,15,19,15.0,19.0,4.0,0.3110243534858475,False,True,,1.0,0.0,0.0,15.954889449473216,14.53125,,detected_breaths,16,16,15,15.9375,0.0,1.0,0.0625,0.0,9,7,7,14,4140.625,0.5601804024895314,True,15.645833333333334,0.3541666666666661,15.9375,0.0625,1,w10s_nonoverlap,10 s / 0% overlap
BIDMC,38,early_fusion_identity_rawppg_eventdecoder,0,1,7,360.0,420.0,16,18,16.0,18.0,2.0,0.1524350105517291,False,True,,1.0,0.0,0.0,14.584915897992405,14.53125,,detected_breaths,14,18,17,14.0625,4.0,3.0,0.0625,4.0,9,5,9,14,3523.4375,2.0466563178348567,True,16.354166666666668,2.354166666666668,17.0,3.0,1,w10s_nonoverlap,10 s / 0% overlap
BIDMC,38,early_fusion_identity_rawppg_eventdecoder,0,1,8,420.0,480.0,16,14,16.0,14.0,2.0,0.3246547486793417,False,True,,1.0,0.0,0.0,14.15668202764977,14.53125,,detected_breaths,13,16,14,15.0,3.0,1.0,2.0,3.0,6,7,10,17,3203.125,1.0,True,15.0,2.0,15.0,2.0,1,w10s_nonoverlap,10 s / 0% overlap
BIDMC,39,early_fusion_identity_rawppg_eventdecoder,0,1,1,0.0,60.0,14,15,14.0,15.0,1.0,0.7608194883869118,False,True,,1.0,0.0,0.0,14.355140186915888,14.53125,,detected_breaths,14,16,15,14.53125,2.0,1.0,0.53125,2.0,13,1,2,3,4640.625,0.7502169825012849,True,15.177083333333334,1.177083333333334,15.0,1.0,1,w10s_nonoverlap,10 s / 0% overlap
BIDMC,39,early_fusion_identity_rawppg_eventdecoder,0,1,2,60.0,120.0,15,15,15.0,15.0,0.0,0.7041960425726119,False,True,,1.0,0.0,0.0,14.811957569913211,15.0,,detected_breaths,15,14,15,15.0,1.0,0.0,0.0,-1.0,15,0,0,0,6148.4375,0.5773502691896257,True,14.666666666666666,0.3333333333333339,15.0,0.0,1,w10s_nonoverlap,10 s / 0% overlap
BIDMC,39,early_fusion_identity_rawppg_eventdecoder,0,1,3,120.0,180.0,14,14,14.0,14.0,0.0,0.7922221761840016,False,True,,1.0,0.0,0.0,14.637149978009088,14.53125,,detected_breaths,15,15,15,14.53125,0.0,0.0,0.46875,0.0,15,0,0,0,5796.875,0.2706329386826371,True,14.84375,0.15625,15.0,0.0,1,w10s_nonoverlap,10 s / 0% overlap
BIDMC,39,early_fusion_identity_rawppg_eventdecoder,0,1,4,180.0,240.0,14,15,14.0,15.0,1.0,0.7376516937245436,False,True,,1.0,0.0,0.0,14.65648854961832,14.53125,,detected_breaths,14,15,14,14.53125,1.0,0.0,0.53125,1.0,13,1,2,3,5109.375,0.5003254149384512,True,14.510416666666666,0.5104166666666661,14.53125,0.53125,1,w10s_nonoverlap,10 s / 0% overlap
BIDMC,39,early_fusion_identity_rawppg_eventdecoder,0,1,5,240.0,300.0,14,17,14.0,17.0,3.0,0.6141330050115259,False,True,,1.0,0.0,0.0,14.307824591573516,14.53125,,detected_breaths,15,18,17,14.53125,3.0,2.0,0.46875,3.0,11,4,7,11,4210.9375,1.785448268876288,True,16.510416666666668,1.510416666666668,17.0,2.0,1,w10s_nonoverlap,10 s / 0% overlap
BIDMC,39,early_fusion_identity_rawppg_eventdecoder,0,1,6,300.0,360.0,15,18,15.0,18.0,3.0,0.5918627038844552,False,True,,1.0,0.0,0.0,15.300836764510558,15.46875,,detected_breaths,15,18,17,15.0,3.0,2.0,0.0,3.0,15,0,3,3,7328.125,1.5275252316519463,True,16.666666666666668,1.666666666666668,17.0,2.0,1,w10s_nonoverlap,10 s / 0% overlap
BIDMC,39,early_fusion_identity_rawppg_eventdecoder,0,1,7,360.0,420.0,13,17,13.0,17.0,4.0,0.1060646424625396,False,True,,1.0,0.0,0.0,12.414401175606171,11.25,,detected_breaths,13,17,14,12.1875,4.0,1.0,0.8125,4.0,10,3,7,10,3156.25,2.4305456349003887,True,14.395833333333334,1.395833333333334,14.0,1.0,1,w10s_nonoverlap,10 s / 0% overlap
BIDMC,39,early_fusion_identity_rawppg_eventdecoder,0,1,8,420.0,480.0,14,16,14.0,16.0,2.0,0.8471429501549201,False,True,,1.0,0.0,0.0,13.52112676056338,13.125,,detected_breaths,13,15,13,13.125,2.0,0.0,0.125,2.0,12,1,3,4,4890.625,1.1203608049790628,True,13.708333333333334,0.7083333333333339,13.125,0.125,1,w10s_nonoverlap,10 s / 0% overlap
BIDMC,40,early_fusion_identity_rawppg_eventdecoder,0,1,1,0.0,60.0,16,18,16.0,18.0,2.0,0.4675661700029702,False,True,,1.0,0.0,0.0,16.13897450266181,15.0,,detected_breaths,16,16,17,13.59375,0.0,1.0,2.40625,0.0,13,3,3,6,4718.75,1.75083685347893,True,15.53125,0.46875,16.0,0.0,1,w10s_nonoverlap,10 s / 0% overlap
BIDMC,40,early_fusion_identity_rawppg_eventdecoder,0,1,2,60.0,120.0,17,17,17.0,17.0,0.0,0.274235110888142,False,True,,1.0,0.0,0.0,16.210423770092547,16.40625,,detected_breaths,15,19,17,14.0625,4.0,2.0,0.9375,4.0,10,5,9,14,4164.0625,2.483539560788191,True,16.6875,1.6875,17.0,2.0,1,w10s_nonoverlap,10 s / 0% overlap
BIDMC,40,early_fusion_identity_rawppg_eventdecoder,0,1,3,120.0,180.0,16,17,16.0,17.0,1.0,-0.2529511805343856,False,True,,1.0,0.0,0.0,15.225148683092607,16.40625,,detected_breaths,15,17,15,17.34375,2.0,0.0,2.34375,2.0,7,8,10,18,3460.9375,1.2656571497974218,True,16.447916666666668,1.447916666666668,17.0,2.0,1,w10s_nonoverlap,10 s / 0% overlap
BIDMC,40,early_fusion_identity_rawppg_eventdecoder,0,1,4,180.0,240.0,18,18,18.0,18.0,0.0,0.2933341303638345,False,True,,1.0,0.0,0.0,15.92039800995025,16.40625,,detected_breaths,16,20,18,16.40625,4.0,2.0,0.40625,4.0,12,4,8,12,5648.4375,1.800697926036828,True,18.135416666666668,2.135416666666668,18.0,2.0,1,w10s_nonoverlap,10 s / 0% overlap
BIDMC,40,early_fusion_identity_rawppg_eventdecoder,0,1,5,240.0,300.0,15,16,15.0,16.0,1.0,0.2691308224774825,False,True,,1.0,0.0,0.0,15.76255131038838,15.9375,,detected_breaths,15,17,16,15.46875,2.0,1.0,0.46875,2.0,13,2,4,6,6796.875,0.7774909565390455,True,16.15625,1.15625,16.0,1.0,1,w10s_nonoverlap,10 s / 0% overlap
BIDMC,40,early_fusion_identity_rawppg_eventdecoder,0,1,6,300.0,360.0,17,17,17.0,17.0,0.0,0.1223479374043611,False,True,,1.0,0.0,0.0,15.50471063257066,14.53125,,detected_breaths,15,15,17,15.46875,0.0,2.0,0.46875,0.0,8,7,7,14,3554.6875,1.045980650314973,True,15.822916666666666,0.8229166666666661,15.46875,0.46875,1,w10s_nonoverlap,10 s / 0% overlap
BIDMC,40,early_fusion_identity_rawppg_eventdecoder,0,1,7,360.0,420.0,17,18,17.0,18.0,1.0,0.5072306057105287,False,True,,1.0,0.0,0.0,17.164408436932533,15.9375,,detected_breaths,17,18,15,18.28125,1.0,2.0,1.28125,1.0,12,5,6,11,5671.875,1.8186855658689327,True,17.09375,0.09375,18.0,1.0,1,w10s_nonoverlap,10 s / 0% overlap
BIDMC,40,early_fusion_identity_rawppg_eventdecoder,0,1,8,420.0,480.0,15,18,15.0,18.0,3.0,0.2141527819401136,False,True,,1.0,0.0,0.0,15.187100699726194,15.46875,,detected_breaths,15,20,17,15.9375,5.0,2.0,0.9375,5.0,10,5,10,15,2710.9375,2.106846478349415,True,17.645833333333332,2.645833333333332,17.0,2.0,1,w10s_nonoverlap,10 s / 0% overlap
BIDMC,41,early_fusion_identity_rawppg_eventdecoder,0,1,1,0.0,60.0,14,16,14.0,16.0,2.0,0.6374787930983961,False,True,,1.0,0.0,0.0,13.797678275290217,13.59375,,detected_breaths,14,19,16,14.0625,5.0,2.0,0.0625,5.0,13,1,6,7,7468.75,2.48773030759633,True,16.354166666666668,2.354166666666668,16.0,2.0,1,w10s_nonoverlap,10 s / 0% overlap
BIDMC,41,early_fusion_identity_rawppg_eventdecoder,0,1,2,60.0,120.0,14,17,14.0,17.0,3.0,0.6933052054393384,False,True,,1.0,0.0,0.0,13.203438395415471,14.0625,,detected_breaths,13,19,16,14.53125,6.0,3.0,1.53125,6.0,11,2,8,10,6812.5,2.2776798547718102,True,16.510416666666668,3.510416666666668,16.0,3.0,1,w10s_nonoverlap,10 s / 0% overlap
BIDMC,41,early_fusion_identity_rawppg_eventdecoder,0,1,3,120.0,180.0,14,16,14.0,16.0,2.0,0.6927109364617877,False,True,,1.0,0.0,0.0,13.769610040340654,14.0625,,detected_breaths,14,18,16,16.875,4.0,2.0,2.875,4.0,14,0,4,4,7453.125,1.0026007846263305,True,16.958333333333332,2.958333333333332,16.875,2.875,1,w10s_nonoverlap,10 s / 0% overlap
BIDMC,41,early_fusion_identity_rawppg_eventdecoder,0,1,4,180.0,240.0,13,15,13.0,15.0,2.0,0.6703716358225291,False,True,,1.0,0.0,0.0,13.736929003852504,14.0625,,detected_breaths,14,16,14,13.59375,2.0,0.0,0.40625,2.0,12,2,4,6,5742.1875,1.2880914903453091,True,14.53125,0.53125,14.0,0.0,1,w10s_nonoverlap,10 s / 0% overlap
BIDMC,41,early_fusion_identity_rawppg_eventdecoder,0,1,5,240.0,300.0,14,17,14.0,17.0,3.0,0.8016665939986586,True,True,,1.0,0.0,0.0,14.258783204798627,14.53125,,detected_breaths,14,17,15,14.53125,3.0,1.0,0.53125,3.0,14,0,3,3,4640.625,1.311135203109631,True,15.510416666666666,1.510416666666666,15.0,1.0,1,w10s_nonoverlap,10 s / 0% overlap
BIDMC,41,early_fusion_identity_rawppg_eventdecoder,0,1,6,300.0,360.0,15,18,15.0,18.0,3.0,0.5461519220120952,False,True,,1.0,0.0,0.0,13.772934197820389,14.53125,,detected_breaths,14,15,16,15.46875,1.0,2.0,1.46875,1.0,12,2,4,6,5070.3125,0.5003254149384512,True,15.489583333333334,1.489583333333334,15.46875,1.46875,1,w10s_nonoverlap,10 s / 0% overlap
BIDMC,41,early_fusion_identity_rawppg_eventdecoder,0,1,7,360.0,420.0,15,18,15.0,18.0,3.0,0.5556481363976926,False,True,,1.0,0.0,0.0,14.588873812754407,14.0625,,detected_breaths,14,20,16,14.0625,6.0,2.0,0.0625,6.0,14,0,5,5,7585.9375,3.027865378447331,True,16.6875,2.6875,16.0,2.0,1,w10s_nonoverlap,10 s / 0% overlap
BIDMC,41,early_fusion_identity_rawppg_eventdecoder,0,1,8,420.0,480.0,13,17,13.0,17.0,4.0,0.7250900700973624,False,True,,1.0,0.0,0.0,12.586412395709178,11.71875,,detected_breaths,12,16,17,11.71875,4.0,5.0,0.28125,4.0,11,1,5,6,3710.9375,2.805372914159542,True,14.90625,2.90625,16.0,4.0,1,w10s_nonoverlap,10 s / 0% overlap
BIDMC,42,early_fusion_identity_rawppg_eventdecoder,0,1,1,0.0,60.0,16,16,16.0,16.0,0.0,0.8257938362636003,False,True,,1.0,0.0,0.0,17.064296625468685,17.34375,,detected_breaths,17,17,17,17.34375,0.0,0.0,0.34375,0.0,17,0,0,0,3781.25,0.1984641550339338,True,17.114583333333332,0.1145833333333321,17.0,0.0,1,w10s_nonoverlap,10 s / 0% overlap
BIDMC,42,early_fusion_identity_rawppg_eventdecoder,0,1,2,60.0,120.0,17,17,17.0,17.0,0.0,0.8201113146261627,False,True,,1.0,0.0,0.0,17.690757270371435,17.8125,,detected_breaths,18,18,17,17.8125,0.0,1.0,0.1875,0.0,18,0,0,0,5265.625,0.5315562842572114,True,17.604166666666668,0.3958333333333321,17.8125,0.1875,1,w10s_nonoverlap,10 s / 0% overlap
BIDMC,42,early_fusion_identity_rawppg_eventdecoder,0,1,3,120.0,180.0,17,17,17.0,17.0,0.0,0.8682352760170491,False,True,,1.0,0.0,0.0,16.99350020744019,16.875,,detected_breaths,17,17,18,16.875,0.0,1.0,0.125,0.0,17,0,0,0,4367.1875,0.6166103577895309,True,17.291666666666668,0.2916666666666678,17.0,0.0,1,w10s_nonoverlap,10 s / 0% overlap
BIDMC,42,early_fusion_identity_rawppg_eventdecoder,0,1,4,180.0,240.0,17,17,17.0,17.0,0.0,0.8694552540876721,False,True,,1.0,0.0,0.0,17.265273737106586,17.34375,,detected_breaths,17,17,17,17.34375,0.0,0.0,0.34375,0.0,17,0,0,0,5507.8125,0.1984641550339338,True,17.114583333333332,0.1145833333333321,17.0,0.0,1,w10s_nonoverlap,10 s / 0% overlap
BIDMC,42,early_fusion_identity_rawppg_eventdecoder,0,1,5,240.0,300.0,17,17,17.0,17.0,0.0,0.8500698627374709,False,True,,1.0,0.0,0.0,17.054823039555863,16.875,,detected_breaths,17,19,17,16.875,2.0,0.0,0.125,2.0,17,0,2,2,4718.75,1.192424001771182,True,17.625,0.625,17.0,0.0,1,w10s_nonoverlap,10 s / 0% overlap
BIDMC,42,early_fusion_identity_rawppg_eventdecoder,0,1,6,300.0,360.0,17,17,17.0,17.0,0.0,0.8877628337227699,False,True,,1.0,0.0,0.0,17.33145275035261,17.34375,,detected_breaths,17,17,17,17.34375,0.0,0.0,0.34375,0.0,17,0,0,0,3765.625,0.1984641550339338,True,17.114583333333332,0.1145833333333321,17.0,0.0,1,w10s_nonoverlap,10 s / 0% overlap
BIDMC,42,early_fusion_identity_rawppg_eventdecoder,0,1,7,360.0,420.0,17,17,17.0,17.0,0.0,0.894244245403099,False,True,,1.0,0.0,0.0,17.550746068019897,17.34375,,detected_breaths,18,19,18,17.34375,1.0,0.0,0.65625,1.0,18,0,1,1,4460.9375,0.8340491717119161,True,18.11458333333333,0.1145833333333321,18.0,0.0,1,w10s_nonoverlap,10 s / 0% overlap
BIDMC,42,early_fusion_identity_rawppg_eventdecoder,0,1,8,420.0,480.0,17,17,17.0,17.0,0.0,0.8460735271360011,False,True,,1.0,0.0,0.0,17.321680293205524,17.8125,,detected_breaths,17,18,17,17.34375,1.0,0.0,0.34375,1.0,17,0,1,1,4453.125,0.5080728499273832,True,17.447916666666668,0.4479166666666678,17.34375,0.34375,1,w10s_nonoverlap,10 s / 0% overlap
BIDMC,43,early_fusion_identity_rawppg_eventdecoder,0,1,1,0.0,60.0,17,18,17.0,18.0,1.0,0.3604138110980002,False,True,,1.0,0.0,0.0,16.93028382474511,16.875,,detected_breaths,17,16,15,15.46875,1.0,2.0,1.53125,-1.0,11,6,5,11,4320.3125,0.5003254149384512,True,15.489583333333334,1.510416666666666,15.46875,1.53125,1,w10s_nonoverlap,10 s / 0% overlap
BIDMC,43,early_fusion_identity_rawppg_eventdecoder,0,1,2,60.0,120.0,17,16,17.0,16.0,1.0,0.3378684576442842,False,True,,1.0,0.0,0.0,16.109635016081665,17.34375,,detected_breaths,16,14,13,12.1875,2.0,3.0,3.8125,-2.0,8,8,6,14,3695.3125,0.9078649403958718,True,13.0625,2.9375,13.0,3.0,1,w10s_nonoverlap,10 s / 0% overlap
BIDMC,43,early_fusion_identity_rawppg_eventdecoder,0,1,3,120.0,180.0,17,15,17.0,15.0,2.0,0.5388171843055166,False,True,,1.0,0.0,0.0,17.200447928331467,16.875,,detected_breaths,17,17,16,16.875,0.0,1.0,0.125,0.0,10,7,7,14,3843.75,0.5448623679425842,True,16.625,0.375,16.875,0.125,1,w10s_nonoverlap,10 s / 0% overlap
BIDMC,43,early_fusion_identity_rawppg_eventdecoder,0,1,4,180.0,240.0,18,19,18.0,19.0,1.0,0.3654125910957666,False,True,,1.0,0.0,0.0,17.494305239179955,17.34375,,detected_breaths,18,16,15,13.125,2.0,3.0,4.875,-2.0,11,7,5,12,3734.375,1.4595233240114165,True,14.708333333333334,3.291666666666666,15.0,3.0,1,w10s_nonoverlap,10 s / 0% overlap
BIDMC,43,early_fusion_identity_rawppg_eventdecoder,0,1,5,240.0,300.0,16,18,16.0,18.0,2.0,-0.0079127689729724,False,True,,1.0,0.0,0.0,16.74342553481401,16.875,,detected_breaths,17,17,13,14.53125,0.0,4.0,2.46875,0.0,9,8,8,16,4367.1875,2.0182274865584406,True,14.84375,2.15625,14.53125,2.46875,1,w10s_nonoverlap,10 s / 0% overlap
BIDMC,43,early_fusion_identity_rawppg_eventdecoder,0,1,6,300.0,360.0,17,19,17.0,19.0,2.0,0.5454984417043613,False,True,,1.0,0.0,0.0,17.496796240922684,17.8125,,detected_breaths,17,20,16,17.34375,3.0,1.0,0.34375,3.0,14,3,6,9,3382.8125,2.035572324310782,True,17.78125,0.78125,17.34375,0.34375,1,w10s_nonoverlap,10 s / 0% overlap
BIDMC,43,early_fusion_identity_rawppg_eventdecoder,0,1,7,360.0,420.0,19,17,19.0,17.0,2.0,0.4156952948260179,False,True,,1.0,0.0,0.0,19.101837778084843,19.6875,,detected_breaths,19,18,18,19.6875,1.0,1.0,0.6875,-1.0,14,5,4,9,3601.5625,0.9742785792574936,True,18.5625,0.4375,18.0,1.0,1,w10s_nonoverlap,10 s / 0% overlap
BIDMC,43,early_fusion_identity_rawppg_eventdecoder,0,1,8,420.0,480.0,18,18,18.0,18.0,0.0,-0.0316096628221574,False,True,,1.0,0.0,0.0,17.924217462932454,17.8125,,detected_breaths,18,20,16,17.34375,2.0,2.0,0.65625,2.0,8,10,12,22,3335.9375,2.035572324310782,True,17.78125,0.21875,17.34375,0.65625,1,w10s_nonoverlap,10 s / 0% overlap
BIDMC,44,early_fusion_identity_rawppg_eventdecoder,0,1,1,0.0,60.0,17,17,17.0,17.0,0.0,0.5402768164419396,False,True,,1.0,0.0,0.0,17.012321749965388,16.875,,detected_breaths,17,17,17,16.875,0.0,0.0,0.125,0.0,15,2,2,4,7531.25,0.0721687836487032,True,16.958333333333332,0.0416666666666678,17.0,0.0,1,w10s_nonoverlap,10 s / 0% overlap
BIDMC,44,early_fusion_identity_rawppg_eventdecoder,0,1,2,60.0,120.0,17,18,17.0,18.0,1.0,0.5582311791478209,False,True,,1.0,0.0,0.0,16.729748127978215,17.34375,,detected_breaths,17,18,18,17.34375,1.0,1.0,0.34375,1.0,15,2,3,5,6414.0625,0.3788861141556919,True,17.78125,0.78125,18.0,1.0,1,w10s_nonoverlap,10 s / 0% overlap
BIDMC,44,early_fusion_identity_rawppg_eventdecoder,0,1,3,120.0,180.0,16,16,16.0,16.0,0.0,0.7027279464554297,False,True,,1.0,0.0,0.0,16.718367346938777,16.40625,,detected_breaths,17,17,17,16.40625,0.0,0.0,0.59375,0.0,15,2,2,4,5750.0,0.3428017223313403,True,16.802083333333332,0.1979166666666678,17.0,0.0,1,w10s_nonoverlap,10 s / 0% overlap
BIDMC,44,early_fusion_identity_rawppg_eventdecoder,0,1,4,180.0,240.0,16,16,16.0,16.0,0.0,0.7650100841398826,False,True,,1.0,0.0,0.0,16.370612476907773,16.40625,,detected_breaths,16,16,16,16.40625,0.0,0.0,0.40625,0.0,15,1,1,2,5781.25,0.2345485468582854,True,16.135416666666668,0.1354166666666678,16.0,0.0,1,w10s_nonoverlap,10 s / 0% overlap
BIDMC,44,early_fusion_identity_rawppg_eventdecoder,0,2,1,310.0,370.0,16,18,16.0,18.0,2.0,0.6262605078637979,False,True,,1.0,0.0,0.0,16.388370232061884,16.40625,,detected_breaths,16,18,17,16.40625,2.0,1.0,0.40625,2.0,15,1,3,4,5828.125,0.8054582675926377,True,17.135416666666668,1.135416666666668,17.0,1.0,1,w10s_nonoverlap,10 s / 0% overlap
BIDMC,44,early_fusion_identity_rawppg_eventdecoder,0,2,2,370.0,430.0,16,16,16.0,16.0,0.0,0.9083219531840104,False,True,,1.0,0.0,0.0,16.308040770101925,16.40625,,detected_breaths,17,16,16,16.40625,1.0,1.0,0.59375,-1.0,16,1,0,1,3648.4375,0.2345485468582854,True,16.135416666666668,0.8645833333333321,16.0,1.0,1,w10s_nonoverlap,10 s / 0% overlap
BIDMC,45,early_fusion_identity_rawppg_eventdecoder,0,1,1,0.0,60.0,16,20,16.0,20.0,4.0,0.3532086624520735,False,True,,1.0,0.0,0.0,15.705521472392638,15.46875,,detected_breaths,16,18,17,15.46875,2.0,1.0,0.53125,2.0,10,6,8,14,3695.3125,1.2748825517800977,True,16.822916666666668,0.8229166666666679,17.0,1.0,1,w10s_nonoverlap,10 s / 0% overlap
BIDMC,45,early_fusion_identity_rawppg_eventdecoder,0,1,2,60.0,120.0,15,17,15.0,17.0,2.0,0.7064246654773998,False,True,,1.0,0.0,0.0,15.711947626841244,15.9375,,detected_breaths,16,15,15,15.46875,1.0,1.0,0.53125,-1.0,13,3,2,5,5109.375,0.2706329386826371,True,15.15625,0.84375,15.0,1.0,1,w10s_nonoverlap,10 s / 0% overlap
BIDMC,45,early_fusion_identity_rawppg_eventdecoder,0,1,3,120.0,180.0,15,16,15.0,16.0,1.0,0.6401287350626053,False,True,,1.0,0.0,0.0,15.580350673815389,15.9375,,detected_breaths,16,17,15,15.9375,1.0,1.0,0.0625,1.0,14,2,3,5,4460.9375,1.0006508298769023,True,15.979166666666666,0.0208333333333339,15.9375,0.0625,1,w10s_nonoverlap,10 s / 0% overlap
BIDMC,45,early_fusion_identity_rawppg_eventdecoder,0,1,4,180.0,240.0,16,15,16.0,15.0,1.0,0.7356924663376609,False,True,,1.0,0.0,0.0,16.098378982671885,15.9375,,detected_breaths,16,17,16,15.9375,1.0,0.0,0.0625,1.0,14,2,3,5,4695.3125,0.596212000885591,True,16.3125,0.3125,16.0,0.0,1,w10s_nonoverlap,10 s / 0% overlap
BIDMC,45,early_fusion_identity_rawppg_eventdecoder,0,1,5,240.0,300.0,15,16,15.0,16.0,1.0,0.7648623589397738,False,True,,1.0,0.0,0.0,16.157790927021697,16.40625,,detected_breaths,16,17,16,16.40625,1.0,0.0,0.40625,1.0,16,0,1,1,4976.5625,0.5029211543572213,True,16.46875,0.46875,16.40625,0.40625,1,w10s_nonoverlap,10 s / 0% overlap
BIDMC,45,early_fusion_identity_rawppg_eventdecoder,0,1,6,300.0,360.0,16,17,16.0,17.0,1.0,0.6466952291795681,False,True,,1.0,0.0,0.0,16.525606082341127,16.40625,,detected_breaths,16,19,17,16.875,3.0,1.0,0.875,3.0,14,2,4,6,3710.9375,1.192424001771182,True,17.625,1.625,17.0,1.0,1,w10s_nonoverlap,10 s / 0% overlap
BIDMC,45,early_fusion_identity_rawppg_eventdecoder,0,1,7,360.0,420.0,16,16,16.0,16.0,0.0,0.7804805777803687,False,True,,1.0,0.0,0.0,16.27348495550219,16.40625,,detected_breaths,17,16,16,16.40625,1.0,1.0,0.59375,-1.0,16,1,1,2,6406.25,0.2345485468582854,True,16.135416666666668,0.8645833333333321,16.0,1.0,1,w10s_nonoverlap,10 s / 0% overlap
BIDMC,45,early_fusion_identity_rawppg_eventdecoder,0,1,8,420.0,480.0,16,17,16.0,17.0,1.0,0.7339953074230857,False,True,,1.0,0.0,0.0,16.109635016081665,16.40625,,detected_breaths,15,17,15,16.40625,2.0,0.0,1.40625,2.0,14,1,3,4,4554.6875,1.0271382676316432,True,16.135416666666668,1.135416666666668,16.40625,1.40625,1,w10s_nonoverlap,10 s / 0% overlap
BIDMC,46,early_fusion_identity_rawppg_eventdecoder,0,1,1,0.0,60.0,16,18,16.0,18.0,2.0,-0.3205142289031107,False,False,ref_disagreement,1.0,0.0,0.0,12.977357215275433,10.78125,,detected_breaths,13,19,16,12.1875,6.0,3.0,0.8125,6.0,8,5,11,16,2929.6875,3.414315756243604,True,15.729166666666666,2.729166666666666,16.0,3.0,1,w10s_nonoverlap,10 s / 0% overlap
BIDMC,46,early_fusion_identity_rawppg_eventdecoder,0,1,2,60.0,120.0,15,22,15.0,22.0,7.0,0.2045708129548667,False,True,,1.0,0.0,0.0,15.075715086932137,16.875,,detected_breaths,14,22,20,15.0,8.0,6.0,1.0,8.0,12,2,10,12,6148.4375,3.605551275463989,True,19.0,5.0,20.0,6.0,1,w10s_nonoverlap,10 s / 0% overlap
BIDMC,46,early_fusion_identity_rawppg_eventdecoder,0,1,3,120.0,180.0,15,20,15.0,20.0,5.0,0.1185427507706024,False,True,,1.0,0.0,0.0,14.091743119266056,14.53125,,detected_breaths,14,20,17,21.5625,6.0,3.0,7.5625,6.0,10,4,10,14,3210.9375,2.318685421382843,True,19.52083333333333,5.520833333333332,20.0,6.0,1,w10s_nonoverlap,10 s / 0% overlap
BIDMC,46,early_fusion_identity_rawppg_eventdecoder,0,1,4,180.0,240.0,17,20,17.0,20.0,3.0,0.1234078519319351,False,False,ref_irregular_cycles,1.0,0.0,0.0,15.557056043214043,8.90625,,detected_breaths,11,18,16,16.40625,7.0,5.0,5.40625,7.0,8,3,10,13,4921.875,1.0571248842181955,True,16.802083333333332,5.802083333333332,16.40625,5.40625,1,w10s_nonoverlap,10 s / 0% overlap
BIDMC,46,early_fusion_identity_rawppg_eventdecoder,0,1,5,240.0,300.0,17,18,17.0,18.0,1.0,0.3034321311751794,False,True,,1.0,0.0,0.0,16.981757877280266,15.46875,,detected_breaths,17,19,18,17.8125,2.0,1.0,0.8125,2.0,13,4,6,10,6023.4375,0.6383980602518567,True,18.27083333333333,1.270833333333332,18.0,1.0,1,w10s_nonoverlap,10 s / 0% overlap
BIDMC,46,early_fusion_identity_rawppg_eventdecoder,0,1,6,300.0,360.0,18,19,18.0,19.0,1.0,-0.1264188629802253,False,True,,1.0,0.0,0.0,15.385642737896491,13.59375,,detected_breaths,15,20,17,19.21875,5.0,2.0,4.21875,5.0,10,5,10,15,5140.625,1.5563420320846355,True,18.73958333333333,3.739583333333332,19.21875,4.21875,1,w10s_nonoverlap,10 s / 0% overlap
BIDMC,46,early_fusion_identity_rawppg_eventdecoder,0,1,7,360.0,420.0,15,19,15.0,19.0,4.0,-0.3138492817593653,False,True,,1.0,0.0,0.0,15.622457282343367,15.46875,,detected_breaths,15,20,18,16.40625,5.0,3.0,1.40625,5.0,7,8,13,21,3546.875,1.800697926036828,True,18.135416666666668,3.135416666666668,18.0,3.0,1,w10s_nonoverlap,10 s / 0% overlap
BIDMC,46,early_fusion_identity_rawppg_eventdecoder,0,1,8,420.0,480.0,15,19,15.0,19.0,4.0,-0.2935287766890646,False,True,,1.0,0.0,0.0,15.32934131736527,15.46875,,detected_breaths,15,21,18,15.46875,6.0,3.0,0.46875,6.0,7,8,14,22,3414.0625,2.7689334025035706,True,18.15625,3.15625,18.0,3.0,1,w10s_nonoverlap,10 s / 0% overlap
BIDMC,47,early_fusion_identity_rawppg_eventdecoder,0,1,1,0.0,60.0,22,20,22.0,20.0,2.0,0.8198539070453483,False,True,,1.0,0.0,0.0,21.466790895780647,22.03125,,detected_breaths,22,21,20,21.5625,1.0,2.0,0.4375,-1.0,18,4,3,7,3476.5625,0.7913924963842741,True,20.854166666666668,1.145833333333332,21.0,1.0,1,w10s_nonoverlap,10 s / 0% overlap
BIDMC,47,early_fusion_identity_rawppg_eventdecoder,0,1,2,60.0,120.0,21,19,21.0,19.0,2.0,0.5645874505616324,False,True,,1.0,0.0,0.0,21.268346718360565,22.5,,detected_breaths,21,21,19,20.625,0.0,2.0,0.375,0.0,19,2,2,4,4500.0,1.0631125685144227,True,20.20833333333333,0.7916666666666679,20.625,0.375,1,w10s_nonoverlap,10 s / 0% overlap
BIDMC,47,early_fusion_identity_rawppg_eventdecoder,0,1,3,120.0,180.0,22,22,22.0,22.0,0.0,0.8960821812372013,False,True,,1.0,0.0,0.0,21.990728115625853,22.03125,,detected_breaths,22,21,21,22.03125,1.0,1.0,0.03125,-1.0,21,1,0,1,3726.5625,0.5953924651018015,True,21.34375,0.65625,21.0,1.0,1,w10s_nonoverlap,10 s / 0% overlap
BIDMC,47,early_fusion_identity_rawppg_eventdecoder,0,1,4,180.0,240.0,22,22,22.0,22.0,0.0,0.9258322340796958,False,True,,1.0,0.0,0.0,21.990728115625853,22.03125,,detected_breaths,22,21,21,22.03125,1.0,1.0,0.03125,-1.0,21,1,0,1,2757.8125,0.5953924651018015,True,21.34375,0.65625,21.0,1.0,1,w10s_nonoverlap,10 s / 0% overlap
BIDMC,47,early_fusion_identity_rawppg_eventdecoder,0,1,5,240.0,300.0,22,21,22.0,21.0,1.0,0.8951736773572074,False,True,,1.0,0.0,0.0,21.990728115625853,22.03125,,detected_breaths,22,21,21,22.03125,1.0,1.0,0.03125,-1.0,20,2,1,3,3257.8125,0.5953924651018015,True,21.34375,0.65625,21.0,1.0,1,w10s_nonoverlap,10 s / 0% overlap
BIDMC,47,early_fusion_identity_rawppg_eventdecoder,0,1,6,300.0,360.0,22,22,22.0,22.0,0.0,0.9286019719463164,False,True,,1.0,0.0,0.0,21.9997271859228,22.03125,,detected_breaths,22,22,22,22.03125,0.0,0.0,0.03125,0.0,22,0,0,0,3500.0,0.0180421959121758,True,22.010416666666668,0.0104166666666678,22.0,0.0,1,w10s_nonoverlap,10 s / 0% overlap
BIDMC,47,early_fusion_identity_rawppg_eventdecoder,0,1,7,360.0,420.0,22,22,22.0,22.0,0.0,0.944487199630222,False,True,,1.0,0.0,0.0,22.005730659025787,22.03125,,detected_breaths,22,22,22,22.03125,0.0,0.0,0.03125,0.0,22,0,0,0,3031.25,0.0180421959121758,True,22.010416666666668,0.0104166666666678,22.0,0.0,1,w10s_nonoverlap,10 s / 0% overlap
BIDMC,47,early_fusion_identity_rawppg_eventdecoder,0,1,8,420.0,480.0,22,21,22.0,21.0,1.0,0.8956561585007934,False,True,,1.0,0.0,0.0,22.005730659025787,22.03125,,detected_breaths,22,22,20,22.03125,0.0,2.0,0.03125,0.0,21,1,1,2,3945.3125,1.1638265280960045,True,21.34375,0.65625,22.0,0.0,1,w10s_nonoverlap,10 s / 0% overlap
BIDMC,48,early_fusion_identity_rawppg_eventdecoder,0,1,1,0.0,60.0,15,18,15.0,18.0,3.0,0.097598468100247,False,True,,1.0,0.0,0.0,12.575732765678728,14.53125,,detected_breaths,10,16,17,15.9375,6.0,7.0,5.9375,6.0,4,6,12,18,1062.5,0.596212000885591,True,16.3125,6.3125,16.0,6.0,1,w10s_nonoverlap,10 s / 0% overlap
BIDMC,48,early_fusion_identity_rawppg_eventdecoder,0,1,2,60.0,120.0,16,16,16.0,16.0,0.0,-0.1047924947651618,False,True,,1.0,0.0,0.0,16.529459241323647,16.40625,,detected_breaths,17,18,15,16.40625,1.0,2.0,0.59375,1.0,7,10,11,21,4187.5,1.5009762448153534,True,16.46875,0.53125,16.40625,0.59375,1,w10s_nonoverlap,10 s / 0% overlap
BIDMC,48,early_fusion_identity_rawppg_eventdecoder,0,1,3,120.0,180.0,17,18,17.0,18.0,1.0,-0.0136737613649797,False,True,,1.0,0.0,0.0,17.891671520093187,18.28125,,detected_breaths,18,17,18,17.8125,1.0,0.0,0.1875,-1.0,7,11,10,21,4421.875,0.5315562842572114,True,17.604166666666668,0.3958333333333321,17.8125,0.1875,1,w10s_nonoverlap,10 s / 0% overlap
BIDMC,48,early_fusion_identity_rawppg_eventdecoder,0,1,4,180.0,240.0,17,18,17.0,18.0,1.0,-0.1474794686527669,False,True,,1.0,0.0,0.0,17.24930638129211,17.34375,,detected_breaths,17,18,19,17.34375,1.0,2.0,0.34375,1.0,5,12,13,25,2664.0625,0.8340491717119161,True,18.11458333333333,1.114583333333332,18.0,1.0,1,w10s_nonoverlap,10 s / 0% overlap
BIDMC,48,early_fusion_identity_rawppg_eventdecoder,0,1,5,240.0,300.0,18,17,18.0,17.0,1.0,0.0666615960654134,False,True,,1.0,0.0,0.0,18.38970368153248,18.75,,detected_breaths,17,18,17,17.34375,1.0,0.0,0.34375,1.0,9,8,9,17,4382.8125,0.5080728499273832,True,17.447916666666668,0.4479166666666678,17.34375,0.34375,1,w10s_nonoverlap,10 s / 0% overlap
BIDMC,48,early_fusion_identity_rawppg_eventdecoder,0,1,6,300.0,360.0,18,18,18.0,18.0,0.0,0.1254349161223319,False,True,,1.0,0.0,0.0,18.662092624356777,18.75,,detected_breaths,19,19,19,18.75,0.0,0.0,0.25,0.0,15,4,4,8,9906.25,0.1443375672974064,True,18.916666666666668,0.0833333333333321,19.0,0.0,1,w10s_nonoverlap,10 s / 0% overlap
BIDMC,48,early_fusion_identity_rawppg_eventdecoder,0,1,7,360.0,420.0,19,20,19.0,20.0,1.0,0.0003763975274004,False,True,,1.0,0.0,0.0,19.663118178143108,19.6875,,detected_breaths,19,20,19,19.6875,1.0,0.0,0.6875,1.0,15,4,5,9,9460.9375,0.5115845482420281,True,19.5625,0.5625,19.6875,0.6875,1,w10s_nonoverlap,10 s / 0% overlap
BIDMC,48,early_fusion_identity_rawppg_eventdecoder,0,1,8,420.0,480.0,19,21,19.0,21.0,2.0,-0.2730697898347145,False,True,,1.0,0.0,0.0,18.018216947281257,19.6875,,detected_breaths,18,22,21,20.625,4.0,3.0,2.625,4.0,5,13,17,30,2054.6875,0.7107800878846658,True,21.20833333333333,3.208333333333332,21.0,3.0,1,w10s_nonoverlap,10 s / 0% overlap
BIDMC,49,early_fusion_identity_rawppg_eventdecoder,0,1,1,0.0,60.0,16,19,16.0,19.0,3.0,0.4409715180487616,False,True,,1.0,0.0,0.0,16.63012586276898,16.40625,,detected_breaths,17,18,18,16.40625,1.0,1.0,0.59375,1.0,13,4,5,9,5796.875,0.920151991520966,True,17.46875,0.46875,18.0,1.0,1,w10s_nonoverlap,10 s / 0% overlap
BIDMC,49,early_fusion_identity_rawppg_eventdecoder,0,1,2,60.0,120.0,15,17,15.0,17.0,2.0,0.5438402780986984,False,True,,1.0,0.0,0.0,15.87245349867139,15.9375,,detected_breaths,16,17,17,15.9375,1.0,1.0,0.0625,1.0,13,3,4,7,4734.375,0.6134346610139774,True,16.645833333333332,0.6458333333333321,17.0,1.0,1,w10s_nonoverlap,10 s / 0% overlap
BIDMC,49,early_fusion_identity_rawppg_eventdecoder,0,1,3,120.0,180.0,16,16,16.0,16.0,0.0,0.4454144177826679,False,True,,1.0,0.0,0.0,16.471849865951743,17.34375,,detected_breaths,16,17,15,15.46875,1.0,1.0,0.53125,1.0,12,4,5,9,4289.0625,1.045980650314973,True,15.822916666666666,0.1770833333333339,15.46875,0.53125,1,w10s_nonoverlap,10 s / 0% overlap
BIDMC,49,early_fusion_identity_rawppg_eventdecoder,0,1,4,180.0,240.0,18,16,18.0,16.0,2.0,0.168352362597114,False,True,,1.0,0.0,0.0,18.608157221698747,17.34375,,detected_breaths,19,18,17,16.875,1.0,2.0,2.125,-1.0,12,7,6,13,6218.75,0.6166103577895309,True,17.291666666666668,1.708333333333332,17.0,2.0,1,w10s_nonoverlap,10 s / 0% overlap
BIDMC,49,early_fusion_identity_rawppg_eventdecoder,0,1,5,240.0,300.0,15,16,15.0,16.0,1.0,0.6051887884525211,False,True,,1.0,0.0,0.0,15.569070373588184,15.46875,,detected_breaths,16,18,16,17.34375,2.0,0.0,1.34375,2.0,12,4,6,10,7554.6875,1.0195038110930892,True,17.114583333333332,1.114583333333332,17.34375,1.34375,1,w10s_nonoverlap,10 s / 0% overlap
BIDMC,49,early_fusion_identity_rawppg_eventdecoder,0,1,6,300.0,360.0,18,19,18.0,19.0,1.0,0.6430400265416774,False,True,,1.0,0.0,0.0,18.283295860335937,17.34375,,detected_breaths,18,17,18,17.34375,1.0,0.0,0.65625,-1.0,16,2,1,3,5062.5,0.5080728499273832,True,17.447916666666668,0.5520833333333321,17.34375,0.65625,1,w10s_nonoverlap,10 s / 0% overlap
BIDMC,49,early_fusion_identity_rawppg_eventdecoder,0,1,7,360.0,420.0,17,18,17.0,18.0,1.0,0.6033798120537648,False,True,,1.0,0.0,0.0,16.85827959939635,16.875,,detected_breaths,17,18,18,16.875,1.0,1.0,0.125,1.0,15,2,3,5,6914.0625,0.649519052838329,True,17.625,0.625,18.0,1.0,1,w10s_nonoverlap,10 s / 0% overlap
BIDMC,49,early_fusion_identity_rawppg_eventdecoder,0,1,8,420.0,480.0,17,17,17.0,17.0,0.0,0.6482454400209963,False,True,,1.0,0.0,0.0,17.326565143824027,17.34375,,detected_breaths,17,17,17,16.875,0.0,0.0,0.125,0.0,15,2,2,4,7414.0625,0.0721687836487032,True,16.958333333333332,0.0416666666666678,17.0,0.0,1,w10s_nonoverlap,10 s / 0% overlap
BIDMC,50,early_fusion_identity_rawppg_eventdecoder,0,1,1,0.0,60.0,15,15,15.0,15.0,0.0,0.8783674683556454,False,True,,1.0,0.0,0.0,15.28358208955224,15.0,,detected_breaths,16,17,16,15.0,1.0,0.0,1.0,1.0,16,0,1,1,5437.5,1.0,True,16.0,0.0,16.0,0.0,1,w10s_nonoverlap,10 s / 0% overlap
BIDMC,50,early_fusion_identity_rawppg_eventdecoder,0,1,2,60.0,120.0,16,16,16.0,16.0,0.0,0.8879716910119382,False,True,,1.0,0.0,0.0,15.817657558698338,15.9375,,detected_breaths,15,15,15,15.9375,0.0,0.0,0.9375,0.0,15,0,0,0,4429.6875,0.5412658773652742,True,15.3125,0.3125,15.0,0.0,1,w10s_nonoverlap,10 s / 0% overlap
BIDMC,50,early_fusion_identity_rawppg_eventdecoder,0,1,3,120.0,180.0,14,14,14.0,14.0,0.0,0.8843460354166917,False,True,,1.0,0.0,0.0,14.266933409545585,14.0625,,detected_breaths,14,15,15,14.53125,1.0,1.0,0.53125,1.0,14,0,0,0,5226.5625,0.2706329386826371,True,14.84375,0.84375,15.0,1.0,1,w10s_nonoverlap,10 s / 0% overlap
BIDMC,50,early_fusion_identity_rawppg_eventdecoder,0,1,4,180.0,240.0,15,16,15.0,16.0,1.0,0.8624824465268213,False,True,,1.0,0.0,0.0,14.52384168580305,14.53125,,detected_breaths,15,14,14,14.53125,1.0,1.0,0.46875,-1.0,15,0,0,0,6476.5625,0.3067173305069887,True,14.177083333333334,0.8229166666666661,14.0,1.0,1,w10s_nonoverlap,10 s / 0% overlap
BIDMC,50,early_fusion_identity_rawppg_eventdecoder,0,1,5,240.0,300.0,15,15,15.0,15.0,0.0,0.8363617910971827,False,True,,1.0,0.0,0.0,14.859038142620232,15.0,,detected_breaths,15,15,15,15.0,0.0,0.0,0.0,0.0,14,1,1,2,4507.8125,0.0,True,15.0,0.0,15.0,0.0,1,w10s_nonoverlap,10 s / 0% overlap
BIDMC,50,early_fusion_identity_rawppg_eventdecoder,0,1,6,300.0,360.0,15,16,15.0,16.0,1.0,0.413190176599406,False,True,,1.0,0.0,0.0,15.107489110580302,15.46875,,detected_breaths,15,16,16,14.53125,1.0,1.0,0.46875,1.0,13,2,3,5,6593.75,0.8479832078722628,True,15.510416666666666,0.5104166666666661,16.0,1.0,1,w10s_nonoverlap,10 s / 0% overlap
BIDMC,50,early_fusion_identity_rawppg_eventdecoder,0,1,7,360.0,420.0,15,16,15.0,16.0,1.0,-0.2770798658184427,False,True,,1.0,0.0,0.0,14.973005398920217,15.46875,,detected_breaths,14,16,15,15.0,2.0,1.0,1.0,2.0,9,5,7,12,6062.5,0.5773502691896257,True,15.333333333333334,1.333333333333334,15.0,1.0,1,w10s_nonoverlap,10 s / 0% overlap
BIDMC,50,early_fusion_identity_rawppg_eventdecoder,0,1,8,420.0,480.0,14,16,14.0,16.0,2.0,-0.5515356432962675,False,True,,1.0,0.0,0.0,13.864901459304953,14.0625,,detected_breaths,13,15,14,12.1875,2.0,1.0,0.8125,2.0,1,12,14,26,70.3125,1.425676009243802,True,13.729166666666666,0.7291666666666661,14.0,1.0,1,w10s_nonoverlap,10 s / 0% overlap
BIDMC,51,early_fusion_identity_rawppg_eventdecoder,0,1,1,0.0,60.0,18,18,18.0,18.0,0.0,0.372819447207543,False,True,,1.0,0.0,0.0,18.14341300722624,18.28125,,detected_breaths,18,19,18,18.28125,1.0,0.0,0.28125,1.0,13,5,6,11,6492.1875,0.5157039081036068,True,18.42708333333333,0.4270833333333321,18.28125,0.28125,1,w10s_nonoverlap,10 s / 0% overlap
BIDMC,51,early_fusion_identity_rawppg_eventdecoder,0,1,2,60.0,120.0,18,19,18.0,19.0,1.0,0.4442331583692873,False,True,,1.0,0.0,0.0,18.65675907402115,18.75,,detected_breaths,19,21,20,18.75,2.0,1.0,0.25,2.0,17,2,4,6,6187.5,1.1273124382057236,True,19.916666666666668,0.916666666666668,20.0,1.0,1,w10s_nonoverlap,10 s / 0% overlap
BIDMC,51,early_fusion_identity_rawppg_eventdecoder,0,1,3,120.0,180.0,18,17,18.0,17.0,1.0,0.6206039466625856,False,True,,1.0,0.0,0.0,17.96614834181918,17.8125,,detected_breaths,18,19,18,17.8125,1.0,0.0,0.1875,1.0,15,3,4,7,6804.6875,0.6383980602518567,True,18.27083333333333,0.2708333333333321,18.0,0.0,1,w10s_nonoverlap,10 s / 0% overlap
BIDMC,51,early_fusion_identity_rawppg_eventdecoder,0,1,4,180.0,240.0,18,17,18.0,17.0,1.0,0.4186910661446671,False,True,,1.0,0.0,0.0,18.141732283464567,18.28125,,detected_breaths,18,18,18,18.28125,0.0,0.0,0.28125,0.0,13,5,5,10,6351.5625,0.1623797632095822,True,18.09375,0.09375,18.0,0.0,1,w10s_nonoverlap,10 s / 0% overlap
BIDMC,51,early_fusion_identity_rawppg_eventdecoder,0,1,5,240.0,300.0,18,18,18.0,18.0,0.0,0.5934801445926212,False,True,,1.0,0.0,0.0,18.60359076660017,17.8125,,detected_breaths,18,20,19,17.8125,2.0,1.0,0.1875,2.0,14,4,6,10,5179.6875,1.095088466745952,True,18.9375,0.9375,19.0,1.0,1,w10s_nonoverlap,10 s / 0% overlap
BIDMC,51,early_fusion_identity_rawppg_eventdecoder,0,1,6,300.0,360.0,18,18,18.0,18.0,0.0,0.5638592755965368,False,True,,1.0,0.0,0.0,18.28059367124055,18.28125,,detected_breaths,19,18,18,18.28125,1.0,1.0,0.71875,-1.0,14,5,4,9,5562.5,0.1623797632095822,True,18.09375,0.90625,18.0,1.0,1,w10s_nonoverlap,10 s / 0% overlap
BIDMC,51,early_fusion_identity_rawppg_eventdecoder,0,1,7,360.0,420.0,18,18,18.0,18.0,0.0,0.6891186778456029,False,True,,1.0,0.0,0.0,19.12450851900393,19.21875,,detected_breaths,19,19,19,18.75,0.0,0.0,0.25,0.0,18,1,1,2,6531.25,0.1443375672974064,True,18.916666666666668,0.0833333333333321,19.0,0.0,1,w10s_nonoverlap,10 s / 0% overlap
BIDMC,51,early_fusion_identity_rawppg_eventdecoder,0,1,8,420.0,480.0,18,19,18.0,19.0,1.0,0.4442731678251253,False,True,,1.0,0.0,0.0,18.313929022303267,17.8125,,detected_breaths,18,20,18,17.8125,2.0,0.0,0.1875,2.0,16,2,4,6,7421.875,1.212457043912622,True,18.604166666666668,0.6041666666666679,18.0,0.0,1,w10s_nonoverlap,10 s / 0% overlap
BIDMC,52,early_fusion_identity_rawppg_eventdecoder,0,1,1,0.0,60.0,18,18,18.0,18.0,0.0,0.2502143317956991,False,True,,1.0,0.0,0.0,18.221912072575016,18.28125,,detected_breaths,18,19,18,18.28125,1.0,0.0,0.28125,1.0,16,2,2,4,10070.3125,0.5157039081036068,True,18.42708333333333,0.4270833333333321,18.28125,0.28125,1,w10s_nonoverlap,10 s / 0% overlap
BIDMC,52,early_fusion_identity_rawppg_eventdecoder,0,1,2,60.0,120.0,19,19,19.0,19.0,0.0,0.1745168515884443,False,True,,1.0,0.0,0.0,18.588140379185155,18.75,,detected_breaths,19,18,17,16.875,1.0,2.0,2.125,-1.0,14,5,5,10,8421.875,0.6166103577895309,True,17.291666666666668,1.708333333333332,17.0,2.0,1,w10s_nonoverlap,10 s / 0% overlap
BIDMC,52,early_fusion_identity_rawppg_eventdecoder,0,1,3,120.0,180.0,18,18,18.0,18.0,0.0,0.2662204259963212,False,True,,1.0,0.0,0.0,18.68345735546652,18.75,,detected_breaths,19,19,19,18.75,0.0,0.0,0.25,0.0,16,3,3,6,9281.25,0.1443375672974064,True,18.916666666666668,0.0833333333333321,19.0,0.0,1,w10s_nonoverlap,10 s / 0% overlap
BIDMC,52,early_fusion_identity_rawppg_eventdecoder,0,1,4,180.0,240.0,19,18,19.0,18.0,1.0,0.2566365817798695,False,True,,1.0,0.0,0.0,18.40745672436751,18.75,,detected_breaths,18,18,18,18.75,0.0,0.0,0.75,0.0,16,2,2,4,10343.75,0.4330127018922193,True,18.25,0.25,18.0,0.0,1,w10s_nonoverlap,10 s / 0% overlap
BIDMC,52,early_fusion_identity_rawppg_eventdecoder,0,1,5,240.0,300.0,18,18,18.0,18.0,0.0,0.2464205614515871,False,True,,1.0,0.0,0.0,18.321639068200955,18.28125,,detected_breaths,18,18,19,18.28125,0.0,1.0,0.28125,0.0,17,1,1,2,10476.5625,0.5157039081036068,True,18.42708333333333,0.4270833333333321,18.28125,0.28125,1,w10s_nonoverlap,10 s / 0% overlap
BIDMC,52,early_fusion_identity_rawppg_eventdecoder,0,1,6,300.0,360.0,18,19,18.0,19.0,1.0,0.3549299933335161,False,True,,1.0,0.0,0.0,18.43691651106962,18.75,,detected_breaths,19,19,17,18.28125,0.0,2.0,0.71875,0.0,17,2,2,4,8750.0,1.013097817340458,True,18.09375,0.90625,18.28125,0.71875,1,w10s_nonoverlap,10 s / 0% overlap
BIDMC,52,early_fusion_identity_rawppg_eventdecoder,0,1,7,360.0,420.0,18,18,18.0,18.0,0.0,0.2790064489119047,False,True,,1.0,0.0,0.0,18.662092624356777,17.34375,,detected_breaths,18,19,19,17.8125,1.0,1.0,0.1875,1.0,17,1,1,2,9398.4375,0.6856034446626805,True,18.604166666666668,0.6041666666666679,19.0,1.0,1,w10s_nonoverlap,10 s / 0% overlap
BIDMC,52,early_fusion_identity_rawppg_eventdecoder,0,1,8,420.0,480.0,18,18,18.0,18.0,0.0,0.3738627359804823,False,True,,1.0,0.0,0.0,17.200447928331467,18.75,,detected_breaths,17,18,17,18.28125,1.0,0.0,1.28125,1.0,17,0,2,2,9929.6875,0.6733873482872493,True,17.760416666666668,0.7604166666666679,18.0,1.0,1,w10s_nonoverlap,10 s / 0% overlap
BIDMC,53,early_fusion_identity_rawppg_eventdecoder,0,1,1,0.0,60.0,20,20,20.0,20.0,0.0,0.0486965926615466,False,True,,1.0,0.0,0.0,20.016460905349795,21.09375,,detected_breaths,20,20,19,21.5625,0.0,1.0,1.5625,0.0,11,9,9,18,5046.875,1.291498644985739,True,20.1875,0.1875,20.0,0.0,1,w10s_nonoverlap,10 s / 0% overlap
BIDMC,53,early_fusion_identity_rawppg_eventdecoder,0,1,2,60.0,120.0,19,21,19.0,21.0,2.0,-0.1120886588189737,False,True,,1.0,0.0,0.0,19.451245251160827,19.6875,,detected_breaths,20,21,17,19.21875,1.0,3.0,0.78125,1.0,10,10,11,21,6062.5,2.003983662815976,True,19.072916666666668,0.927083333333332,19.21875,0.78125,1,w10s_nonoverlap,10 s / 0% overlap
BIDMC,53,early_fusion_identity_rawppg_eventdecoder,0,1,3,120.0,180.0,19,20,19.0,20.0,1.0,-0.0240156679985128,False,True,,1.0,0.0,0.0,20.13897993968795,20.625,,detected_breaths,20,22,19,20.15625,2.0,1.0,0.15625,2.0,9,11,13,24,5617.1875,1.5130723779229245,True,20.385416666666668,0.3854166666666678,20.15625,0.15625,1,w10s_nonoverlap,10 s / 0% overlap
BIDMC,53,early_fusion_identity_rawppg_eventdecoder,0,1,4,180.0,240.0,19,20,19.0,20.0,1.0,-0.0239536492498927,False,True,,1.0,0.0,0.0,19.369482976040352,19.6875,,detected_breaths,19,20,18,19.6875,1.0,1.0,0.6875,1.0,11,8,9,17,6492.1875,1.0758959444729463,True,19.229166666666668,0.2291666666666678,19.6875,0.6875,1,w10s_nonoverlap,10 s / 0% overlap
BIDMC,53,early_fusion_identity_rawppg_eventdecoder,0,1,5,240.0,300.0,19,19,19.0,19.0,0.0,0.2311083716911737,False,True,,1.0,0.0,0.0,19.002061855670103,19.21875,,detected_breaths,19,19,19,19.21875,0.0,0.0,0.21875,0.0,12,7,7,14,5929.6875,0.1262953713852306,True,19.072916666666668,0.0729166666666678,19.0,0.0,1,w10s_nonoverlap,10 s / 0% overlap
BIDMC,53,early_fusion_identity_rawppg_eventdecoder,0,1,6,300.0,360.0,18,18,18.0,18.0,0.0,0.2940422927223745,False,True,,1.0,0.0,0.0,17.71986970684039,17.34375,,detected_breaths,18,18,17,15.9375,0.0,1.0,2.0625,0.0,11,7,7,14,4335.9375,1.0314078162072136,True,16.979166666666668,1.020833333333332,17.0,1.0,1,w10s_nonoverlap,10 s / 0% overlap
BIDMC,53,early_fusion_identity_rawppg_eventdecoder,0,1,7,360.0,420.0,19,18,19.0,18.0,1.0,0.2448666611943161,False,True,,1.0,0.0,0.0,18.83892068683565,19.6875,,detected_breaths,19,21,18,19.21875,2.0,1.0,0.21875,2.0,15,4,6,10,6835.9375,1.5087634630716638,True,19.40625,0.40625,19.21875,0.21875,1,w10s_nonoverlap,10 s / 0% overlap
BIDMC,53,early_fusion_identity_rawppg_eventdecoder,0,1,8,420.0,480.0,18,18,18.0,18.0,0.0,0.1868474016996546,False,True,,1.0,0.0,0.0,18.65942546805774,18.28125,,detected_breaths,18,18,18,18.75,0.0,0.0,0.75,0.0,10,8,8,16,5335.9375,0.4330127018922193,True,18.25,0.25,18.0,0.0,1,w10s_nonoverlap,10 s / 0% overlap
CapnoBase,0009,early_fusion_identity_rawppg_eventdecoder,0,1,1,0.0,60.0,18,18,18.0,18.0,0.0,0.9355328250089788,False,True,,1.0,0.0,0.0,17.633711507293356,17.8125,17.97109428768066,expert_labels,18,21,19,17.8125,3.0,1.0,0.1875,3.0,18,0,3,3,3492.1875,1.6109165351852754,True,19.27083333333333,1.270833333333332,19.0,1.0,1,w10s_nonoverlap,10 s / 0% overlap
CapnoBase,0009,early_fusion_identity_rawppg_eventdecoder,0,1,2,60.0,120.0,18,18,18.0,18.0,0.0,0.8962904999213803,False,True,,1.0,0.0,0.0,17.70545158665582,17.34375,17.387859063251735,expert_labels,17,22,21,17.34375,5.0,4.0,0.34375,5.0,17,0,5,5,3546.875,2.4511503464360023,True,20.11458333333333,3.114583333333332,21.0,4.0,1,w10s_nonoverlap,10 s / 0% overlap
CapnoBase,0009,early_fusion_identity_rawppg_eventdecoder,0,1,3,120.0,180.0,18,18,18.0,18.0,0.0,0.9273920795759474,False,True,,1.0,0.0,0.0,18.42954272763632,18.28125,18.14341300722624,expert_labels,18,21,20,18.28125,3.0,2.0,0.28125,3.0,18,0,3,3,3914.0625,1.3751183661173805,True,19.760416666666668,1.760416666666668,20.0,2.0,1,w10s_nonoverlap,10 s / 0% overlap
CapnoBase,0009,early_fusion_identity_rawppg_eventdecoder,0,1,4,180.0,240.0,20,20,20.0,20.0,0.0,0.9052897782857372,False,True,,1.0,0.0,0.0,20.835594139989148,22.03125,20.878075302433057,expert_labels,21,25,21,22.5,4.0,0.0,1.5,4.0,21,0,4,4,3171.875,2.0207259421636903,True,22.83333333333333,1.833333333333332,22.5,1.5,1,w10s_nonoverlap,10 s / 0% overlap
CapnoBase,0009,early_fusion_identity_rawppg_eventdecoder,0,1,5,240.0,300.0,19,19,19.0,19.0,0.0,0.912959140761576,False,True,,1.0,0.0,0.0,19.761646803900323,19.6875,19.825039437831634,expert_labels,19,23,20,19.6875,4.0,1.0,0.6875,4.0,19,0,3,3,3148.4375,1.8289483544740488,True,20.89583333333333,1.895833333333332,20.0,1.0,1,w10s_nonoverlap,10 s / 0% overlap
CapnoBase,0009,early_fusion_identity_rawppg_eventdecoder,0,1,6,300.0,360.0,19,19,19.0,19.0,0.0,0.941928094558514,False,True,,1.0,0.0,0.0,19.288405190456256,19.21875,19.2964824120603,expert_labels,20,20,20,19.21875,0.0,0.0,0.78125,0.0,20,0,1,1,3429.6875,0.4510548978043951,True,19.73958333333333,0.2604166666666678,20.0,0.0,1,w10s_nonoverlap,10 s / 0% overlap
CapnoBase,0009,early_fusion_identity_rawppg_eventdecoder,0,1,7,360.0,420.0,19,19,19.0,19.0,0.0,0.9401910869542588,False,True,,1.0,0.0,0.0,19.432680783060327,19.21875,19.39666058650204,expert_labels,19,19,19,19.21875,0.0,0.0,0.21875,0.0,19,0,0,0,2531.25,0.1262953713852306,True,19.072916666666668,0.0729166666666678,19.0,0.0,1,w10s_nonoverlap,10 s / 0% overlap
CapnoBase,0009,early_fusion_identity_rawppg_eventdecoder,0,1,8,420.0,480.0,19,19,19.0,19.0,0.0,0.9351454980394714,False,True,,0.9998697916666668,0.0,0.0,19.994214636968472,19.6875,19.681683301861344,expert_labels,20,22,21,19.6875,2.0,1.0,0.3125,2.0,20,0,2,2,2796.875,1.1597638049763983,True,20.89583333333333,0.8958333333333321,21.0,1.0,1,w10s_nonoverlap,10 s / 0% overlap
CapnoBase,0015,early_fusion_identity_rawppg_eventdecoder,0,1,1,0.0,60.0,29,28,29.0,28.0,1.0,0.7922215232280986,False,True,,1.0,0.0,0.0,28.75250701965504,29.0625,28.776019983347208,expert_labels,28,28,28,29.0625,0.0,0.0,1.0625,0.0,27,1,1,2,4421.875,0.6134346610139774,True,28.354166666666668,0.3541666666666678,28.0,0.0,1,w10s_nonoverlap,10 s / 0% overlap
CapnoBase,0015,early_fusion_identity_rawppg_eventdecoder,0,1,2,60.0,120.0,29,29,29.0,29.0,0.0,0.9233133066762584,False,True,,1.0,0.0,0.0,28.965517241379303,29.0625,28.973322554567503,expert_labels,29,29,28,29.0625,0.0,1.0,0.0625,0.0,29,0,0,0,3578.125,0.596212000885591,True,28.6875,0.3125,29.0,0.0,1,w10s_nonoverlap,10 s / 0% overlap
CapnoBase,0015,early_fusion_identity_rawppg_eventdecoder,0,1,3,120.0,180.0,28,28,28.0,28.0,0.0,0.9699852940068178,False,True,,1.0,0.0,0.0,28.77944325481799,28.59375,28.76019794035041,expert_labels,29,29,29,28.59375,0.0,0.0,0.40625,0.0,29,0,0,0,3851.5625,0.2345485468582854,True,28.86458333333333,0.1354166666666678,29.0,0.0,1,w10s_nonoverlap,10 s / 0% overlap
CapnoBase,0015,early_fusion_identity_rawppg_eventdecoder,0,1,4,180.0,240.0,28,28,28.0,28.0,0.0,0.9018542756942644,False,True,,1.0,0.0,0.0,28.64484044757564,28.59375,28.66817757632316,expert_labels,29,29,29,28.59375,0.0,0.0,0.40625,0.0,28,1,1,2,4390.625,0.2345485468582854,True,28.86458333333333,0.1354166666666678,29.0,0.0,1,w10s_nonoverlap,10 s / 0% overlap
CapnoBase,0015,early_fusion_identity_rawppg_eventdecoder,0,1,5,240.0,300.0,28,28,28.0,28.0,0.0,0.914495013685067,False,True,,1.0,0.0,0.0,28.78714859437751,29.0625,28.78001387925052,expert_labels,28,28,28,29.0625,0.0,0.0,1.0625,0.0,28,0,0,0,3929.6875,0.6134346610139774,True,28.354166666666668,0.3541666666666678,28.0,0.0,1,w10s_nonoverlap,10 s / 0% overlap
CapnoBase,0015,early_fusion_identity_rawppg_eventdecoder,0,1,6,300.0,360.0,29,27,29.0,27.0,2.0,0.7038478809302562,False,True,,1.0,0.0,0.0,28.938231731933787,28.59375,28.96941937222148,expert_labels,29,29,25,28.59375,0.0,4.0,0.40625,0.0,28,1,1,2,3859.375,2.2015175873701303,True,27.53125,1.46875,28.59375,0.40625,1,w10s_nonoverlap,10 s / 0% overlap
CapnoBase,0015,early_fusion_identity_rawppg_eventdecoder,0,1,7,360.0,420.0,28,27,28.0,27.0,1.0,0.7718435860999281,False,True,,1.0,0.0,0.0,28.63000931966449,28.59375,28.58814145174156,expert_labels,29,29,28,28.59375,0.0,1.0,0.40625,0.0,28,1,1,2,4343.75,0.5029211543572213,True,28.53125,0.46875,28.59375,0.40625,1,w10s_nonoverlap,10 s / 0% overlap
CapnoBase,0015,early_fusion_identity_rawppg_eventdecoder,0,1,8,420.0,480.0,28,28,28.0,28.0,0.0,0.9417428605458696,False,True,,0.9986979166666666,0.0,0.0,28.65671641791045,28.59375,28.683473389355743,expert_labels,29,28,28,29.0625,1.0,1.0,0.0625,-1.0,28,1,0,1,3929.6875,0.6134346610139774,True,28.354166666666668,0.6458333333333321,28.0,1.0,1,w10s_nonoverlap,10 s / 0% overlap
CapnoBase,0016,early_fusion_identity_rawppg_eventdecoder,0,1,1,0.0,60.0,9,19,9.0,19.0,10.0,0.6000611773868578,False,True,,0.95,0.0,0.0791666666666666,10.578512396694215,9.84375,10.002894356005788,expert_labels,10,22,20,10.3125,12.0,10.0,0.3125,12.0,10,0,12,12,5789.0625,6.250937429698045,False,,,20.0,10.0,1,w10s_nonoverlap,10 s / 0% overlap
CapnoBase,0016,early_fusion_identity_rawppg_eventdecoder,0,1,2,60.0,120.0,9,19,9.0,19.0,10.0,0.5369033960970592,False,True,,1.0,0.0,0.0,10.517666392769105,9.84375,10.004342162396874,expert_labels,10,24,18,9.84375,14.0,8.0,0.15625,14.0,9,1,15,16,3171.875,7.10544190656007,False,,,18.0,8.0,1,w10s_nonoverlap,10 s / 0% overlap
CapnoBase,0016,early_fusion_identity_rawppg_eventdecoder,0,1,3,120.0,180.0,9,18,9.0,18.0,9.0,0.5935446607024282,False,True,,1.0,0.0,0.0,10.524873235576264,9.84375,10.005790387955994,expert_labels,10,17,15,10.3125,7.0,5.0,0.3125,7.0,8,2,9,11,5687.5,3.43257222550864,True,14.104166666666666,4.104166666666666,15.0,5.0,1,w10s_nonoverlap,10 s / 0% overlap
CapnoBase,0016,early_fusion_identity_rawppg_eventdecoder,0,1,4,180.0,240.0,9,16,9.0,16.0,7.0,0.6616586875303325,False,True,,1.0,0.0,0.0,10.524873235576264,9.84375,10.004342162396874,expert_labels,10,21,15,9.84375,11.0,5.0,0.15625,11.0,10,0,11,11,8195.3125,5.583440219748036,False,,,15.0,5.0,1,w10s_nonoverlap,10 s / 0% overlap
CapnoBase,0016,early_fusion_identity_rawppg_eventdecoder,0,1,5,240.0,300.0,10,20,10.0,20.0,10.0,0.2623455622341953,False,True,,1.0,0.0,0.0,10.52920208390458,9.84375,10.004342162396874,expert_labels,10,25,20,20.15625,15.0,10.0,10.15625,15.0,7,3,18,21,3414.0625,2.8427195935406644,True,21.71875,11.71875,20.15625,10.15625,1,w10s_nonoverlap,10 s / 0% overlap
CapnoBase,0016,early_fusion_identity_rawppg_eventdecoder,0,1,6,300.0,360.0,10,21,10.0,21.0,11.0,0.5111643968242813,False,False,ref_artifact_label,0.9841145833333332,0.0158854166666666,0.0,10.52920208390458,9.84375,10.005790387955994,expert_labels,10,27,20,4.21875,17.0,10.0,5.78125,17.0,9,1,18,19,4890.625,11.669284490526117,False,,,20.0,10.0,1,w10s_nonoverlap,10 s / 0% overlap
CapnoBase,0016,early_fusion_identity_rawppg_eventdecoder,0,1,7,360.0,420.0,10,19,10.0,19.0,9.0,0.4024378403378209,False,True,,1.0,0.0,0.0,10.533534494582362,9.84375,10.005790387955994,expert_labels,10,21,17,5.15625,11.0,7.0,4.84375,11.0,7,3,14,17,5250.0,8.239122405986777,False,,,17.0,7.0,1,w10s_nonoverlap,10 s / 0% overlap
CapnoBase,0016,early_fusion_identity_rawppg_eventdecoder,0,1,8,420.0,480.0,10,20,10.0,20.0,10.0,0.3924635048874744,False,True,,1.0,0.0,0.046484375,10.540763107329123,9.84375,10.00723903286521,expert_labels,10,23,19,7.5,13.0,9.0,2.5,13.0,8,2,15,17,5367.1875,8.04673846971554,False,,,19.0,9.0,1,w10s_nonoverlap,10 s / 0% overlap
CapnoBase,0018,early_fusion_identity_rawppg_eventdecoder,0,1,1,0.0,60.0,30,19,30.0,19.0,11.0,0.1337527484213045,False,True,,1.0,0.0,0.0,38.58248472505092,38.90625,38.61338978565758,expert_labels,39,34,22,13.125,5.0,17.0,25.875,-5.0,34,5,0,5,4906.25,10.476411997116823,False,,,22.0,17.0,1,w10s_nonoverlap,10 s / 0% overlap
CapnoBase,0018,early_fusion_identity_rawppg_eventdecoder,0,1,2,60.0,120.0,33,19,33.0,19.0,14.0,0.1443178949420093,False,True,,1.0,0.0,0.0,36.9329414907828,37.03125,36.908289947937526,expert_labels,37,35,26,37.03125,2.0,11.0,0.03125,-2.0,33,4,2,6,4570.3125,5.871037005575193,False,,,35.0,2.0,1,w10s_nonoverlap,10 s / 0% overlap
CapnoBase,0018,early_fusion_identity_rawppg_eventdecoder,0,1,3,120.0,180.0,34,25,34.0,25.0,9.0,0.3497233109865675,False,True,,1.0,0.0,0.0,34.77890250399574,35.625,34.751131221719454,expert_labels,35,32,26,35.625,3.0,9.0,0.625,-3.0,31,4,1,5,3218.75,4.861091269800777,False,,,32.0,3.0,1,w10s_nonoverlap,10 s / 0% overlap
CapnoBase,0018,early_fusion_identity_rawppg_eventdecoder,0,1,4,180.0,240.0,34,18,34.0,18.0,16.0,0.1748552686599317,False,True,,1.0,0.0,0.0,35.20560873668599,35.15625,35.25789900081016,expert_labels,35,30,18,12.65625,5.0,17.0,22.34375,-5.0,29,6,1,7,3000.0,8.882204382218415,False,,,18.0,17.0,1,w10s_nonoverlap,10 s / 0% overlap
CapnoBase,0018,early_fusion_identity_rawppg_eventdecoder,0,1,5,240.0,300.0,33,23,33.0,23.0,10.0,0.2055458214636287,False,True,,1.0,0.0,0.0,34.92776886035313,35.15625,33.873295910184446,expert_labels,34,33,30,35.15625,1.0,4.0,1.15625,-1.0,31,3,2,5,3031.25,2.5896051219249627,True,32.71875,1.28125,33.0,1.0,1,w10s_nonoverlap,10 s / 0% overlap
CapnoBase,0018,early_fusion_identity_rawppg_eventdecoder,0,1,6,300.0,360.0,32,27,32.0,27.0,5.0,0.608424341187553,False,True,,1.0,0.0,0.0427083333333333,33.26025172553796,34.21875,33.22877230935641,expert_labels,33,32,30,34.21875,1.0,3.0,1.21875,-1.0,32,1,0,1,2640.625,2.110320004367426,True,32.072916666666664,0.9270833333333356,32.0,1.0,1,w10s_nonoverlap,10 s / 0% overlap
CapnoBase,0018,early_fusion_identity_rawppg_eventdecoder,0,1,7,360.0,420.0,31,28,31.0,28.0,3.0,0.6571993162563345,False,True,,1.0,0.0,0.0,31.75670268107243,31.875,31.748233097746365,expert_labels,32,32,29,31.875,0.0,3.0,0.125,0.0,32,0,0,0,2273.4375,1.6971176545346918,True,30.95833333333333,1.041666666666668,31.875,0.125,1,w10s_nonoverlap,10 s / 0% overlap
CapnoBase,0018,early_fusion_identity_rawppg_eventdecoder,0,1,8,420.0,480.0,29,23,29.0,23.0,6.0,0.3921373126617391,False,True,,0.9970052083333332,0.0,0.0,30.42622950819672,30.46875,30.368148350149987,expert_labels,30,27,22,30.46875,3.0,8.0,0.46875,-3.0,26,4,1,5,3429.6875,4.25738482179299,False,,,27.0,3.0,1,w10s_nonoverlap,10 s / 0% overlap
CapnoBase,0023,early_fusion_identity_rawppg_eventdecoder,0,1,1,0.0,60.0,23,23,23.0,23.0,0.0,0.9544722353918416,False,True,,1.0,0.0,0.0,23.02848575712144,22.96875,23.01907356948229,expert_labels,23,23,22,22.96875,0.0,1.0,0.03125,0.0,23,0,0,0,2460.9375,0.5685439187081329,True,22.65625,0.34375,22.96875,0.03125,1,w10s_nonoverlap,10 s / 0% overlap
CapnoBase,0023,early_fusion_identity_rawppg_eventdecoder,0,1,2,60.0,120.0,24,24,24.0,24.0,0.0,0.9551006708610704,False,True,,1.0,0.0,0.0,23.77069035123133,23.90625,23.805929919137466,expert_labels,24,24,24,23.90625,0.0,0.0,0.09375,0.0,24,0,0,0,2804.6875,0.0541265877365274,True,23.96875,0.03125,24.0,0.0,1,w10s_nonoverlap,10 s / 0% overlap
CapnoBase,0023,early_fusion_identity_rawppg_eventdecoder,0,1,3,120.0,180.0,21,21,21.0,21.0,0.0,0.9635175362474456,False,True,,1.0,0.0,0.0,21.71945701357465,21.5625,21.738778811160536,expert_labels,22,22,22,21.5625,0.0,0.0,0.4375,0.0,22,0,0,0,1937.5,0.2525907427704613,True,21.854166666666668,0.1458333333333321,22.0,0.0,1,w10s_nonoverlap,10 s / 0% overlap
CapnoBase,0023,early_fusion_identity_rawppg_eventdecoder,0,1,4,180.0,240.0,21,21,21.0,21.0,0.0,0.973398604577333,False,True,,1.0,0.0,0.0,21.88034188034188,22.03125,21.89816700610998,expert_labels,22,22,22,22.03125,0.0,0.0,0.03125,0.0,22,0,0,0,1593.75,0.0180421959121758,True,22.010416666666668,0.0104166666666678,22.0,0.0,1,w10s_nonoverlap,10 s / 0% overlap
CapnoBase,0023,early_fusion_identity_rawppg_eventdecoder,0,1,5,240.0,300.0,20,20,20.0,20.0,0.0,0.9567386173670456,False,True,,1.0,0.0,0.0,21.08731466227348,21.09375,21.110500274876305,expert_labels,21,21,21,21.09375,0.0,0.0,0.09375,0.0,21,0,0,0,2070.3125,0.0541265877365274,True,21.03125,0.03125,21.0,0.0,1,w10s_nonoverlap,10 s / 0% overlap
CapnoBase,0023,early_fusion_identity_rawppg_eventdecoder,0,1,6,300.0,360.0,20,20,20.0,20.0,0.0,0.9573894140660388,False,True,,1.0,0.0,0.0,21.03245241681501,21.09375,21.03245241681501,expert_labels,21,21,21,21.09375,0.0,0.0,0.09375,0.0,21,0,0,0,1421.875,0.0541265877365274,True,21.03125,0.03125,21.0,0.0,1,w10s_nonoverlap,10 s / 0% overlap
CapnoBase,0023,early_fusion_identity_rawppg_eventdecoder,0,1,7,360.0,420.0,20,20,20.0,20.0,0.0,0.9777086547887756,False,True,,1.0,0.0,0.0,20.647936550611643,20.625,20.63406770553465,expert_labels,21,20,21,20.625,1.0,0.0,0.375,-1.0,21,0,0,0,2757.8125,0.5051814855409226,True,20.541666666666668,0.4583333333333321,20.625,0.375,1,w10s_nonoverlap,10 s / 0% overlap
CapnoBase,0023,early_fusion_identity_rawppg_eventdecoder,0,1,8,420.0,480.0,22,22,22.0,22.0,0.0,0.9703312415476056,False,True,,0.9994791666666668,0.0,0.0,21.542776998597475,21.5625,21.50959249404845,expert_labels,21,22,21,21.5625,1.0,0.0,0.5625,1.0,21,0,0,0,2304.6875,0.5013003923131651,True,21.52083333333333,0.5208333333333321,21.5625,0.5625,1,w10s_nonoverlap,10 s / 0% overlap
CapnoBase,0028,early_fusion_identity_rawppg_eventdecoder,0,1,1,0.0,60.0,12,13,12.0,13.0,1.0,0.9304257732382646,False,True,,0.9963541666666668,0.0,0.0,12.187252049722296,12.1875,12.029047415634343,expert_labels,12,12,12,12.1875,0.0,0.0,0.1875,0.0,12,0,0,0,2492.1875,0.1082531754730548,True,12.0625,0.0625,12.0,0.0,1,w10s_nonoverlap,10 s / 0% overlap
CapnoBase,0028,early_fusion_identity_rawppg_eventdecoder,0,1,2,60.0,120.0,12,13,12.0,13.0,1.0,0.9109154472230252,False,True,,1.0,0.0,0.0,11.960923120487044,12.1875,12.06684759320097,expert_labels,12,12,13,12.1875,0.0,1.0,0.1875,0.0,12,0,0,0,2171.875,0.5315562842572114,True,12.395833333333334,0.3958333333333339,12.1875,0.1875,1,w10s_nonoverlap,10 s / 0% overlap
CapnoBase,0028,early_fusion_identity_rawppg_eventdecoder,0,1,3,120.0,180.0,12,12,12.0,12.0,0.0,0.931832278584776,False,True,,1.0,0.0,0.0,12.029047415634343,11.25,11.53625563293732,expert_labels,12,12,12,11.25,0.0,0.0,0.75,0.0,12,0,0,0,2140.625,0.4330127018922193,True,11.75,0.25,12.0,0.0,1,w10s_nonoverlap,10 s / 0% overlap
CapnoBase,0028,early_fusion_identity_rawppg_eventdecoder,0,1,4,180.0,240.0,11,11,11.0,11.0,0.0,0.96112880237331,False,True,,1.0,0.0,0.0,11.356365102836405,11.25,11.320754716981131,expert_labels,11,11,11,11.25,0.0,0.0,0.25,0.0,11,0,0,0,2250.0,0.1443375672974064,True,11.083333333333334,0.0833333333333339,11.0,0.0,1,w10s_nonoverlap,10 s / 0% overlap
CapnoBase,0028,early_fusion_identity_rawppg_eventdecoder,0,1,5,240.0,300.0,12,13,12.0,13.0,1.0,0.9361354472571476,False,True,,1.0,0.0,0.0,12.314868804664725,11.71875,11.782426778242677,expert_labels,12,13,12,11.71875,1.0,0.0,0.28125,1.0,12,0,1,1,3476.5625,0.6733873482872494,True,12.239583333333334,0.2395833333333339,12.0,0.0,1,w10s_nonoverlap,10 s / 0% overlap
CapnoBase,0028,early_fusion_identity_rawppg_eventdecoder,0,1,6,300.0,360.0,11,11,11.0,11.0,0.0,0.9728945702541676,False,True,,1.0,0.0,0.0,11.687880464858882,11.71875,11.70893970893971,expert_labels,12,12,12,11.71875,0.0,0.0,0.28125,0.0,12,0,0,0,3812.5,0.1623797632095822,True,11.90625,0.09375,12.0,0.0,1,w10s_nonoverlap,10 s / 0% overlap
CapnoBase,0028,early_fusion_identity_rawppg_eventdecoder,0,1,7,360.0,420.0,12,12,12.0,12.0,0.0,0.9460141051912602,False,True,,1.0,0.0,0.0,11.851851851851851,11.71875,11.739529195964536,expert_labels,11,11,11,11.71875,0.0,0.0,0.71875,0.0,11,0,0,0,2812.5,0.4149705059800435,True,11.239583333333334,0.2395833333333339,11.0,0.0,1,w10s_nonoverlap,10 s / 0% overlap
CapnoBase,0028,early_fusion_identity_rawppg_eventdecoder,0,1,8,420.0,480.0,11,11,11.0,11.0,0.0,0.9547697428524642,False,True,,1.0,0.0,0.0,11.40234849507356,11.71875,11.451809678731191,expert_labels,12,11,11,11.71875,1.0,1.0,0.28125,-1.0,11,1,0,1,2609.375,0.4149705059800435,True,11.239583333333334,0.7604166666666661,11.0,1.0,1,w10s_nonoverlap,10 s / 0% overlap
CapnoBase,0029,early_fusion_identity_rawppg_eventdecoder,0,1,1,0.0,60.0,9,16,9.0,16.0,7.0,0.7143983005729834,False,True,,1.0,0.0,0.0,10.199203187250996,7.96875,10.009775171065494,expert_labels,9,12,12,11.71875,3.0,3.0,2.71875,3.0,9,0,3,3,898.4375,0.1623797632095822,True,11.90625,2.90625,12.0,3.0,1,w10s_nonoverlap,10 s / 0% overlap
CapnoBase,0029,early_fusion_identity_rawppg_eventdecoder,0,1,2,60.0,120.0,10,17,10.0,17.0,7.0,0.750765644299739,False,True,,1.0,0.0,0.0,10.260521042084168,9.84375,9.804255319148936,expert_labels,10,10,10,9.84375,0.0,0.0,0.15625,0.0,10,0,0,0,1492.1875,0.090210979560879,True,9.947916666666666,0.0520833333333339,10.0,0.0,1,w10s_nonoverlap,10 s / 0% overlap
CapnoBase,0029,early_fusion_identity_rawppg_eventdecoder,0,1,3,120.0,180.0,10,17,10.0,17.0,7.0,0.8103597250597494,True,True,,1.0,0.0,0.0,10.83725305738476,9.375,10.224852071005918,expert_labels,10,12,10,9.375,2.0,0.0,0.625,2.0,10,0,2,2,1742.1875,1.3712068893253613,True,10.458333333333334,0.4583333333333339,10.0,0.0,1,w10s_nonoverlap,10 s / 0% overlap
CapnoBase,0029,early_fusion_identity_rawppg_eventdecoder,0,1,4,180.0,240.0,11,15,11.0,15.0,4.0,0.8147346789099073,True,True,,1.0,0.0,0.0,11.411589895988111,10.78125,11.365990824330323,expert_labels,11,12,12,10.78125,1.0,1.0,0.21875,1.0,11,0,2,2,1656.25,0.7036456405748563,True,11.59375,0.59375,12.0,1.0,1,w10s_nonoverlap,10 s / 0% overlap
CapnoBase,0029,early_fusion_identity_rawppg_eventdecoder,0,1,5,240.0,300.0,11,15,11.0,15.0,4.0,0.8166165440566054,True,True,,1.0,0.0,0.0,12.356296621325145,9.375,11.25604572768577,expert_labels,11,12,12,10.78125,1.0,1.0,0.21875,1.0,11,0,0,0,1531.25,0.7036456405748563,True,11.59375,0.59375,12.0,1.0,1,w10s_nonoverlap,10 s / 0% overlap
CapnoBase,0029,early_fusion_identity_rawppg_eventdecoder,0,1,6,300.0,360.0,12,15,12.0,15.0,3.0,0.8798001041225597,True,True,,1.0,0.0,0.0,11.713810316139767,14.0625,12.511848341232229,expert_labels,12,13,12,14.0625,1.0,0.0,2.0625,1.0,12,0,1,1,2296.875,1.0314078162072138,True,13.020833333333334,1.020833333333334,13.0,1.0,1,w10s_nonoverlap,10 s / 0% overlap
CapnoBase,0029,early_fusion_identity_rawppg_eventdecoder,0,1,7,360.0,420.0,12,16,12.0,16.0,4.0,0.8397896774762696,True,True,,1.0,0.0,0.0,12.010235996588,13.125,12.327447833065811,expert_labels,12,14,12,7.5,2.0,0.0,4.5,2.0,12,0,2,2,1851.5625,3.3291640592396963,True,11.166666666666666,0.8333333333333339,12.0,0.0,1,w10s_nonoverlap,10 s / 0% overlap
CapnoBase,0029,early_fusion_identity_rawppg_eventdecoder,0,1,8,420.0,480.0,13,14,13.0,14.0,1.0,0.8868428330170698,False,True,,0.9983072916666668,0.0,0.0,14.785817423391626,17.34375,14.00476925234956,expert_labels,14,15,13,17.34375,1.0,1.0,3.34375,1.0,14,0,1,1,2703.125,2.174140754604755,True,15.114583333333334,1.114583333333334,15.0,1.0,1,w10s_nonoverlap,10 s / 0% overlap
CapnoBase,0030,early_fusion_identity_rawppg_eventdecoder,0,2,1,40.0,100.0,30,18,30.0,18.0,12.0,0.0475080461552845,False,False,ref_artifact_label,0.8651041666666667,0.1348958333333333,0.0,31.50873478030704,35.15625,31.64694935531038,expert_labels,32,22,18,3.75,10.0,14.0,28.25,-10.0,18,14,5,19,3000.0,9.592748997723923,False,,,18.0,14.0,1,w10s_nonoverlap,10 s / 0% overlap
CapnoBase,0030,early_fusion_identity_rawppg_eventdecoder,0,2,2,100.0,160.0,29,22,29.0,22.0,7.0,0.4612623496050289,False,False,ref_artifact_label,0.9595052083333332,0.0404947916666666,0.0,29.55414012738853,30.46875,29.441401971522456,expert_labels,29,29,18,30.0,0.0,11.0,1.0,0.0,26,3,2,5,3640.625,6.658328118479393,False,,,29.0,0.0,1,w10s_nonoverlap,10 s / 0% overlap
CapnoBase,0030,early_fusion_identity_rawppg_eventdecoder,0,2,3,160.0,220.0,29,22,29.0,22.0,7.0,0.5281262034703864,False,True,,1.0,0.0,0.0,30.80497925311203,31.875,30.732292917166863,expert_labels,31,29,23,4.21875,2.0,8.0,26.78125,-2.0,28,3,1,4,4367.1875,12.928300372470982,False,,,23.0,8.0,1,w10s_nonoverlap,10 s / 0% overlap
CapnoBase,0030,early_fusion_identity_rawppg_eventdecoder,0,2,4,220.0,280.0,25,23,25.0,23.0,2.0,0.6576984312770342,False,True,,1.0,0.0,0.0385416666666666,25.699370900816493,24.375,25.63204005006257,expert_labels,25,25,20,23.90625,0.0,5.0,1.09375,0.0,24,1,1,2,4359.375,2.628531850196988,True,22.96875,2.03125,23.90625,1.09375,1,w10s_nonoverlap,10 s / 0% overlap
CapnoBase,0030,early_fusion_identity_rawppg_eventdecoder,0,2,5,280.0,340.0,28,25,28.0,25.0,3.0,0.6372689888098866,False,True,,1.0,0.0,0.0,27.983805668016192,28.59375,27.964935940660823,expert_labels,28,29,24,28.125,1.0,4.0,0.125,1.0,26,2,2,4,4992.1875,2.67024499500202,True,27.041666666666668,0.958333333333332,28.125,0.125,1,w10s_nonoverlap,10 s / 0% overlap
CapnoBase,0030,early_fusion_identity_rawppg_eventdecoder,0,2,6,340.0,400.0,29,19,29.0,19.0,10.0,0.280111230965556,False,True,,1.0,0.0,0.0,30.79802165485897,31.40625,31.7017310252996,expert_labels,32,23,14,5.15625,9.0,18.0,26.84375,-9.0,24,8,0,8,2953.125,8.92198901707648,False,,,14.0,18.0,1,w10s_nonoverlap,10 s / 0% overlap
CapnoBase,0030,early_fusion_identity_rawppg_eventdecoder,0,2,7,400.0,460.0,31,25,31.0,25.0,6.0,0.4052983767046199,False,True,,1.0,0.0,0.0,32.560175054704594,30.9375,32.650458349940216,expert_labels,33,28,19,30.9375,5.0,14.0,2.0625,-5.0,26,7,2,9,2945.3125,6.220032321727383,False,,,28.0,5.0,1,w10s_nonoverlap,10 s / 0% overlap
CapnoBase,0031,early_fusion_identity_rawppg_eventdecoder,0,1,1,0.0,60.0,18,14,18.0,14.0,4.0,0.2333166803084317,False,False,ref_rr_undefined,1.0,0.0,0.0266927083333333,6.013153773880363,4.21875,,expert_labels,0,12,8,5.15625,12.0,8.0,5.15625,12.0,0,0,12,12,0.0,3.4381154752034337,True,8.385416666666666,8.385416666666666,8.0,8.0,1,w10s_nonoverlap,10 s / 0% overlap
CapnoBase,0031,early_fusion_identity_rawppg_eventdecoder,0,1,2,60.0,120.0,18,16,18.0,16.0,2.0,-0.1657606963095568,False,False,ref_rr_undefined,1.0,0.0,0.0,9.985372988785958,4.6875,,expert_labels,0,10,10,4.21875,10.0,10.0,4.21875,10.0,0,0,10,10,0.0,3.337806243752524,True,8.072916666666666,8.072916666666666,10.0,10.0,1,w10s_nonoverlap,10 s / 0% overlap
CapnoBase,0031,early_fusion_identity_rawppg_eventdecoder,0,1,3,120.0,180.0,8,13,8.0,13.0,5.0,0.1454669151239734,False,True,,1.0,0.0,0.0680989583333333,6.192299939528321,4.21875,4.747334260547056,expert_labels,5,15,10,7.03125,10.0,5.0,2.03125,10.0,4,1,11,12,773.4375,4.027291337963189,False,,,10.0,5.0,1,w10s_nonoverlap,10 s / 0% overlap
CapnoBase,0031,early_fusion_identity_rawppg_eventdecoder,0,1,4,180.0,240.0,13,13,13.0,13.0,0.0,0.4109484970116785,False,True,,1.0,0.0,0.030078125,16.029219932168015,4.21875,9.791755206119849,expert_labels,10,14,12,5.15625,4.0,2.0,4.84375,4.0,6,4,8,12,1421.875,4.637686710077917,False,,,12.0,2.0,1,w10s_nonoverlap,10 s / 0% overlap
CapnoBase,0031,early_fusion_identity_rawppg_eventdecoder,0,1,5,240.0,300.0,13,14,13.0,14.0,1.0,-0.2176849459085932,False,True,,1.0,0.0,0.0,12.864321608040202,13.59375,25.134545454545457,expert_labels,10,17,13,5.15625,7.0,3.0,4.84375,7.0,5,5,12,17,2593.75,6.024931923889265,False,,,13.0,3.0,1,w10s_nonoverlap,10 s / 0% overlap
CapnoBase,0031,early_fusion_identity_rawppg_eventdecoder,0,1,6,300.0,360.0,7,14,7.0,14.0,7.0,0.2959163451902729,False,True,,1.0,0.0,0.0731770833333333,12.57470323372902,3.75,7.396468699839487,expert_labels,7,14,10,8.90625,7.0,3.0,1.90625,7.0,6,1,8,9,2414.0625,2.6814976575600435,True,10.96875,3.96875,10.0,3.0,1,w10s_nonoverlap,10 s / 0% overlap
CapnoBase,0031,early_fusion_identity_rawppg_eventdecoder,0,1,7,360.0,420.0,12,13,12.0,13.0,1.0,0.4577823663759189,False,True,,1.0,0.0,0.159765625,12.78837420526794,3.75,14.946480700616284,expert_labels,13,12,11,8.4375,1.0,2.0,4.5625,-1.0,8,5,4,9,1593.75,1.8374716551101768,True,10.479166666666666,2.520833333333334,11.0,2.0,1,w10s_nonoverlap,10 s / 0% overlap
CapnoBase,0031,early_fusion_identity_rawppg_eventdecoder,0,1,8,420.0,480.0,9,13,9.0,13.0,4.0,0.8618078985959007,True,True,,0.9940104166666668,0.0,0.1990885416666666,8.847926267281107,9.375,8.821249102656138,expert_labels,9,10,8,8.90625,1.0,1.0,0.09375,1.0,9,0,1,1,1554.6875,1.0014637724351292,True,8.96875,0.03125,8.90625,0.09375,1,w10s_nonoverlap,10 s / 0% overlap
CapnoBase,0032,early_fusion_identity_rawppg_eventdecoder,0,1,1,0.0,60.0,10,14,10.0,14.0,4.0,0.7150165343535901,False,True,,0.998046875,0.0,0.0,9.47888096544158,8.90625,9.743101807802091,expert_labels,9,11,10,9.375,2.0,1.0,0.375,2.0,9,0,2,2,945.3125,0.81967981553775,True,10.125,1.125,10.0,1.0,1,w10s_nonoverlap,10 s / 0% overlap
CapnoBase,0032,early_fusion_identity_rawppg_eventdecoder,0,1,2,60.0,120.0,12,14,12.0,14.0,2.0,0.8746856626141528,False,True,,1.0,0.0,0.0,12.405438147799163,12.1875,12.392093586123435,expert_labels,13,12,12,12.1875,1.0,1.0,0.8125,-1.0,13,0,0,0,3140.625,0.1082531754730548,True,12.0625,0.9375,12.0,1.0,1,w10s_nonoverlap,10 s / 0% overlap
CapnoBase,0032,early_fusion_identity_rawppg_eventdecoder,0,1,3,120.0,180.0,12,14,12.0,14.0,2.0,0.8750542407526333,False,True,,1.0,0.0,0.0,11.817037347880824,11.25,11.764705882352942,expert_labels,11,12,11,11.25,1.0,0.0,0.25,1.0,11,0,0,0,1414.0625,0.5204164998665332,True,11.416666666666666,0.4166666666666661,11.25,0.25,1,w10s_nonoverlap,10 s / 0% overlap
CapnoBase,0032,early_fusion_identity_rawppg_eventdecoder,0,1,4,180.0,240.0,14,14,14.0,14.0,0.0,0.9220601225551488,False,True,,1.0,0.0,0.0,15.210072145989532,14.53125,14.56515849363316,expert_labels,15,15,15,14.53125,0.0,0.0,0.46875,0.0,14,1,1,2,2171.875,0.2706329386826371,True,14.84375,0.15625,15.0,0.0,1,w10s_nonoverlap,10 s / 0% overlap
CapnoBase,0032,early_fusion_identity_rawppg_eventdecoder,0,1,5,240.0,300.0,10,13,10.0,13.0,3.0,0.7413258156720952,False,True,,1.0,0.0,0.033203125,12.816614129427036,13.125,12.854751720290125,expert_labels,10,13,13,13.125,3.0,3.0,3.125,3.0,9,1,4,5,1000.0,0.0721687836487032,True,13.041666666666666,3.041666666666666,13.0,3.0,1,w10s_nonoverlap,10 s / 0% overlap
CapnoBase,0032,early_fusion_identity_rawppg_eventdecoder,0,1,6,300.0,360.0,7,15,7.0,15.0,8.0,0.2517035880081039,False,True,,1.0,0.0,0.0404947916666666,7.068568798895536,6.5625,6.679422508262307,expert_labels,6,11,9,4.21875,5.0,3.0,1.78125,5.0,5,1,6,7,1312.5,3.48438667785786,True,8.072916666666666,2.072916666666666,9.0,3.0,1,w10s_nonoverlap,10 s / 0% overlap
CapnoBase,0032,early_fusion_identity_rawppg_eventdecoder,0,1,7,360.0,420.0,12,14,12.0,14.0,2.0,0.9145941347575518,False,True,,1.0,0.0,0.0,12.179930795847753,11.71875,11.756192596715836,expert_labels,12,13,12,11.71875,1.0,0.0,0.28125,1.0,12,0,1,1,1273.4375,0.6733873482872494,True,12.239583333333334,0.2395833333333339,12.0,0.0,1,w10s_nonoverlap,10 s / 0% overlap
CapnoBase,0032,early_fusion_identity_rawppg_eventdecoder,0,1,8,420.0,480.0,14,14,14.0,14.0,0.0,0.9809493066098792,False,True,,1.0,0.0,0.0,14.10767274268758,14.0625,14.13434994084396,expert_labels,15,15,14,14.0625,0.0,1.0,0.9375,0.0,15,0,0,0,2046.875,0.5601804024895314,True,14.354166666666666,0.6458333333333339,14.0625,0.9375,1,w10s_nonoverlap,10 s / 0% overlap
CapnoBase,0035,early_fusion_identity_rawppg_eventdecoder,0,1,1,0.0,60.0,24,20,24.0,20.0,4.0,0.6610983664420437,False,True,,0.9981770833333332,0.0,0.040234375,24.625250501002004,24.84375,24.6016713091922,expert_labels,24,21,17,7.5,3.0,7.0,16.5,-3.0,20,4,1,5,3343.75,6.934214687571574,False,,,17.0,7.0,1,w10s_nonoverlap,10 s / 0% overlap
CapnoBase,0035,early_fusion_identity_rawppg_eventdecoder,0,1,2,60.0,120.0,23,19,23.0,19.0,4.0,0.4979919489280223,False,True,,1.0,0.0,0.0,22.813934647583043,22.03125,22.770889487870623,expert_labels,23,19,13,7.5,4.0,10.0,15.5,-4.0,14,9,5,14,2500.0,5.751811308912466,False,,,13.0,10.0,1,w10s_nonoverlap,10 s / 0% overlap
CapnoBase,0035,early_fusion_identity_rawppg_eventdecoder,0,1,3,120.0,180.0,23,20,23.0,20.0,3.0,0.6216307230072616,False,True,,1.0,0.0,0.0,23.382230833102685,23.4375,23.423949078371567,expert_labels,24,22,15,8.4375,2.0,9.0,15.5625,-2.0,21,3,2,5,3742.1875,6.782425973302867,False,,,15.0,9.0,1,w10s_nonoverlap,10 s / 0% overlap
CapnoBase,0035,early_fusion_identity_rawppg_eventdecoder,0,1,4,180.0,240.0,23,22,23.0,22.0,1.0,0.906465981628465,False,True,,1.0,0.0,0.0,23.42112558913224,23.4375,23.20560362587557,expert_labels,23,24,21,23.4375,1.0,2.0,0.4375,1.0,23,0,0,0,3593.75,1.5946688527716342,True,22.8125,0.1875,23.4375,0.4375,1,w10s_nonoverlap,10 s / 0% overlap
CapnoBase,0035,early_fusion_identity_rawppg_eventdecoder,0,1,5,240.0,300.0,22,20,22.0,20.0,2.0,0.6746235219826823,False,True,,1.0,0.0,0.0,22.919153553988064,23.4375,22.92537313432836,expert_labels,23,21,15,6.09375,2.0,8.0,16.90625,-2.0,19,4,2,6,4851.5625,7.5001953099569345,False,,,15.0,8.0,1,w10s_nonoverlap,10 s / 0% overlap
CapnoBase,0035,early_fusion_identity_rawppg_eventdecoder,0,1,6,300.0,360.0,23,20,23.0,20.0,3.0,0.5859931355107633,False,True,,1.0,0.0,0.0,24.489116872313875,26.25,24.340636626705248,expert_labels,24,22,17,4.6875,2.0,7.0,19.3125,-2.0,21,3,1,4,3156.25,8.909922488439504,False,,,17.0,7.0,1,w10s_nonoverlap,10 s / 0% overlap
CapnoBase,0035,early_fusion_identity_rawppg_eventdecoder,0,1,7,360.0,420.0,25,23,25.0,23.0,2.0,0.5266644915360795,False,True,,1.0,0.0,0.0,25.75798229138717,25.3125,25.695931477516066,expert_labels,26,12,12,6.5625,14.0,14.0,19.4375,-14.0,12,14,0,14,2460.9375,3.13934208871859,True,10.1875,15.8125,12.0,14.0,1,w10s_nonoverlap,10 s / 0% overlap
CapnoBase,0038,early_fusion_identity_rawppg_eventdecoder,0,1,1,0.0,60.0,17,18,17.0,18.0,1.0,0.9615884018509752,False,True,,1.0,0.0,0.0,17.887381833127826,17.8125,17.877584554292756,expert_labels,18,17,17,17.8125,1.0,1.0,0.1875,-1.0,18,0,0,0,2390.625,0.4690970937165709,True,17.270833333333332,0.7291666666666679,17.0,1.0,1,w10s_nonoverlap,10 s / 0% overlap
CapnoBase,0038,early_fusion_identity_rawppg_eventdecoder,0,1,2,60.0,120.0,18,18,18.0,18.0,0.0,0.9727600851762668,False,True,,1.0,0.0,0.0,17.588576047420183,17.8125,17.60458452722063,expert_labels,17,18,18,17.8125,1.0,1.0,0.8125,1.0,17,0,0,0,1242.1875,0.1082531754730548,True,17.9375,0.9375,18.0,1.0,1,w10s_nonoverlap,10 s / 0% overlap
CapnoBase,0038,early_fusion_identity_rawppg_eventdecoder,0,1,3,120.0,180.0,19,19,19.0,19.0,0.0,0.9744121358132728,False,True,,1.0,0.0,0.0,19.02652287962693,19.21875,19.020363236103467,expert_labels,19,19,19,19.21875,0.0,0.0,0.21875,0.0,19,0,0,0,2359.375,0.1262953713852306,True,19.072916666666668,0.0729166666666678,19.0,0.0,1,w10s_nonoverlap,10 s / 0% overlap
CapnoBase,0038,early_fusion_identity_rawppg_eventdecoder,0,1,4,180.0,240.0,18,18,18.0,18.0,0.0,0.970237134534486,False,True,,1.0,0.0,0.0,18.828657041678017,19.21875,18.83892068683565,expert_labels,19,19,19,19.21875,0.0,0.0,0.21875,0.0,19,0,0,0,2656.25,0.1262953713852306,True,19.072916666666668,0.0729166666666678,19.0,0.0,1,w10s_nonoverlap,10 s / 0% overlap
CapnoBase,0038,early_fusion_identity_rawppg_eventdecoder,0,1,5,240.0,300.0,18,18,18.0,18.0,0.0,0.9825575884323304,False,True,,1.0,0.0,0.0,18.13585220169468,18.28125,18.13081516456048,expert_labels,18,21,18,18.28125,3.0,0.0,0.28125,3.0,18,0,3,3,1898.4375,1.6568395177264454,True,19.09375,1.09375,18.28125,0.28125,1,w10s_nonoverlap,10 s / 0% overlap
CapnoBase,0038,early_fusion_identity_rawppg_eventdecoder,0,1,6,300.0,360.0,18,18,18.0,18.0,0.0,0.9694066045396912,False,True,,1.0,0.0,0.0,18.620689655172413,18.28125,18.6709886547812,expert_labels,19,19,18,18.28125,0.0,1.0,0.71875,0.0,19,0,1,1,2250.0,0.5157039081036068,True,18.42708333333333,0.5729166666666679,18.28125,0.71875,1,w10s_nonoverlap,10 s / 0% overlap
CapnoBase,0038,early_fusion_identity_rawppg_eventdecoder,0,1,7,360.0,420.0,22,23,22.0,23.0,1.0,0.9656239278123264,False,True,,1.0,0.0,0.0,23.094587206123563,23.4375,23.09774436090225,expert_labels,23,24,24,23.4375,1.0,1.0,0.4375,1.0,23,0,0,0,2437.5,0.3247595264191645,True,23.8125,0.8125,24.0,1.0,1,w10s_nonoverlap,10 s / 0% overlap
CapnoBase,0038,early_fusion_identity_rawppg_eventdecoder,0,1,8,420.0,480.0,21,21,21.0,21.0,0.0,0.9365273150804564,False,True,,1.0,0.0,0.0,22.029777352820656,21.5625,22.02376075378943,expert_labels,22,22,20,21.5625,0.0,2.0,0.4375,0.0,22,0,0,0,3523.4375,1.0514127400787951,True,21.1875,0.8125,21.5625,0.4375,1,w10s_nonoverlap,10 s / 0% overlap
CapnoBase,0103,early_fusion_identity_rawppg_eventdecoder,0,1,1,0.0,60.0,18,18,18.0,18.0,0.0,0.9502263455573056,False,True,,1.0,0.0,0.0,17.99090533278214,17.8125,17.976042957455597,expert_labels,18,18,18,17.8125,0.0,0.0,0.1875,0.0,17,1,0,1,8625.0,0.1082531754730548,True,17.9375,0.0625,18.0,0.0,1,w10s_nonoverlap,10 s / 0% overlap
CapnoBase,0103,early_fusion_identity_rawppg_eventdecoder,0,1,2,60.0,120.0,18,18,18.0,18.0,0.0,0.9439575642757698,False,True,,1.0,0.0,0.0,17.985948477751755,17.8125,17.988426563791677,expert_labels,18,18,18,17.8125,0.0,0.0,0.1875,0.0,18,0,0,0,8250.0,0.1082531754730548,True,17.9375,0.0625,18.0,0.0,1,w10s_nonoverlap,10 s / 0% overlap
CapnoBase,0103,early_fusion_identity_rawppg_eventdecoder,0,1,3,120.0,180.0,18,18,18.0,18.0,0.0,0.9526373096044234,False,True,,1.0,0.0,0.0,17.988757026858213,17.8125,17.99090533278214,expert_labels,18,17,18,17.8125,1.0,0.0,0.1875,-1.0,18,0,0,0,9585.9375,0.5315562842572114,True,17.604166666666668,0.3958333333333321,17.8125,0.1875,1,w10s_nonoverlap,10 s / 0% overlap
CapnoBase,0103,early_fusion_identity_rawppg_eventdecoder,0,1,4,180.0,240.0,18,18,18.0,18.0,0.0,0.9619279744215437,False,True,,1.0,0.0,0.0,17.995864920744314,17.8125,17.97851831451391,expert_labels,18,19,18,17.8125,1.0,0.0,0.1875,1.0,18,0,0,0,8515.625,0.6383980602518567,True,18.27083333333333,0.2708333333333321,18.0,0.0,1,w10s_nonoverlap,10 s / 0% overlap
CapnoBase,0103,early_fusion_identity_rawppg_eventdecoder,0,1,5,240.0,300.0,18,18,18.0,18.0,0.0,0.9501994614830622,False,True,,1.0,0.0,0.0,17.97851831451391,17.8125,17.963676389653276,expert_labels,18,18,18,17.8125,0.0,0.0,0.1875,0.0,18,0,0,0,9328.125,0.1082531754730548,True,17.9375,0.0625,18.0,0.0,1,w10s_nonoverlap,10 s / 0% overlap
CapnoBase,0103,early_fusion_identity_rawppg_eventdecoder,0,1,6,300.0,360.0,18,18,18.0,18.0,0.0,0.9565283778445752,False,True,,1.0,0.0,0.0,17.998345740281223,17.8125,17.985948477751755,expert_labels,18,17,18,17.8125,1.0,0.0,0.1875,-1.0,18,0,0,0,8820.3125,0.5315562842572114,True,17.604166666666668,0.3958333333333321,17.8125,0.1875,1,w10s_nonoverlap,10 s / 0% overlap
CapnoBase,0103,early_fusion_identity_rawppg_eventdecoder,0,1,7,360.0,420.0,18,18,18.0,18.0,0.0,0.9600756535931588,False,True,,1.0,0.0,0.0,17.99090533278214,17.8125,17.993384785005514,expert_labels,18,19,18,17.8125,1.0,0.0,0.1875,1.0,18,0,0,0,8148.4375,0.6383980602518567,True,18.27083333333333,0.2708333333333321,18.0,0.0,1,w10s_nonoverlap,10 s / 0% overlap
CapnoBase,0103,early_fusion_identity_rawppg_eventdecoder,0,1,8,420.0,480.0,18,18,18.0,18.0,0.0,0.936229099652004,False,True,,0.970703125,0.0,0.0,18.01231310466139,17.8125,17.993384785005514,expert_labels,18,17,17,18.28125,1.0,1.0,0.28125,-1.0,18,0,0,0,7992.1875,0.739730032399208,True,17.427083333333332,0.5729166666666679,17.0,1.0,1,w10s_nonoverlap,10 s / 0% overlap
CapnoBase,0104,early_fusion_identity_rawppg_eventdecoder,0,1,1,0.0,60.0,11,16,11.0,16.0,5.0,0.845239942630864,True,True,,0.9563802083333334,0.0,0.0,10.742761225346202,10.78125,11.01689512272872,expert_labels,10,16,14,11.25,6.0,4.0,1.25,6.0,9,1,7,8,5695.3125,2.384848003542364,True,13.75,3.75,14.0,4.0,1,w10s_nonoverlap,10 s / 0% overlap
CapnoBase,0104,early_fusion_identity_rawppg_eventdecoder,0,1,2,60.0,120.0,11,13,11.0,13.0,2.0,0.7906423828836481,False,True,,1.0,0.0,0.0,11.004441897119932,10.78125,11.002865329512892,expert_labels,11,15,13,10.78125,4.0,2.0,0.21875,4.0,11,0,4,4,8531.25,2.110320004367426,True,12.927083333333334,1.927083333333334,13.0,2.0,1,w10s_nonoverlap,10 s / 0% overlap
CapnoBase,0104,early_fusion_identity_rawppg_eventdecoder,0,1,3,120.0,180.0,11,14,11.0,14.0,3.0,0.793163844495774,False,True,,1.0,0.0,0.0,11.001289213579716,10.78125,10.999713549126325,expert_labels,11,15,13,10.78125,4.0,2.0,0.21875,4.0,10,1,5,6,8445.3125,2.110320004367426,True,12.927083333333334,1.927083333333334,13.0,2.0,1,w10s_nonoverlap,10 s / 0% overlap
CapnoBase,0104,early_fusion_identity_rawppg_eventdecoder,0,1,4,180.0,240.0,11,18,11.0,18.0,7.0,0.7630018053655154,False,True,,1.0,0.0,0.0,11.004441897119932,10.78125,10.999713549126325,expert_labels,11,18,15,10.78125,7.0,4.0,0.21875,7.0,10,1,8,9,6687.5,3.6264813783473366,True,14.59375,3.59375,15.0,4.0,1,w10s_nonoverlap,10 s / 0% overlap
CapnoBase,0104,early_fusion_identity_rawppg_eventdecoder,0,1,5,240.0,300.0,11,17,11.0,17.0,6.0,0.7938069828439109,False,True,,1.0,0.0,0.0,11.004441897119932,10.78125,11.002865329512892,expert_labels,11,17,14,10.78125,6.0,3.0,0.21875,6.0,11,0,5,5,9257.8125,3.110016160863692,True,13.927083333333334,2.927083333333334,14.0,3.0,1,w10s_nonoverlap,10 s / 0% overlap
CapnoBase,0104,early_fusion_identity_rawppg_eventdecoder,0,1,6,300.0,360.0,11,16,11.0,16.0,5.0,0.8236787037746109,True,True,,1.0,0.0,0.0,11.004441897119932,10.78125,11.009174311926603,expert_labels,11,15,15,11.25,4.0,4.0,0.25,4.0,10,1,5,6,5382.8125,2.165063509461097,True,13.75,2.75,15.0,4.0,1,w10s_nonoverlap,10 s / 0% overlap
CapnoBase,0104,early_fusion_identity_rawppg_eventdecoder,0,1,7,360.0,420.0,11,16,11.0,16.0,5.0,0.8133689351937157,True,True,,1.0,0.0,0.0,11.004441897119932,10.78125,10.999713549126325,expert_labels,11,19,14,11.25,8.0,3.0,0.25,8.0,11,0,8,8,8304.6875,3.929058411375428,True,14.75,3.75,14.0,3.0,1,w10s_nonoverlap,10 s / 0% overlap
CapnoBase,0104,early_fusion_identity_rawppg_eventdecoder,0,1,8,420.0,480.0,11,15,11.0,15.0,4.0,0.8230379569009947,True,True,,1.0,0.0,0.0,11.010752688172044,10.78125,11.004441897119932,expert_labels,11,12,13,11.25,1.0,2.0,0.25,1.0,11,0,2,2,8562.5,0.8779711460710615,True,12.083333333333334,1.083333333333334,12.0,1.0,1,w10s_nonoverlap,10 s / 0% overlap
CapnoBase,0105,early_fusion_identity_rawppg_eventdecoder,0,1,1,0.0,60.0,10,13,10.0,13.0,3.0,0.6343892554075239,False,True,,1.0,0.0,0.08125,9.722886481924322,9.84375,10.005790387955994,expert_labels,10,12,11,10.3125,2.0,1.0,0.3125,2.0,9,1,3,4,4804.6875,0.8485588272673459,True,11.104166666666666,1.104166666666666,11.0,1.0,1,w10s_nonoverlap,10 s / 0% overlap
CapnoBase,0105,early_fusion_identity_rawppg_eventdecoder,0,1,2,60.0,120.0,10,13,10.0,13.0,3.0,0.7052169368599773,False,True,,1.0,0.0,0.0,10.026109660574413,9.84375,10.004342162396874,expert_labels,10,9,9,9.84375,1.0,1.0,0.15625,-1.0,10,0,0,0,7835.9375,0.4871392896287467,True,9.28125,0.71875,9.0,1.0,1,w10s_nonoverlap,10 s / 0% overlap
CapnoBase,0105,early_fusion_identity_rawppg_eventdecoder,0,1,3,120.0,180.0,10,11,10.0,11.0,1.0,0.846935378681055,False,True,,1.0,0.0,0.0,10.105263157894736,9.84375,10.005790387955994,expert_labels,10,10,11,10.3125,0.0,1.0,0.3125,0.0,10,0,0,0,7281.25,0.5115845482420281,True,10.4375,0.4375,10.3125,0.3125,1,w10s_nonoverlap,10 s / 0% overlap
CapnoBase,0105,early_fusion_identity_rawppg_eventdecoder,0,1,4,180.0,240.0,9,13,9.0,13.0,4.0,0.8664855884551026,True,True,,1.0,0.0,0.0,10.018843310624728,9.84375,10.002894356005788,expert_labels,10,10,10,9.84375,0.0,0.0,0.15625,0.0,10,0,0,0,4867.1875,0.090210979560879,True,9.947916666666666,0.0520833333333339,10.0,0.0,1,w10s_nonoverlap,10 s / 0% overlap
CapnoBase,0105,early_fusion_identity_rawppg_eventdecoder,0,1,5,240.0,300.0,9,11,9.0,11.0,2.0,0.8443564104545926,False,True,,1.0,0.0,0.0,9.978345604157644,9.84375,10.004342162396874,expert_labels,10,12,10,9.84375,2.0,0.0,0.15625,2.0,10,0,1,1,5468.75,1.2023468804106965,True,10.614583333333334,0.6145833333333339,10.0,0.0,1,w10s_nonoverlap,10 s / 0% overlap
CapnoBase,0105,early_fusion_identity_rawppg_eventdecoder,0,1,6,300.0,360.0,9,11,9.0,11.0,2.0,0.8559358329877633,False,True,,1.0,0.0,0.0,9.962525223407322,9.84375,10.004342162396874,expert_labels,10,10,10,9.84375,0.0,0.0,0.15625,0.0,10,0,1,1,4882.8125,0.090210979560879,True,9.947916666666666,0.0520833333333339,10.0,0.0,1,w10s_nonoverlap,10 s / 0% overlap
CapnoBase,0105,early_fusion_identity_rawppg_eventdecoder,0,1,7,360.0,420.0,9,14,9.0,14.0,5.0,0.8588567101183121,True,True,,1.0,0.0,0.0,9.96396136658498,9.84375,10.004342162396874,expert_labels,10,11,10,9.84375,1.0,0.0,0.15625,1.0,10,0,0,0,3648.4375,0.6273393718713979,True,10.28125,0.28125,10.0,0.0,1,w10s_nonoverlap,10 s / 0% overlap
CapnoBase,0105,early_fusion_identity_rawppg_eventdecoder,0,1,8,420.0,480.0,9,11,9.0,11.0,2.0,0.8436852451112329,False,True,,0.9643229166666668,0.0,0.0,9.945323741007195,9.84375,10.003256268316507,expert_labels,9,9,9,9.84375,0.0,0.0,0.84375,0.0,9,0,0,0,3796.875,0.4871392896287467,True,9.28125,0.28125,9.0,0.0,1,w10s_nonoverlap,10 s / 0% overlap
CapnoBase,0115,early_fusion_identity_rawppg_eventdecoder,0,1,1,0.0,60.0,25,17,25.0,17.0,8.0,0.0252810239893017,False,False,ref_artifact_label,0.9506510416666668,0.0493489583333333,0.0822916666666666,40.34071550255536,40.3125,40.4104183109708,expert_labels,41,16,16,7.03125,25.0,25.0,33.96875,-25.0,14,27,3,30,2640.625,5.178110226794456,False,,,16.0,25.0,1,w10s_nonoverlap,10 s / 0% overlap
CapnoBase,0115,early_fusion_identity_rawppg_eventdecoder,0,1,2,60.0,120.0,29,17,29.0,17.0,12.0,0.0018886882832145,False,False,ref_artifact_label,0.9653645833333332,0.0346354166666666,0.1091145833333333,37.96900053447354,38.4375,37.941539728283246,expert_labels,37,18,18,7.03125,19.0,19.0,29.96875,-19.0,14,23,3,26,2000.0,6.332810765173708,False,,,18.0,19.0,1,w10s_nonoverlap,10 s / 0% overlap
CapnoBase,0115,early_fusion_identity_rawppg_eventdecoder,0,1,3,120.0,180.0,27,14,27.0,14.0,13.0,-0.1073280832942949,False,True,,1.0,0.0,0.0678385416666666,39.86159169550173,39.84375,39.81390402764855,expert_labels,40,13,10,8.4375,27.0,30.0,31.5625,-27.0,9,31,4,35,1320.3125,2.318685421382843,True,10.479166666666666,29.520833333333336,10.0,30.0,1,w10s_nonoverlap,10 s / 0% overlap
CapnoBase,0115,early_fusion_identity_rawppg_eventdecoder,0,1,4,180.0,240.0,26,15,26.0,15.0,11.0,-0.0848832280582644,False,True,,1.0,0.0,0.0,41.37931034482759,40.78125,41.38257326849783,expert_labels,42,16,12,6.09375,26.0,30.0,35.90625,-26.0,14,28,2,30,2023.4375,4.9835994041288405,False,,,12.0,30.0,1,w10s_nonoverlap,10 s / 0% overlap
CapnoBase,0115,early_fusion_identity_rawppg_eventdecoder,0,1,5,240.0,300.0,23,14,23.0,14.0,9.0,-0.0539092208760757,False,True,,1.0,0.0,0.0,41.02564102564103,40.78125,41.04756814537681,expert_labels,41,15,15,13.125,26.0,26.0,27.875,-26.0,11,30,4,34,1250.0,1.0825317547305484,True,14.375,26.625,15.0,26.0,1,w10s_nonoverlap,10 s / 0% overlap
CapnoBase,0115,early_fusion_identity_rawppg_eventdecoder,0,1,6,300.0,360.0,23,16,23.0,16.0,7.0,-0.0638877730305282,False,True,,1.0,0.0,0.0,39.31740614334471,35.15625,39.173154362416106,expert_labels,39,14,11,3.28125,25.0,28.0,35.71875,-25.0,6,33,8,41,1062.5,5.529778523669219,False,,,11.0,28.0,1,w10s_nonoverlap,10 s / 0% overlap
CapnoBase,0115,early_fusion_identity_rawppg_eventdecoder,0,2,1,390.0,450.0,23,17,23.0,17.0,6.0,-0.1127588407603918,False,True,,1.0,0.0,0.0123697916666666,41.18514546185816,40.78125,41.23489932885906,expert_labels,41,15,12,5.15625,26.0,29.0,35.84375,-26.0,11,30,4,34,1867.1875,5.045399358574106,False,,,12.0,29.0,1,w10s_nonoverlap,10 s / 0% overlap
CapnoBase,0121,early_fusion_identity_rawppg_eventdecoder,0,1,1,0.0,60.0,9,12,9.0,12.0,3.0,0.7920292030637526,False,True,,0.9444010416666668,0.0,0.0,8.989027066569129,8.90625,9.01011878574571,expert_labels,9,10,11,8.90625,1.0,2.0,0.09375,1.0,8,1,2,3,4992.1875,1.0472247550072524,True,9.96875,0.96875,10.0,1.0,1,w10s_nonoverlap,10 s / 0% overlap
CapnoBase,0121,early_fusion_identity_rawppg_eventdecoder,0,1,2,60.0,120.0,9,12,9.0,12.0,3.0,0.4774947401757893,False,True,,1.0,0.0,0.0,9.541689674213142,8.90625,9.006156552330696,expert_labels,9,9,9,4.6875,0.0,0.0,4.3125,0.0,5,4,4,8,2015.625,2.4898230358802613,True,7.5625,1.4375,9.0,0.0,1,w10s_nonoverlap,10 s / 0% overlap
CapnoBase,0121,early_fusion_identity_rawppg_eventdecoder,0,1,3,120.0,180.0,9,9,9.0,9.0,0.0,0.8121436996388498,False,True,,1.0,0.0,0.0,9.537739754381125,8.90625,9.004836582148615,expert_labels,9,9,8,9.375,0.0,1.0,0.375,0.0,8,1,1,2,3570.3125,0.7107800878846658,True,8.791666666666666,0.2083333333333339,9.0,0.0,1,w10s_nonoverlap,10 s / 0% overlap
CapnoBase,0121,early_fusion_identity_rawppg_eventdecoder,0,1,4,180.0,240.0,9,13,9.0,13.0,4.0,0.4186827749359222,False,True,,1.0,0.0,0.0,9.541689674213142,8.90625,9.008797653958943,expert_labels,9,8,8,5.15625,1.0,1.0,3.84375,-1.0,4,5,4,9,2781.25,1.6418398280079982,True,7.052083333333333,1.947916666666667,8.0,1.0,1,w10s_nonoverlap,10 s / 0% overlap
CapnoBase,0121,early_fusion_identity_rawppg_eventdecoder,0,1,5,240.0,300.0,9,13,9.0,13.0,4.0,0.5809029493970921,False,True,,1.0,0.0,0.0,9.533793103448277,8.90625,9.007476909544057,expert_labels,9,11,8,3.28125,2.0,1.0,5.71875,2.0,6,3,5,8,3703.125,3.891137432786631,True,7.427083333333333,1.572916666666667,8.0,1.0,1,w10s_nonoverlap,10 s / 0% overlap
CapnoBase,0121,early_fusion_identity_rawppg_eventdecoder,0,1,6,300.0,360.0,9,12,9.0,12.0,3.0,0.7654520722382818,False,True,,1.0,0.0,0.0,9.536423841059602,8.90625,9.00087899208907,expert_labels,9,9,8,8.90625,0.0,1.0,0.09375,0.0,8,1,1,2,4632.8125,0.5522798392421484,True,8.635416666666666,0.3645833333333339,8.90625,0.09375,1,w10s_nonoverlap,10 s / 0% overlap
CapnoBase,0121,early_fusion_identity_rawppg_eventdecoder,0,1,7,360.0,420.0,9,9,9.0,9.0,0.0,0.7391285485983884,False,True,,1.0,0.0,0.0,9.540372670807454,8.90625,9.003516998827667,expert_labels,9,9,9,8.90625,0.0,0.0,0.09375,0.0,6,3,3,6,2273.4375,0.0541265877365274,True,8.96875,0.03125,9.0,0.0,1,w10s_nonoverlap,10 s / 0% overlap
CapnoBase,0121,early_fusion_identity_rawppg_eventdecoder,0,1,8,420.0,480.0,9,11,9.0,11.0,2.0,0.7824885116786352,False,True,,1.0,0.0,0.0,9.612015018773468,8.90625,9.004836582148615,expert_labels,9,9,9,9.375,0.0,0.0,0.375,0.0,8,1,1,2,3234.375,0.2165063509461096,True,9.125,0.125,9.0,0.0,1,w10s_nonoverlap,10 s / 0% overlap
CapnoBase,0122,early_fusion_identity_rawppg_eventdecoder,0,1,1,0.0,60.0,9,12,9.0,12.0,3.0,0.943180544799058,True,True,,0.94765625,0.0,0.0,9.003516998827667,8.90625,9.003516998827667,expert_labels,8,9,9,8.90625,1.0,1.0,0.90625,1.0,8,0,1,1,2921.875,0.0541265877365274,True,8.96875,0.96875,9.0,1.0,1,w10s_nonoverlap,10 s / 0% overlap
CapnoBase,0122,early_fusion_identity_rawppg_eventdecoder,0,1,2,60.0,120.0,9,11,9.0,11.0,2.0,0.9540779445891504,False,True,,1.0,0.0,0.0,9.004836582148615,8.90625,9.004836582148615,expert_labels,9,9,9,8.90625,0.0,0.0,0.09375,0.0,9,0,0,0,3234.375,0.0541265877365274,True,8.96875,0.03125,9.0,0.0,1,w10s_nonoverlap,10 s / 0% overlap
CapnoBase,0122,early_fusion_identity_rawppg_eventdecoder,0,1,3,120.0,180.0,9,10,9.0,10.0,1.0,0.9625492751360744,False,True,,1.0,0.0,0.0,9.006156552330696,8.90625,9.006156552330696,expert_labels,9,9,9,8.90625,0.0,0.0,0.09375,0.0,9,0,0,0,1773.4375,0.0541265877365274,True,8.96875,0.03125,9.0,0.0,1,w10s_nonoverlap,10 s / 0% overlap
CapnoBase,0122,early_fusion_identity_rawppg_eventdecoder,0,1,4,180.0,240.0,9,11,9.0,11.0,2.0,0.9624759917156612,False,True,,1.0,0.0,0.0,9.007476909544057,8.90625,9.004836582148615,expert_labels,9,9,9,8.90625,0.0,0.0,0.09375,0.0,9,0,0,0,3226.5625,0.0541265877365274,True,8.96875,0.03125,9.0,0.0,1,w10s_nonoverlap,10 s / 0% overlap
CapnoBase,0122,early_fusion_identity_rawppg_eventdecoder,0,1,5,240.0,300.0,9,9,9.0,9.0,0.0,0.958163937186454,False,True,,1.0,0.0,0.0,9.004836582148615,8.90625,9.002197802197802,expert_labels,9,10,9,8.90625,1.0,0.0,0.09375,1.0,9,0,0,0,3250.0,0.6062285219563109,True,9.302083333333334,0.3020833333333339,9.0,0.0,1,w10s_nonoverlap,10 s / 0% overlap
CapnoBase,0122,early_fusion_identity_rawppg_eventdecoder,0,1,6,300.0,360.0,9,10,9.0,10.0,1.0,0.9374257502025074,False,True,,1.0,0.0,0.0,9.007476909544057,8.90625,9.007476909544057,expert_labels,9,9,9,8.90625,0.0,0.0,0.09375,0.0,8,1,1,2,3617.1875,0.0541265877365274,True,8.96875,0.03125,9.0,0.0,1,w10s_nonoverlap,10 s / 0% overlap
CapnoBase,0122,early_fusion_identity_rawppg_eventdecoder,0,1,7,360.0,420.0,9,9,9.0,9.0,0.0,0.964720525493704,False,True,,1.0,0.0,0.0,9.007476909544057,8.90625,9.008797653958943,expert_labels,9,8,9,8.90625,1.0,0.0,0.09375,-1.0,9,0,0,0,5734.375,0.5522798392421484,True,8.635416666666666,0.3645833333333339,8.90625,0.09375,1,w10s_nonoverlap,10 s / 0% overlap
CapnoBase,0122,early_fusion_identity_rawppg_eventdecoder,0,1,8,420.0,480.0,9,12,9.0,12.0,3.0,0.5776191072127419,False,True,,1.0,0.0,0.0,9.003516998827667,8.90625,9.006156552330696,expert_labels,9,11,10,8.4375,2.0,1.0,0.5625,2.0,7,2,4,6,3007.8125,1.291498644985739,True,9.8125,0.8125,10.0,1.0,1,w10s_nonoverlap,10 s / 0% overlap
CapnoBase,0123,early_fusion_identity_rawppg_eventdecoder,0,1,1,0.0,60.0,11,13,11.0,13.0,2.0,0.9255835037156136,False,True,,1.0,0.0,0.0,11.002865329512892,10.78125,11.001289213579716,expert_labels,11,11,11,11.25,0.0,0.0,0.25,0.0,11,0,0,0,1265.625,0.1443375672974064,True,11.083333333333334,0.0833333333333339,11.0,0.0,1,w10s_nonoverlap,10 s / 0% overlap
CapnoBase,0123,early_fusion_identity_rawppg_eventdecoder,0,1,2,60.0,120.0,11,14,11.0,14.0,3.0,0.9208435762311048,True,True,,1.0,0.0,0.0,10.99813833595876,10.78125,11.009174311926603,expert_labels,11,11,11,11.25,0.0,0.0,0.25,0.0,11,0,0,0,4812.5,0.1443375672974064,True,11.083333333333334,0.0833333333333339,11.0,0.0,1,w10s_nonoverlap,10 s / 0% overlap
CapnoBase,0123,early_fusion_identity_rawppg_eventdecoder,0,1,3,120.0,180.0,11,15,11.0,15.0,4.0,0.8825999466435066,True,True,,1.0,0.0,0.0,11.004441897119932,10.78125,11.006018916595014,expert_labels,11,12,11,10.78125,1.0,0.0,0.21875,1.0,11,0,1,1,5960.9375,0.6497695905729456,True,11.260416666666666,0.2604166666666661,11.0,0.0,1,w10s_nonoverlap,10 s / 0% overlap
CapnoBase,0123,early_fusion_identity_rawppg_eventdecoder,0,1,4,180.0,240.0,11,13,11.0,13.0,2.0,0.8793982337876987,False,False,ref_artifact_label,0.7983072916666667,0.2016927083333333,0.09453125,11.28913714537704,11.25,11.309085554410249,expert_labels,11,14,12,11.25,3.0,1.0,0.25,3.0,11,0,3,3,4632.8125,1.4215601757693317,True,12.416666666666666,1.416666666666666,12.0,1.0,1,w10s_nonoverlap,10 s / 0% overlap
CapnoBase,0123,early_fusion_identity_rawppg_eventdecoder,0,1,5,240.0,300.0,11,11,11.0,11.0,0.0,0.8663044657531285,False,True,,1.0,0.0,0.0,11.002865329512892,10.78125,11.010752688172044,expert_labels,11,13,11,11.25,2.0,0.0,0.25,2.0,11,0,2,2,7835.9375,1.0897247358851685,True,11.75,0.75,11.25,0.25,1,w10s_nonoverlap,10 s / 0% overlap
CapnoBase,0123,early_fusion_identity_rawppg_eventdecoder,0,1,6,300.0,360.0,11,14,11.0,14.0,3.0,0.9116041288343846,True,True,,1.0,0.0,0.0,10.9949892627058,10.78125,10.993415402233037,expert_labels,11,11,11,11.25,0.0,0.0,0.25,0.0,11,0,0,0,5625.0,0.1443375672974064,True,11.083333333333334,0.0833333333333339,11.0,0.0,1,w10s_nonoverlap,10 s / 0% overlap
CapnoBase,0123,early_fusion_identity_rawppg_eventdecoder,0,1,7,360.0,420.0,11,13,11.0,13.0,2.0,0.9255053076944272,False,True,,1.0,0.0,0.0,11.001289213579716,10.78125,11.002865329512892,expert_labels,11,13,11,10.78125,2.0,0.0,0.21875,2.0,11,0,2,2,4039.0625,1.2227498466571156,True,11.59375,0.59375,11.0,0.0,1,w10s_nonoverlap,10 s / 0% overlap
CapnoBase,0123,early_fusion_identity_rawppg_eventdecoder,0,1,8,420.0,480.0,11,12,11.0,12.0,1.0,0.908173811378718,False,True,,0.9720052083333334,0.0,0.0,11.355907141800976,10.78125,11.002865329512892,expert_labels,11,12,11,10.78125,1.0,0.0,0.21875,1.0,11,0,1,1,5546.875,0.6497695905729456,True,11.260416666666666,0.2604166666666661,11.0,0.0,1,w10s_nonoverlap,10 s / 0% overlap
CapnoBase,0125,early_fusion_identity_rawppg_eventdecoder,0,1,1,0.0,60.0,15,15,15.0,15.0,0.0,0.957731369642574,False,True,,1.0,0.0,0.0,15.157894736842104,15.46875,15.207920792079207,expert_labels,15,15,15,15.46875,0.0,0.0,0.46875,0.0,15,0,0,0,1828.125,0.2706329386826371,True,15.15625,0.15625,15.0,0.0,1,w10s_nonoverlap,10 s / 0% overlap
CapnoBase,0125,early_fusion_identity_rawppg_eventdecoder,0,1,2,60.0,120.0,14,14,14.0,14.0,0.0,0.959989221625468,False,True,,1.0,0.0,0.0,14.384094510877397,14.53125,14.451612903225806,expert_labels,15,14,15,14.53125,1.0,0.0,0.46875,-1.0,15,0,0,0,2757.8125,0.5003254149384512,True,14.510416666666666,0.4895833333333339,14.53125,0.46875,1,w10s_nonoverlap,10 s / 0% overlap
CapnoBase,0125,early_fusion_identity_rawppg_eventdecoder,0,1,3,120.0,180.0,15,15,15.0,15.0,0.0,0.9748258471495737,False,True,,1.0,0.0,0.0,14.666484790615195,14.0625,14.307824591573516,expert_labels,14,15,14,14.0625,1.0,0.0,0.0625,1.0,14,0,0,0,2687.5,0.5601804024895314,True,14.354166666666666,0.3541666666666661,14.0625,0.0625,1,w10s_nonoverlap,10 s / 0% overlap
CapnoBase,0125,early_fusion_identity_rawppg_eventdecoder,0,1,4,180.0,240.0,14,14,14.0,14.0,0.0,0.9792946230958632,False,True,,1.0,0.0,0.0,14.370489174017642,14.53125,14.390314211588352,expert_labels,14,14,14,14.53125,0.0,0.0,0.53125,0.0,14,0,0,0,1179.6875,0.3067173305069887,True,14.177083333333334,0.1770833333333339,14.0,0.0,1,w10s_nonoverlap,10 s / 0% overlap
CapnoBase,0125,early_fusion_identity_rawppg_eventdecoder,0,1,5,240.0,300.0,14,14,14.0,14.0,0.0,0.9597806306720558,False,True,,1.0,0.0,0.0,14.197952218430034,14.0625,14.231634679020518,expert_labels,15,14,15,14.0625,1.0,0.0,0.9375,-1.0,15,0,0,0,2773.4375,0.5601804024895314,True,14.354166666666666,0.6458333333333339,14.0625,0.9375,1,w10s_nonoverlap,10 s / 0% overlap
CapnoBase,0125,early_fusion_identity_rawppg_eventdecoder,0,1,6,300.0,360.0,15,15,15.0,15.0,0.0,0.964210332800012,False,True,,1.0,0.0,0.0,14.883720930232558,14.53125,14.547573947253388,expert_labels,14,15,14,14.53125,1.0,0.0,0.53125,1.0,14,0,0,0,2320.3125,0.5003254149384512,True,14.510416666666666,0.5104166666666661,14.53125,0.53125,1,w10s_nonoverlap,10 s / 0% overlap
CapnoBase,0125,early_fusion_identity_rawppg_eventdecoder,0,1,7,360.0,420.0,14,14,14.0,14.0,0.0,0.980904757450805,False,True,,1.0,0.0,0.0,14.229751191106407,14.53125,14.175777367599036,expert_labels,14,14,14,14.53125,0.0,0.0,0.53125,0.0,14,0,0,0,1070.3125,0.3067173305069887,True,14.177083333333334,0.1770833333333339,14.0,0.0,1,w10s_nonoverlap,10 s / 0% overlap
CapnoBase,0125,early_fusion_identity_rawppg_eventdecoder,0,1,8,420.0,480.0,14,14,14.0,14.0,0.0,0.9712686044324196,False,True,,0.9962239583333332,0.0,0.0,14.075849429014522,14.0625,14.240479246897731,expert_labels,14,15,14,14.0625,1.0,0.0,0.0625,1.0,14,0,1,1,1195.3125,0.5601804024895314,True,14.354166666666666,0.3541666666666661,14.0625,0.0625,1,w10s_nonoverlap,10 s / 0% overlap
CapnoBase,0127,early_fusion_identity_rawppg_eventdecoder,0,1,1,0.0,60.0,19,18,19.0,18.0,1.0,0.804878414529366,False,True,,1.0,0.0,0.0,18.805604679635422,19.21875,18.736785036595283,expert_labels,19,20,18,5.625,1.0,1.0,13.375,1.0,19,0,1,1,4960.9375,7.78654020302556,False,,,18.0,1.0,1,w10s_nonoverlap,10 s / 0% overlap
CapnoBase,0127,early_fusion_identity_rawppg_eventdecoder,0,1,2,60.0,120.0,17,17,17.0,17.0,0.0,0.843671536379186,False,True,,1.0,0.0,0.0364583333333333,17.62181131056823,17.8125,17.600431383122135,expert_labels,18,17,15,17.34375,1.0,3.0,0.65625,-1.0,18,0,0,0,4835.9375,1.2656571497974218,True,16.447916666666668,1.552083333333332,17.0,1.0,1,w10s_nonoverlap,10 s / 0% overlap
CapnoBase,0127,early_fusion_identity_rawppg_eventdecoder,0,1,3,120.0,180.0,18,18,18.0,18.0,0.0,0.8729468171610901,False,True,,1.0,0.0,0.0,17.855579868708972,17.34375,17.793223284100783,expert_labels,17,18,16,17.34375,1.0,1.0,0.34375,1.0,16,1,1,2,3765.625,1.0195038110930892,True,17.114583333333332,0.1145833333333321,17.34375,0.34375,1,w10s_nonoverlap,10 s / 0% overlap
CapnoBase,0127,early_fusion_identity_rawppg_eventdecoder,0,1,4,180.0,240.0,18,18,18.0,18.0,0.0,0.8716498277775043,False,True,,1.0,0.0,0.0,18.592993449159785,18.75,18.50354704858788,expert_labels,19,19,17,18.75,0.0,2.0,0.25,0.0,19,0,0,0,3671.875,1.0897247358851685,True,18.25,0.75,18.75,0.25,1,w10s_nonoverlap,10 s / 0% overlap
CapnoBase,0127,early_fusion_identity_rawppg_eventdecoder,0,1,5,240.0,300.0,18,18,18.0,18.0,0.0,0.8249080600648753,False,True,,1.0,0.0,0.0,18.091872791519435,17.8125,18.048106165330385,expert_labels,18,18,15,17.8125,0.0,3.0,0.1875,0.0,18,0,0,0,4781.25,1.680541207468594,True,16.9375,1.0625,17.8125,0.1875,1,w10s_nonoverlap,10 s / 0% overlap
CapnoBase,0127,early_fusion_identity_rawppg_eventdecoder,0,1,6,300.0,360.0,18,18,18.0,18.0,0.0,0.8486719914557235,False,True,,1.0,0.0,0.0,18.03813208068528,17.8125,17.911922074358625,expert_labels,18,19,17,17.8125,1.0,1.0,0.1875,1.0,17,1,2,3,3984.375,1.0058423087144426,True,17.9375,0.0625,17.8125,0.1875,1,w10s_nonoverlap,10 s / 0% overlap
CapnoBase,0127,early_fusion_identity_rawppg_eventdecoder,0,1,7,360.0,420.0,17,17,17.0,17.0,0.0,0.8244737295719967,False,True,,1.0,0.0,0.0,17.47089522280209,17.8125,17.52174533010124,expert_labels,17,17,16,17.8125,0.0,1.0,0.8125,0.0,15,2,1,3,4187.5,0.9078649403958718,True,16.9375,0.0625,17.0,0.0,1,w10s_nonoverlap,10 s / 0% overlap
CapnoBase,0127,early_fusion_identity_rawppg_eventdecoder,0,1,8,420.0,480.0,17,17,17.0,17.0,0.0,0.8983335244777111,False,True,,0.9990885416666668,0.0,0.0,17.04063236721675,16.875,16.925619834710744,expert_labels,17,16,17,16.875,1.0,0.0,0.125,-1.0,17,0,0,0,5031.25,0.5448623679425842,True,16.625,0.375,16.875,0.125,1,w10s_nonoverlap,10 s / 0% overlap
CapnoBase,0128,early_fusion_identity_rawppg_eventdecoder,0,1,1,0.0,60.0,11,12,11.0,12.0,1.0,0.8937109060212778,False,True,,1.0,0.0,0.0,11.870170015455953,11.71875,11.89691592733418,expert_labels,12,12,11,11.71875,0.0,1.0,0.28125,0.0,12,0,0,0,2718.75,0.5157039081036068,True,11.572916666666666,0.4270833333333339,11.71875,0.28125,1,w10s_nonoverlap,10 s / 0% overlap
CapnoBase,0128,early_fusion_identity_rawppg_eventdecoder,0,1,2,60.0,120.0,12,13,12.0,13.0,1.0,0.9701066921775164,False,True,,1.0,0.0,0.0,12.849972113775795,13.125,12.837442540743837,expert_labels,13,12,13,13.125,1.0,0.0,0.125,-1.0,13,0,0,0,2835.9375,0.6166103577895309,True,12.708333333333334,0.2916666666666661,13.0,0.0,1,w10s_nonoverlap,10 s / 0% overlap
CapnoBase,0128,early_fusion_identity_rawppg_eventdecoder,0,1,3,120.0,180.0,12,12,12.0,12.0,0.0,0.9509156251857774,False,True,,1.0,0.0,0.0,12.037617554858937,11.71875,11.63460081805787,expert_labels,11,12,11,11.71875,1.0,0.0,0.71875,1.0,11,0,0,0,2523.4375,0.5157039081036068,True,11.572916666666666,0.5729166666666661,11.71875,0.71875,1,w10s_nonoverlap,10 s / 0% overlap
CapnoBase,0128,early_fusion_identity_rawppg_eventdecoder,0,1,4,180.0,240.0,11,11,11.0,11.0,0.0,0.974115567092218,False,True,,1.0,0.0,0.0,11.69921063564603,12.1875,11.752921535893154,expert_labels,12,12,11,12.1875,0.0,1.0,0.1875,0.0,12,0,0,0,2039.0625,0.6383980602518567,True,11.729166666666666,0.2708333333333339,12.0,0.0,1,w10s_nonoverlap,10 s / 0% overlap
CapnoBase,0128,early_fusion_identity_rawppg_eventdecoder,0,1,5,240.0,300.0,11,11,11.0,11.0,0.0,0.9253117268193568,False,True,,1.0,0.0,0.0,11.650806785270998,11.25,11.481536851547316,expert_labels,11,11,11,11.25,0.0,0.0,0.25,0.0,11,0,0,0,3195.3125,0.1443375672974064,True,11.083333333333334,0.0833333333333339,11.0,0.0,1,w10s_nonoverlap,10 s / 0% overlap
CapnoBase,0128,early_fusion_identity_rawppg_eventdecoder,0,1,6,300.0,360.0,12,12,12.0,12.0,0.0,0.9794952650357384,False,True,,1.0,0.0,0.0,12.81067556296914,12.65625,12.38210399032648,expert_labels,13,13,13,12.65625,0.0,0.0,0.34375,0.0,13,0,0,0,1648.4375,0.1984641550339338,True,12.885416666666666,0.1145833333333339,13.0,0.0,1,w10s_nonoverlap,10 s / 0% overlap
CapnoBase,0128,early_fusion_identity_rawppg_eventdecoder,0,1,7,360.0,420.0,12,12,12.0,12.0,0.0,0.9788007896673366,False,True,,1.0,0.0,0.0,12.657601977750309,12.65625,12.661079818656408,expert_labels,13,12,12,12.65625,1.0,1.0,0.34375,-1.0,13,0,0,0,1523.4375,0.3788861141556919,True,12.21875,0.78125,12.0,1.0,1,w10s_nonoverlap,10 s / 0% overlap
CapnoBase,0128,early_fusion_identity_rawppg_eventdecoder,0,1,8,420.0,480.0,14,14,14.0,14.0,0.0,0.9403589401654716,False,True,,0.9997395833333332,0.0,0.0,13.83975602994178,13.59375,13.499340852497438,expert_labels,13,14,14,13.59375,1.0,1.0,0.59375,1.0,13,0,0,0,3578.125,0.2345485468582854,True,13.864583333333334,0.8645833333333339,14.0,1.0,1,w10s_nonoverlap,10 s / 0% overlap
CapnoBase,0133,early_fusion_identity_rawppg_eventdecoder,0,1,1,0.0,60.0,11,13,11.0,13.0,2.0,0.9232668777068324,False,True,,1.0,0.0,0.0,10.835554162094372,10.78125,10.77642656688494,expert_labels,10,12,11,10.78125,2.0,1.0,0.78125,2.0,10,0,2,2,2031.25,0.6497695905729456,True,11.260416666666666,1.260416666666666,11.0,1.0,1,w10s_nonoverlap,10 s / 0% overlap
CapnoBase,0133,early_fusion_identity_rawppg_eventdecoder,0,1,2,60.0,120.0,10,10,10.0,10.0,0.0,0.941685100664444,False,True,,1.0,0.0,0.0,10.898254576415496,9.84375,9.815393354160747,expert_labels,10,10,11,9.375,0.0,1.0,0.625,0.0,10,0,0,0,2601.5625,0.81967981553775,True,10.125,0.125,10.0,0.0,1,w10s_nonoverlap,10 s / 0% overlap
CapnoBase,0133,early_fusion_identity_rawppg_eventdecoder,0,1,3,120.0,180.0,9,11,9.0,11.0,2.0,0.906117071997631,False,True,,1.0,0.0,0.0,9.35064935064935,9.375,9.357295156868718,expert_labels,9,9,9,9.375,0.0,0.0,0.375,0.0,9,0,0,0,2437.5,0.2165063509461096,True,9.125,0.125,9.0,0.0,1,w10s_nonoverlap,10 s / 0% overlap
CapnoBase,0133,early_fusion_identity_rawppg_eventdecoder,0,1,4,180.0,240.0,10,12,10.0,12.0,2.0,0.9330793906256476,False,True,,1.0,0.0,0.0,10.361265177634538,10.3125,10.24956626184439,expert_labels,11,11,11,10.3125,0.0,0.0,0.6875,0.0,11,0,0,0,2070.3125,0.3969283100678676,True,10.770833333333334,0.229166666666666,11.0,0.0,1,w10s_nonoverlap,10 s / 0% overlap
CapnoBase,0133,early_fusion_identity_rawppg_eventdecoder,0,1,5,240.0,300.0,11,11,11.0,11.0,0.0,0.9383951099463352,False,True,,1.0,0.0,0.0,10.682987898177773,10.3125,10.172185430463577,expert_labels,10,11,10,10.3125,1.0,0.0,0.3125,1.0,10,0,1,1,2585.9375,0.5115845482420281,True,10.4375,0.4375,10.3125,0.3125,1,w10s_nonoverlap,10 s / 0% overlap
CapnoBase,0133,early_fusion_identity_rawppg_eventdecoder,0,1,6,300.0,360.0,9,11,9.0,11.0,2.0,0.9028980365985856,False,True,,1.0,0.0,0.0,9.602667407613223,9.375,9.601333518544244,expert_labels,10,11,11,9.375,1.0,1.0,0.625,1.0,10,0,1,1,945.3125,0.938194187433142,True,10.458333333333334,0.4583333333333339,11.0,1.0,1,w10s_nonoverlap,10 s / 0% overlap
CapnoBase,0133,early_fusion_identity_rawppg_eventdecoder,0,1,7,360.0,420.0,10,11,10.0,11.0,1.0,0.9258908413542452,False,True,,1.0,0.0,0.0,10.40650406504065,9.84375,9.865125240847783,expert_labels,9,10,9,9.84375,1.0,0.0,0.84375,1.0,9,0,1,1,1484.375,0.5379479722364732,True,9.614583333333334,0.6145833333333339,9.84375,0.84375,1,w10s_nonoverlap,10 s / 0% overlap
CapnoBase,0133,early_fusion_identity_rawppg_eventdecoder,0,1,8,420.0,480.0,10,12,10.0,12.0,2.0,0.9067819062347816,False,True,,0.9958333333333332,0.0,0.0,10.517346317711503,9.84375,9.953917050691244,expert_labels,10,10,10,9.84375,0.0,0.0,0.15625,0.0,10,0,0,0,1617.1875,0.090210979560879,True,9.947916666666666,0.0520833333333339,10.0,0.0,1,w10s_nonoverlap,10 s / 0% overlap
CapnoBase,0134,early_fusion_identity_rawppg_eventdecoder,0,1,1,0.0,60.0,14,14,14.0,14.0,0.0,0.9690562561798926,False,True,,1.0,0.0,0.0,14.00476925234956,14.0625,14.00869931247369,expert_labels,14,14,14,14.0625,0.0,0.0,0.0625,0.0,14,0,0,0,1875.0,0.0360843918243516,True,14.020833333333334,0.0208333333333339,14.0,0.0,1,w10s_nonoverlap,10 s / 0% overlap
CapnoBase,0134,early_fusion_identity_rawppg_eventdecoder,0,1,2,60.0,120.0,14,14,14.0,14.0,0.0,0.9709210570932852,False,True,,1.0,0.0,0.0,14.006734006734009,14.0625,14.00869931247369,expert_labels,14,14,14,14.0625,0.0,0.0,0.0625,0.0,14,0,0,0,1890.625,0.0360843918243516,True,14.020833333333334,0.0208333333333339,14.0,0.0,1,w10s_nonoverlap,10 s / 0% overlap
CapnoBase,0134,early_fusion_identity_rawppg_eventdecoder,0,1,3,120.0,180.0,14,14,14.0,14.0,0.0,0.9724180591303632,False,True,,1.0,0.0,0.0,14.00280504908836,14.0625,14.01066516980073,expert_labels,14,14,14,14.0625,0.0,0.0,0.0625,0.0,14,0,0,0,1984.375,0.0360843918243516,True,14.020833333333334,0.0208333333333339,14.0,0.0,1,w10s_nonoverlap,10 s / 0% overlap
CapnoBase,0134,early_fusion_identity_rawppg_eventdecoder,0,1,4,180.0,240.0,14,14,14.0,14.0,0.0,0.9664875585706822,False,True,,1.0,0.0,0.0,14.00869931247369,14.0625,14.00476925234956,expert_labels,14,14,14,14.0625,0.0,0.0,0.0625,0.0,14,0,0,0,1929.6875,0.0360843918243516,True,14.020833333333334,0.0208333333333339,14.0,0.0,1,w10s_nonoverlap,10 s / 0% overlap
CapnoBase,0134,early_fusion_identity_rawppg_eventdecoder,0,1,5,240.0,300.0,14,14,14.0,14.0,0.0,0.9611311011677168,False,True,,1.0,0.0,0.0,14.006734006734009,14.0625,14.00869931247369,expert_labels,14,14,14,14.0625,0.0,0.0,0.0625,0.0,14,0,0,0,2460.9375,0.0360843918243516,True,14.020833333333334,0.0208333333333339,14.0,0.0,1,w10s_nonoverlap,10 s / 0% overlap
CapnoBase,0134,early_fusion_identity_rawppg_eventdecoder,0,1,6,300.0,360.0,14,14,14.0,14.0,0.0,0.9698230573980332,False,True,,1.0,0.0,0.0,13.998878295008412,14.0625,14.01066516980073,expert_labels,14,14,14,14.0625,0.0,0.0,0.0625,0.0,14,0,0,0,2453.125,0.0360843918243516,True,14.020833333333334,0.0208333333333339,14.0,0.0,1,w10s_nonoverlap,10 s / 0% overlap
CapnoBase,0134,early_fusion_identity_rawppg_eventdecoder,0,1,7,360.0,420.0,14,14,14.0,14.0,0.0,0.968891590810206,False,True,,1.0,0.0,0.0,13.977320453590927,14.0625,14.006734006734009,expert_labels,14,14,14,14.0625,0.0,0.0,0.0625,0.0,14,0,0,0,2078.125,0.0360843918243516,True,14.020833333333334,0.0208333333333339,14.0,0.0,1,w10s_nonoverlap,10 s / 0% overlap
CapnoBase,0134,early_fusion_identity_rawppg_eventdecoder,0,1,8,420.0,480.0,14,14,14.0,14.0,0.0,0.9470617328861112,False,True,,0.9690104166666668,0.0,0.0,14.012467690436369,14.0625,14.00869931247369,expert_labels,14,14,14,14.0625,0.0,0.0,0.0625,0.0,14,0,0,0,3484.375,0.0360843918243516,True,14.020833333333334,0.0208333333333339,14.0,0.0,1,w10s_nonoverlap,10 s / 0% overlap
CapnoBase,0142,early_fusion_identity_rawppg_eventdecoder,0,1,1,0.0,60.0,14,15,14.0,15.0,1.0,0.5389192211650091,False,True,,0.9682291666666668,0.0,0.0,15.342465753424658,15.0,15.012566322256353,expert_labels,15,17,15,7.03125,2.0,0.0,7.96875,2.0,11,4,6,10,3664.0625,5.273786639676783,False,,,15.0,0.0,1,w10s_nonoverlap,10 s / 0% overlap
CapnoBase,0142,early_fusion_identity_rawppg_eventdecoder,0,1,2,60.0,120.0,15,15,15.0,15.0,0.0,0.6163131777844808,False,True,,1.0,0.0,0.0,15.325262737794333,15.0,15.008375209380237,expert_labels,15,18,16,15.46875,3.0,1.0,0.46875,3.0,11,4,7,11,5578.125,1.3347567272103682,True,16.489583333333332,1.489583333333332,16.0,1.0,1,w10s_nonoverlap,10 s / 0% overlap
CapnoBase,0142,early_fusion_identity_rawppg_eventdecoder,0,1,3,120.0,180.0,15,16,15.0,16.0,1.0,0.7070366926989421,False,True,,1.0,0.0,0.0,15.323224261771747,15.0,15.0,expert_labels,15,18,14,15.0,3.0,1.0,0.0,3.0,14,1,4,5,5398.4375,2.0816659994661326,True,15.666666666666666,0.6666666666666661,15.0,0.0,1,w10s_nonoverlap,10 s / 0% overlap
CapnoBase,0142,early_fusion_identity_rawppg_eventdecoder,0,1,4,180.0,240.0,15,16,15.0,16.0,1.0,0.7873864256635553,False,True,,1.0,0.0,0.0,15.337504992677406,15.0,15.006280530355896,expert_labels,15,16,15,15.0,1.0,0.0,0.0,1.0,8,7,8,15,3695.3125,0.5773502691896257,True,15.333333333333334,0.3333333333333339,15.0,0.0,1,w10s_nonoverlap,10 s / 0% overlap
CapnoBase,0142,early_fusion_identity_rawppg_eventdecoder,0,1,5,240.0,300.0,15,16,15.0,16.0,1.0,0.8021779741055253,False,True,,1.0,0.0,0.0,15.33138142134682,15.0,15.010470473265393,expert_labels,15,17,15,15.0,2.0,0.0,0.0,2.0,12,3,5,8,6304.6875,1.1547005383792517,True,15.666666666666666,0.6666666666666661,15.0,0.0,1,w10s_nonoverlap,10 s / 0% overlap
CapnoBase,0142,early_fusion_identity_rawppg_eventdecoder,0,1,6,300.0,360.0,15,14,15.0,14.0,1.0,0.6289307856741002,False,True,,1.0,0.0,0.013671875,15.333422068414748,15.0,15.004186435947531,expert_labels,15,17,13,5.625,2.0,2.0,9.375,2.0,14,1,3,4,5671.875,5.770344443791895,False,,,13.0,2.0,1,w10s_nonoverlap,10 s / 0% overlap
CapnoBase,0142,early_fusion_identity_rawppg_eventdecoder,0,1,7,360.0,420.0,15,16,15.0,16.0,1.0,0.777773194971198,False,True,,1.0,0.0,0.0,15.325262737794333,15.0,15.006280530355896,expert_labels,15,16,16,15.0,1.0,1.0,0.0,1.0,13,2,3,5,6312.5,0.5773502691896257,True,15.666666666666666,0.6666666666666661,16.0,1.0,1,w10s_nonoverlap,10 s / 0% overlap
CapnoBase,0142,early_fusion_identity_rawppg_eventdecoder,0,1,8,420.0,480.0,15,15,15.0,15.0,0.0,0.62476775527696,False,True,,1.0,0.0,0.0,15.0,15.0,15.004186435947531,expert_labels,15,17,16,15.46875,2.0,1.0,0.46875,2.0,12,3,5,8,5648.4375,0.7774909565390455,True,16.15625,1.15625,16.0,1.0,1,w10s_nonoverlap,10 s / 0% overlap
CapnoBase,0147,early_fusion_identity_rawppg_eventdecoder,0,1,1,0.0,60.0,11,12,11.0,12.0,1.0,0.8643943696102072,False,True,,1.0,0.0,0.0,11.006018916595014,10.78125,11.004441897119932,expert_labels,11,11,11,10.78125,0.0,0.0,0.21875,0.0,11,0,0,0,4703.125,0.1262953713852306,True,10.927083333333334,0.072916666666666,11.0,0.0,1,w10s_nonoverlap,10 s / 0% overlap
CapnoBase,0147,early_fusion_identity_rawppg_eventdecoder,0,1,2,60.0,120.0,11,11,11.0,11.0,0.0,0.9342353789057112,False,False,ref_artifact_label,0.9786458333333332,0.0213541666666666,0.0,10.99184199227136,10.78125,11.002865329512892,expert_labels,11,11,11,10.78125,0.0,0.0,0.21875,0.0,11,0,0,0,3484.375,0.1262953713852306,True,10.927083333333334,0.072916666666666,11.0,0.0,1,w10s_nonoverlap,10 s / 0% overlap
CapnoBase,0147,early_fusion_identity_rawppg_eventdecoder,0,1,3,120.0,180.0,11,12,11.0,12.0,1.0,0.8480679932799853,False,False,ref_artifact_label,0.9609375,0.0390625,0.0,11.006018916595014,10.78125,10.999713549126325,expert_labels,11,11,11,10.78125,0.0,0.0,0.21875,0.0,11,0,0,0,4335.9375,0.1262953713852306,True,10.927083333333334,0.072916666666666,11.0,0.0,1,w10s_nonoverlap,10 s / 0% overlap
CapnoBase,0147,early_fusion_identity_rawppg_eventdecoder,0,1,4,180.0,240.0,11,11,11.0,11.0,0.0,0.9144509744775268,False,True,,1.0,0.0,0.0,11.006018916595014,10.78125,11.004441897119932,expert_labels,11,11,11,10.78125,0.0,0.0,0.21875,0.0,11,0,0,0,4406.25,0.1262953713852306,True,10.927083333333334,0.072916666666666,11.0,0.0,1,w10s_nonoverlap,10 s / 0% overlap
CapnoBase,0147,early_fusion_identity_rawppg_eventdecoder,0,2,1,250.0,310.0,11,16,11.0,16.0,5.0,0.7329540749019661,False,False,ref_artifact_label,0.9859375,0.0140625,0.0626302083333333,11.270010672358593,10.78125,11.006018916595014,expert_labels,11,11,13,10.78125,0.0,2.0,0.21875,0.0,11,0,0,0,5468.75,1.2227498466571156,True,11.59375,0.59375,11.0,0.0,1,w10s_nonoverlap,10 s / 0% overlap
CapnoBase,0147,early_fusion_identity_rawppg_eventdecoder,0,2,2,310.0,370.0,11,11,11.0,11.0,0.0,0.8729577483774816,False,False,ref_artifact_label,0.9657552083333332,0.0342447916666666,0.0,11.271514342895264,10.78125,11.004441897119932,expert_labels,11,11,11,10.78125,0.0,0.0,0.21875,0.0,10,1,1,2,3281.25,0.1262953713852306,True,10.927083333333334,0.072916666666666,11.0,0.0,1,w10s_nonoverlap,10 s / 0% overlap
CapnoBase,0147,early_fusion_identity_rawppg_eventdecoder,0,2,3,370.0,430.0,11,12,11.0,12.0,1.0,0.8831903777038626,False,False,ref_artifact_label,0.9295572916666668,0.0704427083333333,0.0,11.270010672358593,10.78125,11.001289213579716,expert_labels,11,11,11,10.78125,0.0,0.0,0.21875,0.0,11,0,0,0,4031.25,0.1262953713852306,True,10.927083333333334,0.072916666666666,11.0,0.0,1,w10s_nonoverlap,10 s / 0% overlap
CapnoBase,0148,early_fusion_identity_rawppg_eventdecoder,0,1,1,0.0,60.0,10,12,10.0,12.0,2.0,0.6279172397893975,False,True,,0.9536458333333332,0.0,0.0,10.049432974701949,9.84375,10.002894356005788,expert_labels,10,11,10,3.28125,1.0,0.0,6.71875,1.0,9,1,3,4,6828.125,4.19763233114812,False,,,10.0,0.0,1,w10s_nonoverlap,10 s / 0% overlap
CapnoBase,0148,early_fusion_identity_rawppg_eventdecoder,0,1,2,60.0,120.0,10,15,10.0,15.0,5.0,0.5428052189666436,False,True,,1.0,0.0,0.0,10.004342162396874,9.84375,10.004342162396874,expert_labels,10,13,12,4.21875,3.0,2.0,5.78125,3.0,6,4,7,11,3273.4375,4.8072549881229865,False,,,12.0,2.0,1,w10s_nonoverlap,10 s / 0% overlap
CapnoBase,0148,early_fusion_identity_rawppg_eventdecoder,0,1,3,120.0,180.0,10,10,10.0,10.0,0.0,0.7655897485057801,False,True,,1.0,0.0,0.0,10.002894356005788,9.84375,10.002894356005788,expert_labels,10,12,10,4.6875,2.0,0.0,5.3125,2.0,8,2,3,5,5445.3125,3.779226386885725,True,8.895833333333334,1.104166666666666,10.0,0.0,1,w10s_nonoverlap,10 s / 0% overlap
CapnoBase,0148,early_fusion_identity_rawppg_eventdecoder,0,1,4,180.0,240.0,10,11,10.0,11.0,1.0,0.8926491029747623,False,True,,1.0,0.0,0.0,10.00723903286521,9.84375,10.00144696860078,expert_labels,10,9,10,9.84375,1.0,0.0,0.15625,-1.0,7,3,2,5,3335.9375,0.5379479722364732,True,9.614583333333334,0.3854166666666661,9.84375,0.15625,1,w10s_nonoverlap,10 s / 0% overlap
CapnoBase,0148,early_fusion_identity_rawppg_eventdecoder,0,1,5,240.0,300.0,10,13,10.0,13.0,3.0,0.5578291183126478,False,True,,1.0,0.0,0.0,10.005790387955994,9.84375,10.0,expert_labels,10,9,7,9.84375,1.0,3.0,0.15625,-1.0,6,4,3,7,2343.75,1.4605266244862958,True,8.614583333333334,1.385416666666666,9.0,1.0,1,w10s_nonoverlap,10 s / 0% overlap
CapnoBase,0148,early_fusion_identity_rawppg_eventdecoder,0,1,6,300.0,360.0,10,13,10.0,13.0,3.0,0.4826982935329125,False,True,,1.0,0.0,0.0,10.004342162396874,9.84375,10.004342162396874,expert_labels,10,9,9,6.5625,1.0,1.0,3.4375,-1.0,9,1,1,2,9289.0625,1.4072912811497127,True,8.1875,1.8125,9.0,1.0,1,w10s_nonoverlap,10 s / 0% overlap
CapnoBase,0148,early_fusion_identity_rawppg_eventdecoder,0,1,7,360.0,420.0,10,12,10.0,12.0,2.0,0.6929713810982709,False,True,,1.0,0.0,0.0,10.004342162396874,9.84375,10.00868809730669,expert_labels,10,11,10,5.625,1.0,0.0,4.375,1.0,8,2,3,5,6609.375,2.858649156507318,True,8.875,1.125,10.0,0.0,1,w10s_nonoverlap,10 s / 0% overlap
CapnoBase,0148,early_fusion_identity_rawppg_eventdecoder,0,1,8,420.0,480.0,10,11,10.0,11.0,1.0,0.6794679705329533,False,True,,1.0,0.0,0.0,10.005790387955994,9.84375,10.00868809730669,expert_labels,10,12,10,9.84375,2.0,0.0,0.15625,2.0,8,2,3,5,4609.375,1.2023468804106965,True,10.614583333333334,0.6145833333333339,10.0,0.0,1,w10s_nonoverlap,10 s / 0% overlap
CapnoBase,0149,early_fusion_identity_rawppg_eventdecoder,0,1,1,0.0,60.0,9,13,9.0,13.0,4.0,0.7091970246343634,False,True,,1.0,0.0,0.0,9.991326973113615,9.84375,10.002894356005788,expert_labels,10,13,11,10.3125,3.0,1.0,0.3125,3.0,9,1,4,5,3203.125,1.3961442439805425,True,11.4375,1.4375,11.0,1.0,1,w10s_nonoverlap,10 s / 0% overlap
CapnoBase,0149,early_fusion_identity_rawppg_eventdecoder,0,1,2,60.0,120.0,9,17,9.0,17.0,8.0,0.5960061536944774,False,True,,1.0,0.0,0.0,9.9851411589896,9.84375,10.00144696860078,expert_labels,10,12,10,9.84375,2.0,0.0,0.15625,2.0,10,0,2,2,3156.25,1.2023468804106965,True,10.614583333333334,0.6145833333333339,10.0,0.0,1,w10s_nonoverlap,10 s / 0% overlap
CapnoBase,0149,early_fusion_identity_rawppg_eventdecoder,0,1,3,120.0,180.0,9,12,9.0,12.0,3.0,0.9149368890918684,True,True,,1.0,0.0,0.0,9.654979745774549,9.84375,10.004342162396874,expert_labels,10,10,10,9.84375,0.0,0.0,0.15625,0.0,10,0,0,0,2906.25,0.090210979560879,True,9.947916666666666,0.0520833333333339,10.0,0.0,1,w10s_nonoverlap,10 s / 0% overlap
CapnoBase,0149,early_fusion_identity_rawppg_eventdecoder,0,1,4,180.0,240.0,9,13,9.0,13.0,4.0,0.9026401096348272,True,True,,1.0,0.0,0.0,10.005790387955994,9.84375,10.005790387955994,expert_labels,10,10,10,10.3125,0.0,0.0,0.3125,0.0,10,0,0,0,3531.25,0.180421959121758,True,10.104166666666666,0.104166666666666,10.0,0.0,1,w10s_nonoverlap,10 s / 0% overlap
CapnoBase,0149,early_fusion_identity_rawppg_eventdecoder,0,1,5,240.0,300.0,9,14,9.0,14.0,5.0,0.7830548029787363,False,True,,1.0,0.0,0.0,10.005790387955994,9.84375,10.00723903286521,expert_labels,10,11,10,9.84375,1.0,0.0,0.15625,1.0,9,1,2,3,2726.5625,0.6273393718713979,True,10.28125,0.28125,10.0,0.0,1,w10s_nonoverlap,10 s / 0% overlap
CapnoBase,0149,early_fusion_identity_rawppg_eventdecoder,0,1,6,300.0,360.0,10,15,10.0,15.0,5.0,0.7724609321656106,False,True,,1.0,0.0,0.0,10.335082761404925,9.84375,10.004342162396874,expert_labels,10,13,12,9.84375,3.0,2.0,0.15625,3.0,8,2,5,7,2250.0,1.6130368938227462,True,11.614583333333334,1.614583333333334,12.0,2.0,1,w10s_nonoverlap,10 s / 0% overlap
CapnoBase,0149,early_fusion_identity_rawppg_eventdecoder,0,1,7,360.0,420.0,10,15,10.0,15.0,5.0,0.6417628758375643,False,True,,1.0,0.0,0.0184895833333333,10.336473755047106,9.84375,10.0,expert_labels,10,11,10,9.84375,1.0,0.0,0.15625,1.0,9,1,2,3,2914.0625,0.6273393718713979,True,10.28125,0.28125,10.0,0.0,1,w10s_nonoverlap,10 s / 0% overlap
CapnoBase,0149,early_fusion_identity_rawppg_eventdecoder,0,1,8,420.0,480.0,10,14,10.0,14.0,4.0,0.6200615564274371,False,True,,0.9973958333333334,0.0,0.0,10.00868809730669,9.84375,10.004342162396874,expert_labels,10,11,9,3.28125,1.0,1.0,6.71875,1.0,9,1,2,3,4289.0625,4.005895720164634,False,,,9.0,1.0,1,w10s_nonoverlap,10 s / 0% overlap
CapnoBase,0150,early_fusion_identity_rawppg_eventdecoder,0,1,1,0.0,60.0,11,12,11.0,12.0,1.0,0.943105343831189,False,True,,1.0,0.0,0.0,10.999713549126325,10.78125,11.001289213579716,expert_labels,11,11,11,11.25,0.0,0.0,0.25,0.0,11,0,0,0,4726.5625,0.1443375672974064,True,11.083333333333334,0.0833333333333339,11.0,0.0,1,w10s_nonoverlap,10 s / 0% overlap
CapnoBase,0150,early_fusion_identity_rawppg_eventdecoder,0,1,2,60.0,120.0,11,11,11.0,11.0,0.0,0.954495129785574,False,True,,1.0,0.0,0.0,11.006018916595014,10.78125,11.004441897119932,expert_labels,11,11,11,10.78125,0.0,0.0,0.21875,0.0,11,0,0,0,3359.375,0.1262953713852306,True,10.927083333333334,0.072916666666666,11.0,0.0,1,w10s_nonoverlap,10 s / 0% overlap
CapnoBase,0150,early_fusion_identity_rawppg_eventdecoder,0,1,3,120.0,180.0,11,11,11.0,11.0,0.0,0.9453880941983176,False,True,,1.0,0.0,0.0,11.27422196124486,10.78125,11.001289213579716,expert_labels,11,11,11,11.25,0.0,0.0,0.25,0.0,11,0,0,0,4695.3125,0.1443375672974064,True,11.083333333333334,0.0833333333333339,11.0,0.0,1,w10s_nonoverlap,10 s / 0% overlap
CapnoBase,0150,early_fusion_identity_rawppg_eventdecoder,0,1,4,180.0,240.0,11,13,11.0,13.0,2.0,0.932457000556044,False,True,,1.0,0.0,0.0,11.002865329512892,10.78125,11.004441897119932,expert_labels,11,11,11,10.78125,0.0,0.0,0.21875,0.0,11,0,0,0,5054.6875,0.1262953713852306,True,10.927083333333334,0.072916666666666,11.0,0.0,1,w10s_nonoverlap,10 s / 0% overlap
CapnoBase,0150,early_fusion_identity_rawppg_eventdecoder,0,1,5,240.0,300.0,11,12,11.0,12.0,1.0,0.9499754588955204,False,True,,1.0,0.0,0.0080729166666666,11.004441897119932,10.78125,11.006018916595014,expert_labels,11,12,12,11.25,1.0,1.0,0.25,1.0,11,0,1,1,3914.0625,0.4330127018922193,True,11.75,0.75,12.0,1.0,1,w10s_nonoverlap,10 s / 0% overlap
CapnoBase,0150,early_fusion_identity_rawppg_eventdecoder,0,2,1,320.0,380.0,11,13,11.0,13.0,2.0,0.9077811698199932,False,True,,1.0,0.0,0.029296875,11.001289213579716,10.78125,11.009174311926603,expert_labels,11,12,11,10.78125,1.0,0.0,0.21875,1.0,9,2,3,5,3007.8125,0.6497695905729456,True,11.260416666666666,0.2604166666666661,11.0,0.0,1,w10s_nonoverlap,10 s / 0% overlap
CapnoBase,0150,early_fusion_identity_rawppg_eventdecoder,0,2,2,380.0,440.0,11,11,11.0,11.0,0.0,0.9688308827720584,False,True,,1.0,0.0,0.0,11.002865329512892,10.78125,11.002865329512892,expert_labels,11,11,11,10.78125,0.0,0.0,0.21875,0.0,11,0,0,0,3226.5625,0.1262953713852306,True,10.927083333333334,0.072916666666666,11.0,0.0,1,w10s_nonoverlap,10 s / 0% overlap
CapnoBase,0309,early_fusion_identity_rawppg_eventdecoder,0,1,1,10.0,70.0,9,16,9.0,16.0,7.0,0.6684939787431462,False,False,ref_artifact_label,0.9515625,0.0385416666666666,0.0,8.981143107732787,8.90625,8.981143107732787,expert_labels,9,15,13,8.90625,6.0,4.0,0.09375,6.0,8,1,7,8,1976.5625,3.1062458081796,True,12.302083333333334,3.302083333333334,13.0,4.0,1,w10s_nonoverlap,10 s / 0% overlap
CapnoBase,0309,early_fusion_identity_rawppg_eventdecoder,0,2,1,90.0,150.0,9,15,9.0,15.0,6.0,0.7489369297585926,False,False,ref_artifact_label,0.8979166666666667,0.1020833333333333,0.0,8.98376955695277,8.90625,8.986397542781923,expert_labels,9,10,9,8.90625,1.0,0.0,0.09375,1.0,7,2,2,4,2554.6875,0.6062285219563109,True,9.302083333333334,0.3020833333333339,9.0,0.0,1,w10s_nonoverlap,10 s / 0% overlap
CapnoBase,0309,early_fusion_identity_rawppg_eventdecoder,0,2,2,150.0,210.0,9,14,9.0,14.0,5.0,0.8314531337411941,True,False,ref_artifact_label,0.8432291666666667,0.1567708333333333,0.0,8.982456140350877,8.90625,8.981143107732787,expert_labels,9,8,10,8.90625,1.0,1.0,0.09375,-1.0,8,1,1,2,2007.8125,1.0014637724351292,True,8.96875,0.03125,8.90625,0.09375,1,w10s_nonoverlap,10 s / 0% overlap
CapnoBase,0309,early_fusion_identity_rawppg_eventdecoder,0,2,3,210.0,270.0,9,12,9.0,12.0,3.0,0.8647264976986436,True,False,ref_artifact_label,0.928125,0.071875,0.0,8.977206312098188,8.90625,8.979830458930138,expert_labels,9,13,11,8.90625,4.0,2.0,0.09375,4.0,9,0,3,3,3390.625,2.04705390439529,True,10.96875,1.96875,11.0,2.0,1,w10s_nonoverlap,10 s / 0% overlap
CapnoBase,0309,early_fusion_identity_rawppg_eventdecoder,0,2,4,270.0,330.0,9,17,9.0,17.0,8.0,0.6304117884712486,False,True,,1.0,0.0,0.0,8.977206312098188,8.90625,8.981143107732787,expert_labels,9,17,14,8.90625,8.0,5.0,0.09375,8.0,9,0,9,9,1960.9375,4.091761603616875,False,,,14.0,5.0,1,w10s_nonoverlap,10 s / 0% overlap
CapnoBase,0309,early_fusion_identity_rawppg_eventdecoder,0,2,5,330.0,390.0,9,15,9.0,15.0,6.0,0.7290562592892382,False,False,ref_artifact_label,0.978125,0.021875,0.06171875,8.98376955695277,8.90625,8.986397542781923,expert_labels,9,11,10,5.15625,2.0,1.0,3.84375,2.0,8,1,3,4,2664.0625,3.1254687148490223,True,8.71875,0.28125,10.0,1.0,1,w10s_nonoverlap,10 s / 0% overlap
CapnoBase,0309,early_fusion_identity_rawppg_eventdecoder,0,2,6,390.0,450.0,9,16,9.0,16.0,7.0,0.7460116101117964,False,True,,1.0,0.0,0.0,8.97545773276198,8.90625,8.973272966262597,expert_labels,9,10,11,8.90625,1.0,2.0,0.09375,1.0,6,3,4,7,2343.75,1.0472247550072524,True,9.96875,0.96875,10.0,1.0,1,w10s_nonoverlap,10 s / 0% overlap
CapnoBase,0311,early_fusion_identity_rawppg_eventdecoder,0,1,1,0.0,60.0,12,12,12.0,12.0,0.0,0.960061726116856,False,True,,0.965625,0.0,0.0,11.95889131111803,12.1875,11.977881752445768,expert_labels,12,12,12,12.1875,0.0,0.0,0.1875,0.0,12,0,0,0,2093.75,0.1082531754730548,True,12.0625,0.0625,12.0,0.0,1,w10s_nonoverlap,10 s / 0% overlap
CapnoBase,0311,early_fusion_identity_rawppg_eventdecoder,0,1,2,60.0,120.0,12,12,12.0,12.0,0.0,0.9624012735314508,False,True,,1.0,0.0,0.0,11.972789115646258,12.1875,11.977881752445768,expert_labels,12,12,12,12.1875,0.0,0.0,0.1875,0.0,12,0,0,0,1546.875,0.1082531754730548,True,12.0625,0.0625,12.0,0.0,1,w10s_nonoverlap,10 s / 0% overlap
CapnoBase,0311,early_fusion_identity_rawppg_eventdecoder,0,1,3,120.0,180.0,12,12,12.0,12.0,0.0,0.9586082924984136,False,True,,1.0,0.0,0.0,11.974486180014177,12.1875,11.97618372554579,expert_labels,12,12,12,12.1875,0.0,0.0,0.1875,0.0,12,0,0,0,3007.8125,0.1082531754730548,True,12.0625,0.0625,12.0,0.0,1,w10s_nonoverlap,10 s / 0% overlap
CapnoBase,0311,early_fusion_identity_rawppg_eventdecoder,0,1,4,180.0,240.0,11,13,11.0,13.0,2.0,0.9535297023939996,False,True,,1.0,0.0,0.0,11.97618372554579,12.1875,11.972789115646258,expert_labels,12,12,12,12.1875,0.0,0.0,0.1875,0.0,12,0,0,0,2078.125,0.1082531754730548,True,12.0625,0.0625,12.0,0.0,1,w10s_nonoverlap,10 s / 0% overlap
CapnoBase,0311,early_fusion_identity_rawppg_eventdecoder,0,1,5,240.0,300.0,11,12,11.0,12.0,1.0,0.9573870325878436,False,True,,1.0,0.0,0.0,11.967700807479812,12.1875,11.969396429583451,expert_labels,12,12,12,11.71875,0.0,0.0,0.28125,0.0,12,0,0,0,2171.875,0.1623797632095822,True,11.90625,0.09375,12.0,0.0,1,w10s_nonoverlap,10 s / 0% overlap
CapnoBase,0311,early_fusion_identity_rawppg_eventdecoder,0,1,6,300.0,360.0,11,12,11.0,12.0,1.0,0.932677577609026,False,True,,1.0,0.0,0.0,11.974486180014177,12.1875,11.97618372554579,expert_labels,12,12,12,12.1875,0.0,0.0,0.1875,0.0,12,0,0,0,3593.75,0.1082531754730548,True,12.0625,0.0625,12.0,0.0,1,w10s_nonoverlap,10 s / 0% overlap
CapnoBase,0311,early_fusion_identity_rawppg_eventdecoder,0,1,7,360.0,420.0,11,12,11.0,12.0,1.0,0.9398749489572596,False,True,,1.0,0.0,0.0,11.971092532237495,12.1875,11.972789115646258,expert_labels,12,12,12,12.1875,0.0,0.0,0.1875,0.0,12,0,0,0,4007.8125,0.1082531754730548,True,12.0625,0.0625,12.0,0.0,1,w10s_nonoverlap,10 s / 0% overlap
CapnoBase,0311,early_fusion_identity_rawppg_eventdecoder,0,1,8,420.0,480.0,11,14,11.0,14.0,3.0,0.93810894553125,True,True,,1.0,0.0,0.0,11.97618372554579,12.1875,11.977881752445768,expert_labels,12,13,13,11.71875,1.0,1.0,0.28125,1.0,10,2,3,5,3000.0,0.739730032399208,True,12.572916666666666,0.5729166666666661,13.0,1.0,1,w10s_nonoverlap,10 s / 0% overlap
CapnoBase,0312,early_fusion_identity_rawppg_eventdecoder,0,1,1,0.0,60.0,7,15,7.0,15.0,8.0,0.6820744482915885,False,True,,0.940234375,0.0,0.0,6.984993178717599,7.03125,6.9907154560349545,expert_labels,6,10,9,7.03125,4.0,3.0,1.03125,4.0,6,0,4,4,9156.25,1.5104885040387872,True,8.677083333333334,2.677083333333334,9.0,3.0,1,w10s_nonoverlap,10 s / 0% overlap
CapnoBase,0312,early_fusion_identity_rawppg_eventdecoder,0,2,1,90.0,150.0,7,13,7.0,13.0,6.0,0.7660619978960949,False,True,,1.0,0.0,0.0,7.373474146207653,7.03125,6.9881710646041855,expert_labels,7,12,8,7.03125,5.0,1.0,0.03125,5.0,7,0,5,5,10921.875,2.633975231628676,True,9.010416666666666,2.010416666666666,8.0,1.0,1,w10s_nonoverlap,10 s / 0% overlap
CapnoBase,0312,early_fusion_identity_rawppg_eventdecoder,0,2,2,150.0,210.0,8,14,8.0,14.0,6.0,0.4575691799762084,False,True,,1.0,0.0,0.0731770833333333,7.373474146207653,7.03125,6.992412746585736,expert_labels,7,11,10,7.03125,4.0,3.0,0.03125,4.0,6,1,5,6,7484.375,2.064156531733967,True,9.34375,2.34375,10.0,3.0,1,w10s_nonoverlap,10 s / 0% overlap
CapnoBase,0312,early_fusion_identity_rawppg_eventdecoder,0,2,3,210.0,270.0,8,13,8.0,13.0,5.0,0.643493761196054,False,True,,1.0,0.0,0.0350260416666666,7.370441458733206,7.03125,6.992412746585736,expert_labels,7,9,9,7.03125,2.0,2.0,0.03125,2.0,6,1,3,4,8531.25,1.1366583424670758,True,8.34375,1.34375,9.0,2.0,1,w10s_nonoverlap,10 s / 0% overlap
CapnoBase,0312,early_fusion_identity_rawppg_eventdecoder,0,2,4,270.0,330.0,8,13,8.0,13.0,5.0,0.621102007569743,False,True,,1.0,0.0,0.0412760416666666,7.37448559670782,7.03125,6.990291262135922,expert_labels,7,12,9,4.21875,5.0,2.0,2.78125,5.0,7,0,5,5,7125.0,3.924457566021067,True,8.40625,1.40625,9.0,2.0,1,w10s_nonoverlap,10 s / 0% overlap
CapnoBase,0312,early_fusion_identity_rawppg_eventdecoder,0,3,1,390.0,450.0,8,13,8.0,13.0,5.0,0.7871625279515752,False,True,,1.0,0.0,0.0213541666666666,7.219983883964544,7.03125,6.987111448066717,expert_labels,7,11,9,7.03125,4.0,2.0,0.03125,4.0,7,0,4,4,10921.875,1.984395505143401,True,9.010416666666666,2.010416666666666,9.0,2.0,1,w10s_nonoverlap,10 s / 0% overlap
CapnoBase,0313,early_fusion_identity_rawppg_eventdecoder,0,1,1,0.0,60.0,10,10,10.0,10.0,0.0,0.9716339438485408,False,True,,0.96171875,0.0,0.0,9.955350712948292,9.84375,9.98699609882965,expert_labels,9,10,10,9.84375,1.0,1.0,0.84375,1.0,9,0,1,1,2328.125,0.090210979560879,True,9.947916666666666,0.947916666666666,10.0,1.0,1,w10s_nonoverlap,10 s / 0% overlap
CapnoBase,0313,early_fusion_identity_rawppg_eventdecoder,0,1,2,60.0,120.0,10,11,10.0,11.0,1.0,0.9638134976128976,False,True,,1.0,0.0,0.0,9.9855533082924,9.84375,9.9855533082924,expert_labels,10,10,10,9.84375,0.0,0.0,0.15625,0.0,10,0,0,0,3445.3125,0.090210979560879,True,9.947916666666666,0.0520833333333339,10.0,0.0,1,w10s_nonoverlap,10 s / 0% overlap
CapnoBase,0313,early_fusion_identity_rawppg_eventdecoder,0,1,3,120.0,180.0,10,11,10.0,11.0,1.0,0.9672390824693764,False,True,,1.0,0.0,0.0,9.99277143270204,9.84375,9.989882931059402,expert_labels,10,10,10,9.84375,0.0,0.0,0.15625,0.0,10,0,0,0,2773.4375,0.090210979560879,True,9.947916666666666,0.0520833333333339,10.0,0.0,1,w10s_nonoverlap,10 s / 0% overlap
CapnoBase,0313,early_fusion_identity_rawppg_eventdecoder,0,1,4,180.0,240.0,10,11,10.0,11.0,1.0,0.9698792688657144,False,True,,1.0,0.0,0.0,9.972586928293175,9.84375,9.98699609882965,expert_labels,10,10,10,9.84375,0.0,0.0,0.15625,0.0,10,0,0,0,3195.3125,0.090210979560879,True,9.947916666666666,0.0520833333333339,10.0,0.0,1,w10s_nonoverlap,10 s / 0% overlap
CapnoBase,0313,early_fusion_identity_rawppg_eventdecoder,0,1,5,240.0,300.0,10,12,10.0,12.0,2.0,0.965962229887573,False,True,,1.0,0.0,0.0,9.989882931059402,9.84375,9.9855533082924,expert_labels,10,10,10,9.84375,0.0,0.0,0.15625,0.0,10,0,0,0,2992.1875,0.090210979560879,True,9.947916666666666,0.0520833333333339,10.0,0.0,1,w10s_nonoverlap,10 s / 0% overlap
CapnoBase,0313,early_fusion_identity_rawppg_eventdecoder,0,1,6,300.0,360.0,10,10,10.0,10.0,0.0,0.9689770442173892,False,True,,1.0,0.0,0.0,9.979786312445857,9.84375,9.9855533082924,expert_labels,10,10,10,9.84375,0.0,0.0,0.15625,0.0,8,2,2,4,3789.0625,0.090210979560879,True,9.947916666666666,0.0520833333333339,10.0,0.0,1,w10s_nonoverlap,10 s / 0% overlap
CapnoBase,0313,early_fusion_identity_rawppg_eventdecoder,0,1,7,360.0,420.0,10,12,10.0,12.0,2.0,0.9689060888391294,False,True,,1.0,0.0,0.0,9.988439306358382,9.84375,9.988439306358382,expert_labels,10,10,10,9.84375,0.0,0.0,0.15625,0.0,10,0,0,0,2960.9375,0.090210979560879,True,9.947916666666666,0.0520833333333339,10.0,0.0,1,w10s_nonoverlap,10 s / 0% overlap
CapnoBase,0313,early_fusion_identity_rawppg_eventdecoder,0,1,8,420.0,480.0,10,12,10.0,12.0,2.0,0.9568108733595206,False,True,,1.0,0.0,0.0,10.01303780964798,9.84375,9.989882931059402,expert_labels,10,10,10,9.84375,0.0,0.0,0.15625,0.0,10,0,0,0,3054.6875,0.090210979560879,True,9.947916666666666,0.0520833333333339,10.0,0.0,1,w10s_nonoverlap,10 s / 0% overlap
CapnoBase,0322,early_fusion_identity_rawppg_eventdecoder,0,1,1,0.0,60.0,17,17,17.0,17.0,0.0,0.9433904547853986,False,True,,0.9591145833333332,0.0,0.0,17.42731527442916,17.34375,17.457025145617276,expert_labels,17,17,17,17.34375,0.0,0.0,0.34375,0.0,17,0,0,0,3062.5,0.1984641550339338,True,17.114583333333332,0.1145833333333321,17.0,0.0,1,w10s_nonoverlap,10 s / 0% overlap
CapnoBase,0322,early_fusion_identity_rawppg_eventdecoder,0,1,2,60.0,120.0,17,17,17.0,17.0,0.0,0.9615834416609026,False,True,,1.0,0.0,0.0,17.42731527442916,17.34375,17.412498228709083,expert_labels,17,18,17,17.34375,1.0,0.0,0.34375,1.0,17,0,0,0,2125.0,0.5080728499273832,True,17.447916666666668,0.4479166666666678,17.34375,0.34375,1,w10s_nonoverlap,10 s / 0% overlap
CapnoBase,0322,early_fusion_identity_rawppg_eventdecoder,0,1,3,120.0,180.0,18,18,18.0,18.0,0.0,0.9711045610530176,False,True,,1.0,0.0,0.0,18.1282976950847,18.28125,18.110834534259137,expert_labels,19,17,19,18.28125,2.0,0.0,0.71875,-2.0,19,0,0,0,3421.875,1.013097817340458,True,18.09375,0.90625,18.28125,0.71875,1,w10s_nonoverlap,10 s / 0% overlap
CapnoBase,0322,early_fusion_identity_rawppg_eventdecoder,0,1,4,180.0,240.0,18,18,18.0,18.0,0.0,0.9474677823553438,False,True,,1.0,0.0,0.0,17.85313824695747,17.8125,17.824194952132288,expert_labels,17,19,17,17.8125,2.0,0.0,0.8125,2.0,17,0,0,0,2648.4375,1.0058423087144426,True,17.9375,0.9375,17.8125,0.8125,1,w10s_nonoverlap,10 s / 0% overlap
CapnoBase,0322,early_fusion_identity_rawppg_eventdecoder,0,1,5,240.0,300.0,18,18,18.0,18.0,0.0,0.9615854124116278,False,True,,1.0,0.0,0.0,17.671900378992962,17.8125,17.671900378992962,expert_labels,18,17,18,17.8125,1.0,0.0,0.1875,-1.0,18,0,0,0,2476.5625,0.5315562842572114,True,17.604166666666668,0.3958333333333321,17.8125,0.1875,1,w10s_nonoverlap,10 s / 0% overlap
CapnoBase,0322,early_fusion_identity_rawppg_eventdecoder,0,1,6,300.0,360.0,18,18,18.0,18.0,0.0,0.965507132356776,False,True,,1.0,0.0,0.0,18.04311774461028,17.8125,18.0555939704052,expert_labels,18,18,18,17.8125,0.0,0.0,0.1875,0.0,18,0,0,0,2304.6875,0.1082531754730548,True,17.9375,0.0625,18.0,0.0,1,w10s_nonoverlap,10 s / 0% overlap
CapnoBase,0322,early_fusion_identity_rawppg_eventdecoder,0,1,7,360.0,420.0,18,18,18.0,18.0,0.0,0.9721094349460092,False,True,,1.0,0.0,0.0,18.283153619941185,18.28125,18.293400588482555,expert_labels,18,18,18,18.28125,0.0,0.0,0.28125,0.0,18,0,0,0,2171.875,0.1623797632095822,True,18.09375,0.09375,18.0,0.0,1,w10s_nonoverlap,10 s / 0% overlap
CapnoBase,0322,early_fusion_identity_rawppg_eventdecoder,0,1,8,420.0,480.0,19,19,19.0,19.0,0.0,0.9656144106652924,False,False,ref_artifact_label,0.992578125,0.007421875,0.0,18.7012987012987,18.28125,18.640776699029125,expert_labels,19,19,19,18.75,0.0,0.0,0.25,0.0,19,0,0,0,2382.8125,0.1443375672974064,True,18.916666666666668,0.0833333333333321,19.0,0.0,1,w10s_nonoverlap,10 s / 0% overlap
CapnoBase,0325,early_fusion_identity_rawppg_eventdecoder,0,1,1,0.0,60.0,10,10,10.0,10.0,0.0,0.9290175291815304,False,True,,0.971875,0.0,0.0,9.991326973113615,9.84375,10.0,expert_labels,9,11,10,9.84375,2.0,1.0,0.84375,2.0,9,0,2,2,1835.9375,0.6273393718713979,True,10.28125,1.28125,10.0,1.0,1,w10s_nonoverlap,10 s / 0% overlap
CapnoBase,0325,early_fusion_identity_rawppg_eventdecoder,0,1,2,60.0,120.0,10,13,10.0,13.0,3.0,0.8112202954477039,True,True,,1.0,0.0,0.0,9.989882931059402,9.84375,9.9855533082924,expert_labels,10,10,11,9.84375,0.0,1.0,0.15625,0.0,10,0,0,0,4609.375,0.6273393718713979,True,10.28125,0.28125,10.0,0.0,1,w10s_nonoverlap,10 s / 0% overlap
CapnoBase,0325,early_fusion_identity_rawppg_eventdecoder,0,1,3,120.0,180.0,10,11,10.0,11.0,1.0,0.9190560237166472,False,True,,1.0,0.0,0.0,9.988439306358382,9.84375,9.98266897746967,expert_labels,10,10,10,9.84375,0.0,0.0,0.15625,0.0,10,0,0,0,3593.75,0.090210979560879,True,9.947916666666666,0.0520833333333339,10.0,0.0,1,w10s_nonoverlap,10 s / 0% overlap
CapnoBase,0325,early_fusion_identity_rawppg_eventdecoder,0,1,4,180.0,240.0,10,12,10.0,12.0,2.0,0.8829413376269533,False,True,,1.0,0.0,0.0,9.978345604157644,9.84375,9.988439306358382,expert_labels,10,11,10,9.84375,1.0,0.0,0.15625,1.0,10,0,1,1,2250.0,0.6273393718713979,True,10.28125,0.28125,10.0,0.0,1,w10s_nonoverlap,10 s / 0% overlap
CapnoBase,0325,early_fusion_identity_rawppg_eventdecoder,0,1,5,240.0,300.0,10,12,10.0,12.0,2.0,0.9018922075922282,False,True,,1.0,0.0,0.0,9.988439306358382,9.84375,9.97690531177829,expert_labels,10,11,12,9.84375,1.0,2.0,0.15625,1.0,10,0,0,0,3898.4375,1.0790681261316792,True,10.947916666666666,0.947916666666666,11.0,1.0,1,w10s_nonoverlap,10 s / 0% overlap
CapnoBase,0325,early_fusion_identity_rawppg_eventdecoder,0,1,6,300.0,360.0,10,11,10.0,11.0,1.0,0.8768931321552587,False,True,,1.0,0.0,0.0,9.988439306358382,9.84375,9.988439306358382,expert_labels,10,10,11,9.84375,0.0,1.0,0.15625,0.0,9,1,1,2,1867.1875,0.6273393718713979,True,10.28125,0.28125,10.0,0.0,1,w10s_nonoverlap,10 s / 0% overlap
CapnoBase,0325,early_fusion_identity_rawppg_eventdecoder,0,1,7,360.0,420.0,10,11,10.0,11.0,1.0,0.9104845779957552,False,True,,1.0,0.0,0.0,9.981227436823104,9.84375,9.9855533082924,expert_labels,10,10,11,9.84375,0.0,1.0,0.15625,0.0,10,0,1,1,2343.75,0.6273393718713979,True,10.28125,0.28125,10.0,0.0,1,w10s_nonoverlap,10 s / 0% overlap
CapnoBase,0325,early_fusion_identity_rawppg_eventdecoder,0,1,8,420.0,480.0,10,10,10.0,10.0,0.0,0.566436660076149,False,True,,1.0,0.0,0.0,9.974025974025974,9.84375,9.981227436823104,expert_labels,10,10,10,9.84375,0.0,0.0,0.15625,0.0,10,0,0,0,7242.1875,0.090210979560879,True,9.947916666666666,0.0520833333333339,10.0,0.0,1,w10s_nonoverlap,10 s / 0% overlap
CapnoBase,0328,early_fusion_identity_rawppg_eventdecoder,0,1,1,0.0,60.0,10,15,10.0,15.0,5.0,0.8993735256730704,True,True,,0.962109375,0.0,0.0,9.979786312445857,9.84375,9.99186859651976,expert_labels,9,10,11,9.84375,1.0,2.0,0.84375,1.0,9,0,1,1,3796.875,0.6273393718713979,True,10.28125,1.28125,10.0,1.0,1,w10s_nonoverlap,10 s / 0% overlap
CapnoBase,0328,early_fusion_identity_rawppg_eventdecoder,0,2,1,80.0,140.0,10,10,10.0,10.0,0.0,0.9458912311537984,False,True,,1.0,0.0,0.0,9.988439306358382,9.84375,9.9855533082924,expert_labels,10,10,10,9.84375,0.0,0.0,0.15625,0.0,10,0,1,1,3609.375,0.090210979560879,True,9.947916666666666,0.0520833333333339,10.0,0.0,1,w10s_nonoverlap,10 s / 0% overlap
CapnoBase,0328,early_fusion_identity_rawppg_eventdecoder,0,2,2,140.0,200.0,10,12,10.0,12.0,2.0,0.9293251089092072,False,False,ref_artifact_label,0.992578125,0.007421875,0.0,9.994216310005784,9.84375,10.0,expert_labels,10,10,10,9.84375,0.0,0.0,0.15625,0.0,10,0,0,0,3507.8125,0.090210979560879,True,9.947916666666666,0.0520833333333339,10.0,0.0,1,w10s_nonoverlap,10 s / 0% overlap
CapnoBase,0328,early_fusion_identity_rawppg_eventdecoder,0,2,3,200.0,260.0,10,11,10.0,11.0,1.0,0.9413750877571728,False,True,,1.0,0.0,0.0,9.98699609882965,9.84375,9.9855533082924,expert_labels,10,10,10,9.84375,0.0,0.0,0.15625,0.0,10,0,0,0,2703.125,0.090210979560879,True,9.947916666666666,0.0520833333333339,10.0,0.0,1,w10s_nonoverlap,10 s / 0% overlap
CapnoBase,0328,early_fusion_identity_rawppg_eventdecoder,0,2,4,260.0,320.0,10,12,10.0,12.0,2.0,0.9370162676676664,False,True,,1.0,0.0,0.0,9.989882931059402,9.84375,10.0,expert_labels,10,11,10,9.84375,1.0,0.0,0.15625,1.0,10,0,0,0,1914.0625,0.6273393718713979,True,10.28125,0.28125,10.0,0.0,1,w10s_nonoverlap,10 s / 0% overlap
CapnoBase,0328,early_fusion_identity_rawppg_eventdecoder,0,2,5,320.0,380.0,10,13,10.0,13.0,3.0,0.9141820307769166,True,True,,1.0,0.0,0.06640625,9.995661605206074,9.84375,9.990243902439024,expert_labels,9,9,11,9.84375,0.0,2.0,0.84375,0.0,9,0,0,0,2960.9375,1.0040607655084095,True,9.947916666666666,0.947916666666666,9.84375,0.84375,1,w10s_nonoverlap,10 s / 0% overlap
CapnoBase,0328,early_fusion_identity_rawppg_eventdecoder,0,2,6,380.0,440.0,11,13,11.0,13.0,2.0,0.7704855389659973,False,True,,1.0,0.0,0.0196614583333333,7.769908946379535,9.84375,12.213387306635823,expert_labels,12,12,10,9.84375,0.0,2.0,2.15625,0.0,9,3,3,6,4054.6875,1.2023468804106965,True,10.614583333333334,1.385416666666666,10.0,2.0,1,w10s_nonoverlap,10 s / 0% overlap
CapnoBase,0329,early_fusion_identity_rawppg_eventdecoder,0,1,1,0.0,60.0,10,11,10.0,11.0,1.0,0.928234113905838,False,True,,0.9677083333333332,0.0,0.0,9.98411093456594,9.84375,10.0,expert_labels,9,10,10,9.84375,1.0,1.0,0.84375,1.0,9,0,1,1,1796.875,0.090210979560879,True,9.947916666666666,0.947916666666666,10.0,1.0,1,w10s_nonoverlap,10 s / 0% overlap
CapnoBase,0329,early_fusion_identity_rawppg_eventdecoder,0,2,1,80.0,140.0,10,17,10.0,17.0,7.0,0.8080863964886535,True,False,ref_artifact_label,0.9677083333333332,0.023828125,0.0,10.325356278569508,9.84375,9.9855533082924,expert_labels,10,12,12,9.84375,2.0,2.0,0.15625,2.0,9,1,3,4,4601.5625,1.2449115179401309,True,11.28125,1.28125,12.0,2.0,1,w10s_nonoverlap,10 s / 0% overlap
CapnoBase,0329,early_fusion_identity_rawppg_eventdecoder,0,2,2,140.0,200.0,10,18,10.0,18.0,8.0,0.8509183515860583,True,True,,1.0,0.0,0.0,10.319806503628056,9.84375,9.98411093456594,expert_labels,10,10,12,9.84375,0.0,2.0,0.15625,0.0,10,0,0,0,5265.625,1.2023468804106965,True,10.614583333333334,0.6145833333333339,10.0,0.0,1,w10s_nonoverlap,10 s / 0% overlap
CapnoBase,0330,early_fusion_identity_rawppg_eventdecoder,0,1,1,0.0,60.0,14,14,14.0,14.0,0.0,0.9580146157409698,False,True,,1.0,0.0,0.0,13.644936449364495,13.59375,13.574900574458685,expert_labels,13,13,13,13.59375,0.0,0.0,0.59375,0.0,13,0,0,0,3195.3125,0.3428017223313402,True,13.197916666666666,0.197916666666666,13.0,0.0,1,w10s_nonoverlap,10 s / 0% overlap
CapnoBase,0330,early_fusion_identity_rawppg_eventdecoder,0,1,2,60.0,120.0,14,14,14.0,14.0,0.0,0.961893878298146,False,True,,1.0,0.0,0.0,14.218171461122186,14.53125,14.121640735502124,expert_labels,14,14,14,14.53125,0.0,0.0,0.53125,0.0,14,0,0,0,2507.8125,0.3067173305069887,True,14.177083333333334,0.1770833333333339,14.0,0.0,1,w10s_nonoverlap,10 s / 0% overlap
CapnoBase,0330,early_fusion_identity_rawppg_eventdecoder,0,1,3,120.0,180.0,15,15,15.0,15.0,0.0,0.9690859633033024,False,True,,1.0,0.0,0.0,14.707947654005746,15.0,14.83853160364339,expert_labels,15,15,15,15.0,0.0,0.0,0.0,0.0,15,0,0,0,2460.9375,0.0,True,15.0,0.0,15.0,0.0,1,w10s_nonoverlap,10 s / 0% overlap
CapnoBase,0330,early_fusion_identity_rawppg_eventdecoder,0,1,4,180.0,240.0,15,15,15.0,15.0,0.0,0.9771490841365886,False,True,,1.0,0.0,0.0,15.320604160729554,15.46875,15.28865295288653,expert_labels,16,16,16,15.46875,0.0,0.0,0.53125,0.0,16,0,0,0,2046.875,0.3067173305069887,True,15.822916666666666,0.1770833333333339,16.0,0.0,1,w10s_nonoverlap,10 s / 0% overlap
CapnoBase,0330,early_fusion_identity_rawppg_eventdecoder,0,1,5,240.0,300.0,16,15,16.0,15.0,1.0,0.970556271455506,False,True,,1.0,0.0,0.0,15.370246831220811,15.46875,15.390781563126252,expert_labels,15,15,15,15.46875,0.0,0.0,0.46875,0.0,15,0,0,0,2210.9375,0.2706329386826371,True,15.15625,0.15625,15.0,0.0,1,w10s_nonoverlap,10 s / 0% overlap
CapnoBase,0330,early_fusion_identity_rawppg_eventdecoder,0,1,6,300.0,360.0,15,15,15.0,15.0,0.0,0.943817014253532,False,True,,1.0,0.0,0.0,15.338088445078458,15.46875,15.305338078291816,expert_labels,15,16,15,15.46875,1.0,0.0,0.46875,1.0,15,0,0,0,2859.375,0.5003254149384512,True,15.489583333333334,0.4895833333333339,15.46875,0.46875,1,w10s_nonoverlap,10 s / 0% overlap
CapnoBase,0330,early_fusion_identity_rawppg_eventdecoder,0,1,7,360.0,420.0,16,16,16.0,16.0,0.0,0.925415826551462,False,True,,1.0,0.0,0.0,15.60069645966338,15.46875,15.578093306288032,expert_labels,16,15,16,15.46875,1.0,0.0,0.53125,-1.0,16,0,0,0,3476.5625,0.5003254149384512,True,15.489583333333334,0.5104166666666661,15.46875,0.53125,1,w10s_nonoverlap,10 s / 0% overlap
CapnoBase,0330,early_fusion_identity_rawppg_eventdecoder,0,1,8,420.0,480.0,15,15,15.0,15.0,0.0,0.937204606687542,False,True,,0.9854166666666668,0.0,0.0,15.588633288227332,15.46875,15.618826263800116,expert_labels,15,15,15,15.46875,0.0,0.0,0.46875,0.0,15,0,0,0,2632.8125,0.2706329386826371,True,15.15625,0.15625,15.0,0.0,1,w10s_nonoverlap,10 s / 0% overlap
CapnoBase,0331,early_fusion_identity_rawppg_eventdecoder,0,1,1,0.0,60.0,13,13,13.0,13.0,0.0,0.926599660909328,False,True,,1.0,0.0,0.0,13.269537480063796,13.125,13.28719723183391,expert_labels,13,13,13,13.125,0.0,0.0,0.125,0.0,13,0,0,0,3390.625,0.0721687836487032,True,13.041666666666666,0.041666666666666,13.0,0.0,1,w10s_nonoverlap,10 s / 0% overlap
CapnoBase,0331,early_fusion_identity_rawppg_eventdecoder,0,1,2,60.0,120.0,13,13,13.0,13.0,0.0,0.9429812240818132,False,True,,1.0,0.0,0.0,13.732677693339294,13.59375,13.60959651035987,expert_labels,14,14,14,13.59375,0.0,0.0,0.40625,0.0,14,0,0,0,2695.3125,0.2345485468582854,True,13.864583333333334,0.135416666666666,14.0,0.0,1,w10s_nonoverlap,10 s / 0% overlap
CapnoBase,0331,early_fusion_identity_rawppg_eventdecoder,0,1,3,120.0,180.0,14,14,14.0,14.0,0.0,0.9613176318390312,False,True,,1.0,0.0,0.0,14.225985710505425,14.53125,14.228302693458744,expert_labels,14,14,14,14.53125,0.0,0.0,0.53125,0.0,14,0,0,0,2492.1875,0.3067173305069887,True,14.177083333333334,0.1770833333333339,14.0,0.0,1,w10s_nonoverlap,10 s / 0% overlap
CapnoBase,0331,early_fusion_identity_rawppg_eventdecoder,0,1,4,180.0,240.0,14,14,14.0,14.0,0.0,0.9399152787524824,False,True,,1.0,0.0,0.0,14.68235294117647,15.0,14.688524590163931,expert_labels,15,15,15,15.0,0.0,0.0,0.0,0.0,14,1,1,2,1960.9375,0.0,True,15.0,0.0,15.0,0.0,1,w10s_nonoverlap,10 s / 0% overlap
CapnoBase,0331,early_fusion_identity_rawppg_eventdecoder,0,1,5,240.0,300.0,15,16,15.0,16.0,1.0,0.9413785279530098,False,True,,1.0,0.0,0.0,15.531886207361469,15.46875,15.5330829240104,expert_labels,15,15,15,15.46875,0.0,0.0,0.46875,0.0,15,0,0,0,2500.0,0.2706329386826371,True,15.15625,0.15625,15.0,0.0,1,w10s_nonoverlap,10 s / 0% overlap
CapnoBase,0331,early_fusion_identity_rawppg_eventdecoder,0,1,6,300.0,360.0,15,15,15.0,15.0,0.0,0.9708511630576436,False,True,,1.0,0.0,0.0,15.075715086932137,15.0,15.099002949024014,expert_labels,15,15,15,15.0,0.0,0.0,0.0,0.0,15,0,0,0,2789.0625,0.0,True,15.0,0.0,15.0,0.0,1,w10s_nonoverlap,10 s / 0% overlap
CapnoBase,0331,early_fusion_identity_rawppg_eventdecoder,0,1,7,360.0,420.0,14,14,14.0,14.0,0.0,0.9562941584820104,False,True,,1.0,0.0,0.0,13.622595169873108,13.59375,13.761543762922122,expert_labels,14,14,14,13.59375,0.0,0.0,0.40625,0.0,14,0,0,0,2382.8125,0.2345485468582854,True,13.864583333333334,0.135416666666666,14.0,0.0,1,w10s_nonoverlap,10 s / 0% overlap
CapnoBase,0331,early_fusion_identity_rawppg_eventdecoder,0,1,8,420.0,480.0,14,14,14.0,14.0,0.0,0.9324966272883396,False,True,,0.987890625,0.0,0.0,14.613583138173302,14.53125,14.413165872672153,expert_labels,14,14,14,14.53125,0.0,0.0,0.53125,0.0,14,0,0,0,2179.6875,0.3067173305069887,True,14.177083333333334,0.1770833333333339,14.0,0.0,1,w10s_nonoverlap,10 s / 0% overlap
CapnoBase,0332,early_fusion_identity_rawppg_eventdecoder,0,1,1,0.0,60.0,26,20,26.0,20.0,6.0,0.3689352199848461,False,True,,1.0,0.0,0.0,27.16734693877552,27.1875,27.20806649407276,expert_labels,27,25,19,20.15625,2.0,8.0,6.84375,-2.0,23,4,2,6,4757.8125,3.183259025092575,True,21.385416666666668,5.614583333333332,20.15625,6.84375,1,w10s_nonoverlap,10 s / 0% overlap
CapnoBase,0332,early_fusion_identity_rawppg_eventdecoder,0,1,2,60.0,120.0,26,21,26.0,21.0,5.0,0.4578947752184853,False,True,,1.0,0.0,0.0,26.7739340305712,26.71875,26.741663318601848,expert_labels,27,27,20,21.09375,0.0,7.0,5.90625,0.0,26,1,1,2,5320.3125,3.7656358056553128,True,22.697916666666668,4.302083333333332,21.09375,5.90625,1,w10s_nonoverlap,10 s / 0% overlap
CapnoBase,0332,early_fusion_identity_rawppg_eventdecoder,0,1,3,120.0,180.0,27,20,27.0,20.0,7.0,0.3070147420936089,False,True,,1.0,0.0,0.0,28.37688044338876,28.59375,28.405479452054795,expert_labels,28,27,19,21.5625,1.0,9.0,6.4375,-1.0,26,2,1,3,5445.3125,4.085193028895127,False,,,21.5625,6.4375,1,w10s_nonoverlap,10 s / 0% overlap
CapnoBase,0332,early_fusion_identity_rawppg_eventdecoder,0,1,4,180.0,240.0,29,20,29.0,20.0,9.0,0.1639179813893507,False,True,,1.0,0.0,0.0,29.60760016522098,29.53125,29.593409513685888,expert_labels,30,25,19,20.15625,5.0,11.0,9.84375,-5.0,24,6,1,7,4468.75,3.183259025092575,True,21.385416666666668,8.614583333333332,20.15625,9.84375,1,w10s_nonoverlap,10 s / 0% overlap
CapnoBase,0332,early_fusion_identity_rawppg_eventdecoder,0,1,5,240.0,300.0,19,19,19.0,19.0,0.0,0.6456503299702698,False,True,,1.0,0.0,0.0,22.212581344902382,20.15625,19.443037974683545,expert_labels,19,20,19,19.6875,1.0,0.0,0.6875,1.0,14,5,6,11,3187.5,0.5115845482420281,True,19.5625,0.5625,19.6875,0.6875,1,w10s_nonoverlap,10 s / 0% overlap
CapnoBase,0332,early_fusion_identity_rawppg_eventdecoder,0,1,6,300.0,360.0,15,15,15.0,15.0,0.0,0.0357112627358468,False,True,,1.0,0.0,0.0,13.83783783783784,8.4375,15.870110701107013,expert_labels,15,19,15,6.09375,4.0,0.0,8.90625,4.0,6,9,13,22,2218.75,6.60672104911607,False,,,15.0,0.0,1,w10s_nonoverlap,10 s / 0% overlap
CapnoBase,0332,early_fusion_identity_rawppg_eventdecoder,0,1,7,360.0,420.0,10,16,10.0,16.0,6.0,0.2416200017342789,False,True,,1.0,0.0,0.0,10.047095761381476,10.3125,10.152015862524784,expert_labels,11,15,13,10.3125,4.0,2.0,0.6875,4.0,7,4,8,12,2929.6875,2.352137768782546,True,12.770833333333334,1.770833333333334,13.0,2.0,1,w10s_nonoverlap,10 s / 0% overlap
CapnoBase,0332,early_fusion_identity_rawppg_eventdecoder,0,1,8,420.0,480.0,10,15,10.0,15.0,5.0,0.1406610377767158,False,True,,0.9940104166666668,0.0,0.0,9.790368271954677,9.375,9.74773917182294,expert_labels,9,10,9,9.375,1.0,0.0,0.375,1.0,3,6,7,13,1453.125,0.5051814855409226,True,9.458333333333334,0.4583333333333339,9.375,0.375,1,w10s_nonoverlap,10 s / 0% overlap
CapnoBase,0333,early_fusion_identity_rawppg_eventdecoder,0,1,1,0.0,60.0,9,11,9.0,11.0,2.0,0.957720755935088,False,True,,0.959765625,0.0,0.0,10.06260008734896,9.84375,9.997107318484236,expert_labels,10,10,10,9.84375,0.0,0.0,0.15625,0.0,10,0,1,1,4242.1875,0.090210979560879,True,9.947916666666666,0.0520833333333339,10.0,0.0,1,w10s_nonoverlap,10 s / 0% overlap
CapnoBase,0333,early_fusion_identity_rawppg_eventdecoder,0,1,2,60.0,120.0,10,11,10.0,11.0,1.0,0.9577965135758492,False,True,,1.0,0.0,0.0,9.989882931059402,9.84375,10.002894356005788,expert_labels,10,11,10,9.84375,1.0,0.0,0.15625,1.0,9,1,1,2,3695.3125,0.6273393718713979,True,10.28125,0.28125,10.0,0.0,1,w10s_nonoverlap,10 s / 0% overlap
CapnoBase,0333,early_fusion_identity_rawppg_eventdecoder,0,1,3,120.0,180.0,10,10,10.0,10.0,0.0,0.9499426504462783,False,True,,1.0,0.0,0.0,9.989882931059402,9.84375,9.972586928293175,expert_labels,10,10,10,9.84375,0.0,0.0,0.15625,0.0,10,0,0,0,3125.0,0.090210979560879,True,9.947916666666666,0.0520833333333339,10.0,0.0,1,w10s_nonoverlap,10 s / 0% overlap
CapnoBase,0333,early_fusion_identity_rawppg_eventdecoder,0,1,4,180.0,240.0,10,11,10.0,11.0,1.0,0.9646261553624536,False,True,,1.0,0.0,0.0,9.991326973113615,9.84375,9.9855533082924,expert_labels,10,9,10,9.84375,1.0,0.0,0.15625,-1.0,10,0,0,0,4007.8125,0.5379479722364732,True,9.614583333333334,0.3854166666666661,9.84375,0.15625,1,w10s_nonoverlap,10 s / 0% overlap
CapnoBase,0333,early_fusion_identity_rawppg_eventdecoder,0,1,5,240.0,300.0,10,11,10.0,11.0,1.0,0.9537936519453268,False,True,,1.0,0.0,0.0,10.0,9.84375,9.978345604157644,expert_labels,10,12,10,9.84375,2.0,0.0,0.15625,2.0,10,0,1,1,3179.6875,1.2023468804106965,True,10.614583333333334,0.6145833333333339,10.0,0.0,1,w10s_nonoverlap,10 s / 0% overlap
CapnoBase,0333,early_fusion_identity_rawppg_eventdecoder,0,1,6,300.0,360.0,10,12,10.0,12.0,2.0,0.9384891487433056,False,True,,1.0,0.0,0.0,9.9985534500217,9.84375,9.997107318484236,expert_labels,10,9,11,9.84375,1.0,1.0,0.15625,-1.0,9,1,1,2,3601.5625,1.0040607655084095,True,9.947916666666666,0.0520833333333339,9.84375,0.15625,1,w10s_nonoverlap,10 s / 0% overlap
CapnoBase,0333,early_fusion_identity_rawppg_eventdecoder,0,1,7,360.0,420.0,10,15,10.0,15.0,5.0,0.7099865424432525,False,True,,1.0,0.0,0.06171875,9.988439306358382,9.84375,10.0,expert_labels,10,17,14,9.84375,7.0,4.0,0.15625,7.0,10,0,6,6,7835.9375,3.593659419148305,True,13.614583333333334,3.614583333333334,14.0,4.0,1,w10s_nonoverlap,10 s / 0% overlap
CapnoBase,0333,early_fusion_identity_rawppg_eventdecoder,0,1,8,420.0,480.0,10,10,10.0,10.0,0.0,0.9585639097264758,False,True,,1.0,0.0,0.0,9.989882931059402,9.84375,9.989882931059402,expert_labels,10,10,9,9.84375,0.0,1.0,0.15625,0.0,9,1,1,2,3859.375,0.5379479722364732,True,9.614583333333334,0.3854166666666661,9.84375,0.15625,1,w10s_nonoverlap,10 s / 0% overlap
CapnoBase,0370,early_fusion_identity_rawppg_eventdecoder,0,3,1,60.0,120.0,12,18,12.0,18.0,6.0,0.3407011301844952,False,True,,1.0,0.0,0.1263020833333333,15.53956834532374,15.9375,15.988896599583622,expert_labels,10,19,17,6.09375,9.0,7.0,3.90625,9.0,10,0,9,9,6398.4375,6.9464328750445725,False,,,17.0,7.0,1,w10s_nonoverlap,10 s / 0% overlap
CapnoBase,0370,early_fusion_identity_rawppg_eventdecoder,0,3,2,120.0,180.0,9,15,9.0,15.0,6.0,-0.1065498990883313,False,True,,1.0,0.0,0.0,13.014191908493965,4.6875,8.452331820057779,expert_labels,9,14,12,12.65625,5.0,3.0,3.65625,5.0,7,2,7,9,5289.0625,1.0195038110930892,True,12.885416666666666,3.885416666666666,12.65625,3.65625,1,w10s_nonoverlap,10 s / 0% overlap
CapnoBase,0370,early_fusion_identity_rawppg_eventdecoder,0,3,3,180.0,240.0,8,12,8.0,12.0,4.0,-0.2181439925805979,False,False,ref_rr_undefined,1.0,0.0,0.0,6.973893303064699,4.21875,,expert_labels,1,12,10,6.09375,11.0,9.0,5.09375,11.0,1,0,11,11,632.8125,3.00395789265318,True,9.364583333333334,8.364583333333334,10.0,9.0,1,w10s_nonoverlap,10 s / 0% overlap
CapnoBase,0370,early_fusion_identity_rawppg_eventdecoder,0,3,4,240.0,300.0,9,13,9.0,13.0,4.0,0.4896571279467346,False,True,,1.0,0.0,0.0,8.757126567844926,11.71875,9.014084507042254,expert_labels,9,14,14,12.65625,5.0,5.0,3.65625,5.0,7,2,7,9,3804.6875,0.7758144242235596,True,13.552083333333334,4.552083333333334,14.0,5.0,1,w10s_nonoverlap,10 s / 0% overlap
CapnoBase,0370,early_fusion_identity_rawppg_eventdecoder,0,3,5,300.0,360.0,10,18,10.0,18.0,8.0,0.74030201366117,False,True,,1.0,0.0,0.0,9.892657793044224,9.84375,9.906836749319192,expert_labels,10,10,11,9.84375,0.0,1.0,0.15625,0.0,10,0,1,1,4484.375,0.6273393718713979,True,10.28125,0.28125,10.0,0.0,1,w10s_nonoverlap,10 s / 0% overlap
CapnoBase,0370,early_fusion_identity_rawppg_eventdecoder,0,3,6,360.0,420.0,9,17,9.0,17.0,8.0,0.4894752329354168,False,True,,1.0,0.0,0.0,8.757126567844926,8.4375,8.650040225261463,expert_labels,8,19,14,8.4375,11.0,6.0,0.4375,11.0,8,0,10,10,3562.5,5.283745712087212,False,,,14.0,6.0,1,w10s_nonoverlap,10 s / 0% overlap
CapnoBase,0370,early_fusion_identity_rawppg_eventdecoder,0,3,7,420.0,480.0,10,19,10.0,19.0,9.0,0.642054563362212,False,True,,0.9751302083333332,0.0,0.0,9.667977970102282,9.84375,9.70241437394722,expert_labels,10,18,12,9.84375,8.0,2.0,0.15625,8.0,10,0,8,8,4796.875,4.22638198551669,False,,,12.0,2.0,1,w10s_nonoverlap,10 s / 0% overlap
