Dataset,Subject,Model,Segment_ID,Coverage_Run_Index,RR_Window_Index,RR_Window_Start_Sec,RR_Window_End_Sec,Target_Breath_Count,Prediction_Breath_Count,Target_RR_BPM_Counting,Prediction_RR_BPM_Counting,RR_AE_BPM_Counting,PCC_60s_Counting,Discordant_Legacy,Ref_Valid,Ref_Exclusion_Reason,Ref_Structural_Fraction,Ref_Artifact_Label_Fraction,PPG_Artifact_Label_Fraction,Ref_RR_CtO,Ref_RR_FFT,Ref_RR_Label,GT_Source,GT_Breath_Count,Pred_Event_Count,Pred_Wave_CtO_Count,Pred_Wave_FFT_RR,AE_Event,AE_Wave_CtO,AE_Wave_FFT,Signed_Error_Event,Peak_TP,Peak_Missed,Peak_Extra,Peak_Wrong,Peak_Timing_Error_Sum_ms,SF_Estimates_SD,SF_Retained,SF_Fused_RR,AE_SmartFusion,Median3_RR,AE_Median3,Window_Order,Window_Config,Window_Label
BIDMC,01,early_fusion_identity_noresidual_rawppg_eventdecoder,0,1,1,0.0,60.0,22,22,22.0,22.0,0.0,0.6076887450327778,False,True,,1.0,0.0,0.0,22.98775510204082,23.4375,,detected_breaths,22,21,22,21.5625,1.0,0.0,0.4375,-1.0,19,3,2,5,6492.1875,0.5013003923131651,True,21.52083333333333,0.4791666666666678,21.5625,0.4375,1,w10s_nonoverlap,10 s / 0% overlap
BIDMC,01,early_fusion_identity_noresidual_rawppg_eventdecoder,0,1,2,60.0,120.0,22,20,22.0,20.0,2.0,0.2670109646896869,False,True,,1.0,0.0,0.0,21.97874080130826,22.5,,detected_breaths,22,19,17,21.5625,3.0,5.0,0.4375,-3.0,14,8,5,13,5429.6875,2.2870218079414983,True,19.1875,2.8125,19.0,3.0,1,w10s_nonoverlap,10 s / 0% overlap
BIDMC,01,early_fusion_identity_noresidual_rawppg_eventdecoder,0,1,3,120.0,180.0,21,21,21.0,21.0,0.0,0.7379230896741926,False,True,,1.0,0.0,0.0,21.02093882578349,21.5625,,detected_breaths,21,22,21,21.5625,1.0,0.0,0.5625,1.0,21,0,0,0,8257.8125,0.5013003923131651,True,21.52083333333333,0.5208333333333321,21.5625,0.5625,1,w10s_nonoverlap,10 s / 0% overlap
BIDMC,01,early_fusion_identity_noresidual_rawppg_eventdecoder,0,1,4,180.0,240.0,21,21,21.0,21.0,0.0,0.7389758917471381,False,True,,1.0,0.0,0.0,21.107599285419816,21.09375,,detected_breaths,22,20,21,21.09375,2.0,1.0,0.90625,-2.0,21,1,1,2,7507.8125,0.6062285219563109,True,20.697916666666668,1.302083333333332,21.0,1.0,1,w10s_nonoverlap,10 s / 0% overlap
BIDMC,01,early_fusion_identity_noresidual_rawppg_eventdecoder,0,1,5,240.0,300.0,21,21,21.0,21.0,0.0,0.8192221598355313,False,True,,1.0,0.0,0.0,20.684082951791005,20.625,,detected_breaths,20,22,20,20.625,2.0,0.0,0.625,2.0,19,1,2,3,6351.5625,1.0231690964840563,True,20.875,0.875,20.625,0.625,1,w10s_nonoverlap,10 s / 0% overlap
BIDMC,01,early_fusion_identity_noresidual_rawppg_eventdecoder,0,1,6,300.0,360.0,20,20,20.0,20.0,0.0,0.7829413741317283,False,True,,1.0,0.0,0.0,20.377042312526186,20.625,,detected_breaths,21,20,20,20.625,1.0,1.0,0.375,-1.0,20,1,1,2,7218.75,0.3608439182435161,True,20.20833333333333,0.7916666666666679,20.0,1.0,1,w10s_nonoverlap,10 s / 0% overlap
BIDMC,01,early_fusion_identity_noresidual_rawppg_eventdecoder,0,1,7,360.0,420.0,20,21,20.0,21.0,1.0,0.7267483888918276,False,True,,1.0,0.0,0.0,20.99507927829415,21.09375,,detected_breaths,21,22,20,21.09375,1.0,1.0,0.09375,1.0,18,3,3,6,7539.0625,1.0014637724351292,True,21.03125,0.03125,21.09375,0.09375,1,w10s_nonoverlap,10 s / 0% overlap
BIDMC,01,early_fusion_identity_noresidual_rawppg_eventdecoder,0,1,8,420.0,480.0,20,20,20.0,20.0,0.0,0.7996560805756928,False,True,,1.0,0.0,0.0,21.125017191583,21.09375,,detected_breaths,20,21,18,21.09375,1.0,2.0,1.09375,1.0,19,1,2,3,5835.9375,1.759738528162636,True,20.03125,0.03125,21.0,1.0,1,w10s_nonoverlap,10 s / 0% overlap
BIDMC,02,early_fusion_identity_noresidual_rawppg_eventdecoder,0,1,1,0.0,60.0,16,18,16.0,18.0,2.0,0.6698943673124409,False,True,,1.0,0.0,0.0,16.035634743875278,15.9375,,detected_breaths,16,20,17,15.9375,4.0,1.0,0.0625,4.0,15,1,5,6,6742.1875,2.106846478349415,True,17.645833333333332,1.645833333333332,17.0,1.0,1,w10s_nonoverlap,10 s / 0% overlap
BIDMC,02,early_fusion_identity_noresidual_rawppg_eventdecoder,0,1,2,60.0,120.0,15,16,15.0,16.0,1.0,0.5465428734500435,False,True,,1.0,0.0,0.0,15.122362869198312,15.0,,detected_breaths,15,16,17,15.0,1.0,2.0,0.0,1.0,15,0,2,2,7601.5625,1.0,True,16.0,1.0,16.0,1.0,1,w10s_nonoverlap,10 s / 0% overlap
BIDMC,02,early_fusion_identity_noresidual_rawppg_eventdecoder,0,1,3,120.0,180.0,16,19,16.0,19.0,3.0,0.5211880410987038,False,True,,1.0,0.0,0.0,14.95618305744888,15.9375,,detected_breaths,15,18,17,15.9375,3.0,2.0,0.9375,3.0,13,2,5,7,4257.8125,1.0314078162072136,True,16.979166666666668,1.979166666666668,17.0,2.0,1,w10s_nonoverlap,10 s / 0% overlap
BIDMC,02,early_fusion_identity_noresidual_rawppg_eventdecoder,0,1,4,180.0,240.0,16,19,16.0,19.0,3.0,0.4385215146665682,False,True,,1.0,0.0,0.0,15.368196371398078,15.46875,,detected_breaths,15,18,17,15.46875,3.0,2.0,0.46875,3.0,11,4,6,10,4500.0,1.2748825517800977,True,16.822916666666668,1.822916666666668,17.0,2.0,1,w10s_nonoverlap,10 s / 0% overlap
BIDMC,02,early_fusion_identity_noresidual_rawppg_eventdecoder,0,1,5,240.0,300.0,15,18,15.0,18.0,3.0,0.6024936382285773,False,True,,1.0,0.0,0.0,14.964509394572026,14.53125,,detected_breaths,15,18,15,15.0,3.0,0.0,0.0,3.0,14,1,4,5,4742.1875,1.7320508075688772,True,16.0,1.0,15.0,0.0,1,w10s_nonoverlap,10 s / 0% overlap
BIDMC,02,early_fusion_identity_noresidual_rawppg_eventdecoder,0,1,6,300.0,360.0,16,19,16.0,19.0,3.0,0.3949787940244743,False,True,,1.0,0.0,0.0,16.756363636363638,15.9375,,detected_breaths,17,19,19,16.40625,2.0,2.0,0.59375,2.0,14,3,5,8,8046.875,1.4975022607105917,True,18.135416666666668,1.135416666666668,19.0,2.0,1,w10s_nonoverlap,10 s / 0% overlap
BIDMC,02,early_fusion_identity_noresidual_rawppg_eventdecoder,0,1,7,360.0,420.0,15,21,15.0,21.0,6.0,0.3973760191966852,False,True,,1.0,0.0,0.0,14.48470968611074,14.0625,,detected_breaths,14,20,18,18.28125,6.0,4.0,4.28125,6.0,13,1,7,8,3890.625,1.082682095923514,True,18.760416666666668,4.760416666666668,18.28125,4.28125,1,w10s_nonoverlap,10 s / 0% overlap
BIDMC,02,early_fusion_identity_noresidual_rawppg_eventdecoder,0,1,8,420.0,480.0,15,19,15.0,19.0,4.0,0.4974070947078493,False,True,,1.0,0.0,0.0,15.412844036697248,15.46875,,detected_breaths,15,20,18,15.0,5.0,3.0,0.0,5.0,14,1,6,7,6742.1875,2.516611478423584,True,17.666666666666668,2.666666666666668,18.0,3.0,1,w10s_nonoverlap,10 s / 0% overlap
BIDMC,03,early_fusion_identity_noresidual_rawppg_eventdecoder,0,1,1,0.0,60.0,18,18,18.0,18.0,0.0,0.8001438540318268,False,True,,1.0,0.0,0.0,17.48025170705583,17.34375,,detected_breaths,17,20,17,17.34375,3.0,0.0,0.34375,3.0,17,0,3,3,4804.6875,1.6418398280079982,True,18.11458333333333,1.114583333333332,17.34375,0.34375,1,w10s_nonoverlap,10 s / 0% overlap
BIDMC,03,early_fusion_identity_noresidual_rawppg_eventdecoder,0,1,2,60.0,120.0,17,18,17.0,18.0,1.0,0.7925616266193957,False,True,,1.0,0.0,0.0,16.855967078189302,17.8125,,detected_breaths,17,19,18,17.8125,2.0,1.0,0.8125,2.0,16,1,3,4,2554.6875,0.6383980602518567,True,18.27083333333333,1.270833333333332,18.0,1.0,1,w10s_nonoverlap,10 s / 0% overlap
BIDMC,03,early_fusion_identity_noresidual_rawppg_eventdecoder,0,1,3,120.0,180.0,18,19,18.0,19.0,1.0,0.7151407876914365,False,True,,1.0,0.0,0.0,18.672768878718536,19.21875,,detected_breaths,18,20,18,19.21875,2.0,0.0,1.21875,2.0,17,1,3,4,3718.75,1.0079437091590646,True,19.072916666666668,1.072916666666668,19.21875,1.21875,1,w10s_nonoverlap,10 s / 0% overlap
BIDMC,03,early_fusion_identity_noresidual_rawppg_eventdecoder,0,1,4,180.0,240.0,18,18,18.0,18.0,0.0,0.701106119319002,False,True,,1.0,0.0,0.0,17.758433079434166,17.8125,,detected_breaths,18,19,18,17.8125,1.0,0.0,0.1875,1.0,16,2,3,5,4523.4375,0.6383980602518567,True,18.27083333333333,0.2708333333333321,18.0,0.0,1,w10s_nonoverlap,10 s / 0% overlap
BIDMC,03,early_fusion_identity_noresidual_rawppg_eventdecoder,0,1,5,240.0,300.0,18,18,18.0,18.0,0.0,0.9594720922970124,False,True,,1.0,0.0,0.0,17.77777777777778,17.8125,,detected_breaths,18,18,18,17.8125,0.0,0.0,0.1875,0.0,18,0,0,0,3242.1875,0.1082531754730548,True,17.9375,0.0625,18.0,0.0,1,w10s_nonoverlap,10 s / 0% overlap
BIDMC,03,early_fusion_identity_noresidual_rawppg_eventdecoder,0,1,6,300.0,360.0,17,18,17.0,18.0,1.0,0.7820442992140624,False,True,,1.0,0.0,0.0,17.79064716953815,17.8125,,detected_breaths,18,19,19,17.8125,1.0,1.0,0.1875,1.0,17,1,2,3,3781.25,0.6856034446626805,True,18.604166666666668,0.6041666666666679,19.0,1.0,1,w10s_nonoverlap,10 s / 0% overlap
BIDMC,03,early_fusion_identity_noresidual_rawppg_eventdecoder,0,1,7,360.0,420.0,17,17,17.0,17.0,0.0,0.9473667826182371,False,True,,1.0,0.0,0.0,17.976042957455597,18.75,,detected_breaths,18,19,18,18.75,1.0,0.0,0.75,1.0,18,0,1,1,2835.9375,0.5204164998665332,True,18.58333333333333,0.5833333333333321,18.75,0.75,1,w10s_nonoverlap,10 s / 0% overlap
BIDMC,03,early_fusion_identity_noresidual_rawppg_eventdecoder,0,1,8,420.0,480.0,17,18,17.0,18.0,1.0,0.7233666037789079,False,True,,1.0,0.0,0.0,16.937284631288765,17.34375,,detected_breaths,16,18,16,16.875,2.0,0.0,0.875,2.0,15,1,3,4,3289.0625,1.0026007846263305,True,16.958333333333332,0.958333333333332,16.875,0.875,1,w10s_nonoverlap,10 s / 0% overlap
BIDMC,04,early_fusion_identity_noresidual_rawppg_eventdecoder,0,1,1,0.0,60.0,16,18,16.0,18.0,2.0,0.727631712699678,False,True,,1.0,0.0,0.0,17.21065119957817,16.40625,,detected_breaths,17,18,18,16.40625,1.0,1.0,0.59375,1.0,16,1,2,3,4460.9375,0.920151991520966,True,17.46875,0.46875,18.0,1.0,1,w10s_nonoverlap,10 s / 0% overlap
BIDMC,04,early_fusion_identity_noresidual_rawppg_eventdecoder,0,1,2,60.0,120.0,16,17,16.0,17.0,1.0,0.7322671645590129,False,True,,1.0,0.0,0.0,16.700492896491735,16.40625,,detected_breaths,17,18,17,16.875,1.0,0.0,0.125,1.0,17,0,1,1,5984.375,0.6166103577895309,True,17.291666666666668,0.2916666666666678,17.0,0.0,1,w10s_nonoverlap,10 s / 0% overlap
BIDMC,04,early_fusion_identity_noresidual_rawppg_eventdecoder,0,1,3,120.0,180.0,17,17,17.0,17.0,0.0,0.7477017818459977,False,True,,1.0,0.0,0.0,17.026465290286822,17.34375,,detected_breaths,17,18,17,17.34375,1.0,0.0,0.34375,1.0,17,0,1,1,5867.1875,0.5080728499273832,True,17.447916666666668,0.4479166666666678,17.34375,0.34375,1,w10s_nonoverlap,10 s / 0% overlap
BIDMC,04,early_fusion_identity_noresidual_rawppg_eventdecoder,0,1,4,180.0,240.0,17,17,17.0,17.0,0.0,0.7285863165204136,False,True,,1.0,0.0,0.0,16.75712532387836,16.875,,detected_breaths,16,16,16,16.875,0.0,0.0,0.875,0.0,16,0,0,0,4539.0625,0.5051814855409226,True,16.291666666666668,0.2916666666666678,16.0,0.0,1,w10s_nonoverlap,10 s / 0% overlap
BIDMC,04,early_fusion_identity_noresidual_rawppg_eventdecoder,0,1,5,240.0,300.0,17,16,17.0,16.0,1.0,0.6884923164647696,False,True,,1.0,0.0,0.0,16.008893829905503,16.40625,,detected_breaths,16,17,16,16.40625,1.0,0.0,0.40625,1.0,15,1,2,3,4609.375,0.5029211543572213,True,16.46875,0.46875,16.40625,0.40625,1,w10s_nonoverlap,10 s / 0% overlap
BIDMC,04,early_fusion_identity_noresidual_rawppg_eventdecoder,0,1,6,300.0,360.0,17,17,17.0,17.0,0.0,0.5651564012351751,False,True,,1.0,0.0,0.0,17.57437070938215,16.40625,,detected_breaths,18,18,17,19.6875,0.0,1.0,1.6875,0.0,13,5,5,10,3304.6875,1.3583269427252531,True,18.229166666666668,0.2291666666666678,18.0,0.0,1,w10s_nonoverlap,10 s / 0% overlap
BIDMC,04,early_fusion_identity_noresidual_rawppg_eventdecoder,0,1,7,360.0,420.0,16,19,16.0,19.0,3.0,0.6736338827054134,False,True,,1.0,0.0,0.0,15.900621118012422,16.40625,,detected_breaths,16,18,17,16.40625,2.0,1.0,0.40625,2.0,13,3,5,8,3343.75,0.8054582675926377,True,17.135416666666668,1.135416666666668,17.0,1.0,1,w10s_nonoverlap,10 s / 0% overlap
BIDMC,04,early_fusion_identity_noresidual_rawppg_eventdecoder,0,1,8,420.0,480.0,15,18,15.0,18.0,3.0,0.8481673170525215,True,True,,1.0,0.0,0.0,15.765395894428153,15.9375,,detected_breaths,15,18,17,15.9375,3.0,2.0,0.9375,3.0,14,1,4,5,3328.125,1.0314078162072136,True,16.979166666666668,1.979166666666668,17.0,2.0,1,w10s_nonoverlap,10 s / 0% overlap
BIDMC,05,early_fusion_identity_noresidual_rawppg_eventdecoder,0,1,1,0.0,60.0,12,19,12.0,19.0,7.0,0.5416408139466021,False,True,,1.0,0.0,0.0,10.42628292153136,12.1875,,detected_breaths,11,16,13,12.1875,5.0,2.0,1.1875,5.0,9,2,7,9,3539.0625,2.008121531016819,True,13.729166666666666,2.729166666666666,13.0,2.0,1,w10s_nonoverlap,10 s / 0% overlap
BIDMC,05,early_fusion_identity_noresidual_rawppg_eventdecoder,0,1,2,60.0,120.0,12,17,12.0,17.0,5.0,0.513785361223476,False,False,ref_disagreement,1.0,0.0,0.0,9.896907216494846,6.5625,,detected_breaths,10,16,15,17.8125,6.0,5.0,7.8125,6.0,8,2,8,10,4492.1875,1.425676009243802,True,16.270833333333332,6.270833333333332,16.0,6.0,1,w10s_nonoverlap,10 s / 0% overlap
BIDMC,05,early_fusion_identity_noresidual_rawppg_eventdecoder,0,2,1,130.0,190.0,12,18,12.0,18.0,6.0,0.3890125409289891,False,False,ref_disagreement,1.0,0.0,0.0,9.916786226685796,12.1875,,detected_breaths,9,18,16,15.9375,9.0,7.0,6.9375,9.0,9,0,9,9,5140.625,1.1731590187750909,True,16.645833333333332,7.645833333333332,16.0,7.0,1,w10s_nonoverlap,10 s / 0% overlap
BIDMC,05,early_fusion_identity_noresidual_rawppg_eventdecoder,0,2,2,190.0,250.0,11,18,11.0,18.0,7.0,0.572589264111268,False,True,,1.0,0.0,0.0,10.434782608695652,10.78125,,detected_breaths,11,17,17,10.78125,6.0,6.0,0.21875,6.0,11,0,6,6,6085.9375,3.590396986522985,True,14.927083333333334,3.927083333333334,17.0,6.0,1,w10s_nonoverlap,10 s / 0% overlap
BIDMC,05,early_fusion_identity_noresidual_rawppg_eventdecoder,0,2,3,250.0,310.0,12,18,12.0,18.0,6.0,0.715614866946094,False,False,ref_disagreement,1.0,0.0,0.0,7.615809604759881,14.0625,,detected_breaths,8,17,16,11.71875,9.0,8.0,3.71875,9.0,7,1,10,11,3367.1875,2.805372914159542,True,14.90625,6.90625,16.0,8.0,1,w10s_nonoverlap,10 s / 0% overlap
BIDMC,05,early_fusion_identity_noresidual_rawppg_eventdecoder,0,2,4,310.0,370.0,11,20,11.0,20.0,9.0,0.7055414187416476,False,False,ref_disagreement,1.0,0.0,0.0,9.276762796315868,12.1875,,detected_breaths,9,20,17,18.28125,11.0,8.0,9.28125,11.0,9,0,10,10,4781.25,1.5053074506004855,True,18.42708333333333,9.427083333333332,18.28125,9.28125,1,w10s_nonoverlap,10 s / 0% overlap
BIDMC,05,early_fusion_identity_noresidual_rawppg_eventdecoder,0,2,5,370.0,430.0,12,16,12.0,16.0,4.0,0.8191681363627268,True,False,ref_disagreement,1.0,0.0,0.0,10.261282660332542,12.65625,,detected_breaths,10,13,13,12.65625,3.0,3.0,2.65625,3.0,9,1,5,6,3960.9375,0.1984641550339338,True,12.885416666666666,2.885416666666666,13.0,3.0,1,w10s_nonoverlap,10 s / 0% overlap
BIDMC,06,early_fusion_identity_noresidual_rawppg_eventdecoder,0,1,1,0.0,60.0,19,19,19.0,19.0,0.0,0.738360769962427,False,True,,1.0,0.0,0.0,20.096405453794244,20.15625,,detected_breaths,20,20,20,20.15625,0.0,0.0,0.15625,0.0,20,0,0,0,8250.0,0.090210979560879,True,20.05208333333333,0.0520833333333321,20.0,0.0,1,w10s_nonoverlap,10 s / 0% overlap
BIDMC,06,early_fusion_identity_noresidual_rawppg_eventdecoder,0,1,2,60.0,120.0,19,19,19.0,19.0,0.0,0.7655561002742157,False,True,,1.0,0.0,0.0,20.03019903912148,20.15625,,detected_breaths,20,20,20,20.15625,0.0,0.0,0.15625,0.0,20,0,0,0,6585.9375,0.090210979560879,True,20.05208333333333,0.0520833333333321,20.0,0.0,1,w10s_nonoverlap,10 s / 0% overlap
BIDMC,06,early_fusion_identity_noresidual_rawppg_eventdecoder,0,1,3,120.0,180.0,19,19,19.0,19.0,0.0,0.8698477050704698,False,True,,1.0,0.0,0.0,20.0082270670506,20.15625,,detected_breaths,20,20,20,20.15625,0.0,0.0,0.15625,0.0,20,0,0,0,5585.9375,0.090210979560879,True,20.05208333333333,0.0520833333333321,20.0,0.0,1,w10s_nonoverlap,10 s / 0% overlap
BIDMC,06,early_fusion_identity_noresidual_rawppg_eventdecoder,0,1,4,180.0,240.0,19,20,19.0,20.0,1.0,0.8229750182329816,False,True,,1.0,0.0,0.0,19.99177969584875,20.15625,,detected_breaths,20,20,20,20.15625,0.0,0.0,0.15625,0.0,19,1,1,2,6445.3125,0.090210979560879,True,20.05208333333333,0.0520833333333321,20.0,0.0,1,w10s_nonoverlap,10 s / 0% overlap
BIDMC,06,early_fusion_identity_noresidual_rawppg_eventdecoder,0,1,5,240.0,300.0,19,19,19.0,19.0,0.0,0.7387414769570049,False,True,,1.0,0.0,0.0,20.027449903925337,20.15625,,detected_breaths,20,20,19,20.15625,0.0,1.0,0.15625,0.0,19,1,1,2,6828.125,0.6273393718713979,True,19.71875,0.28125,20.0,0.0,1,w10s_nonoverlap,10 s / 0% overlap
BIDMC,06,early_fusion_identity_noresidual_rawppg_eventdecoder,0,1,6,300.0,360.0,19,19,19.0,19.0,0.0,0.7362215266980325,False,True,,1.0,0.0,0.0,18.970769864141623,20.15625,,detected_breaths,19,20,20,20.15625,1.0,1.0,1.15625,1.0,17,2,3,5,6109.375,0.090210979560879,True,20.05208333333333,1.052083333333332,20.0,1.0,1,w10s_nonoverlap,10 s / 0% overlap
BIDMC,06,early_fusion_identity_noresidual_rawppg_eventdecoder,0,1,7,360.0,420.0,19,19,19.0,19.0,0.0,0.8785502457082787,False,True,,1.0,0.0,0.0,20.05497526113249,20.15625,,detected_breaths,20,20,20,20.15625,0.0,0.0,0.15625,0.0,20,0,0,0,5726.5625,0.090210979560879,True,20.05208333333333,0.0520833333333321,20.0,0.0,1,w10s_nonoverlap,10 s / 0% overlap
BIDMC,06,early_fusion_identity_noresidual_rawppg_eventdecoder,0,1,8,420.0,480.0,19,19,19.0,19.0,0.0,0.8152680976427071,False,True,,1.0,0.0,0.0,19.994214636968472,20.15625,,detected_breaths,19,20,19,20.15625,1.0,0.0,1.15625,1.0,19,0,1,1,7140.625,0.6273393718713979,True,19.71875,0.71875,20.0,1.0,1,w10s_nonoverlap,10 s / 0% overlap
BIDMC,07,early_fusion_identity_noresidual_rawppg_eventdecoder,0,1,1,0.0,60.0,20,19,20.0,19.0,1.0,0.425677643263661,False,True,,1.0,0.0,0.0,19.96442741825147,20.15625,,detected_breaths,20,20,18,20.15625,0.0,2.0,0.15625,0.0,17,3,3,6,6507.8125,1.2023468804106965,True,19.385416666666668,0.6145833333333321,20.0,0.0,1,w10s_nonoverlap,10 s / 0% overlap
BIDMC,07,early_fusion_identity_noresidual_rawppg_eventdecoder,0,1,2,60.0,120.0,20,19,20.0,19.0,1.0,0.6596204780604712,False,True,,1.0,0.0,0.0,20.038450975006867,20.15625,,detected_breaths,20,20,18,20.15625,0.0,2.0,0.15625,0.0,18,2,2,4,5367.1875,1.2023468804106965,True,19.385416666666668,0.6145833333333321,20.0,0.0,1,w10s_nonoverlap,10 s / 0% overlap
BIDMC,07,early_fusion_identity_noresidual_rawppg_eventdecoder,0,1,3,120.0,180.0,20,21,20.0,21.0,1.0,0.5848073128472124,False,True,,1.0,0.0,0.0,20.00274160383825,20.15625,,detected_breaths,20,20,18,20.15625,0.0,2.0,0.15625,0.0,18,2,2,4,5664.0625,1.2023468804106965,True,19.385416666666668,0.6145833333333321,20.0,0.0,1,w10s_nonoverlap,10 s / 0% overlap
BIDMC,07,early_fusion_identity_noresidual_rawppg_eventdecoder,0,1,4,180.0,240.0,20,19,20.0,19.0,1.0,0.2842810412089392,False,True,,1.0,0.0,0.0,19.96169630642955,20.15625,,detected_breaths,20,20,17,20.15625,0.0,3.0,0.15625,0.0,15,5,5,10,5554.6875,1.7788726825811152,True,19.05208333333333,0.947916666666668,20.0,0.0,1,w10s_nonoverlap,10 s / 0% overlap
BIDMC,07,early_fusion_identity_noresidual_rawppg_eventdecoder,0,1,5,240.0,300.0,20,20,20.0,20.0,0.0,0.461674112276707,False,True,,1.0,0.0,0.0,20.0082270670506,20.15625,,detected_breaths,20,20,17,20.15625,0.0,3.0,0.15625,0.0,16,4,4,8,3625.0,1.7788726825811152,True,19.05208333333333,0.947916666666668,20.0,0.0,1,w10s_nonoverlap,10 s / 0% overlap
BIDMC,07,early_fusion_identity_noresidual_rawppg_eventdecoder,0,1,6,300.0,360.0,20,19,20.0,19.0,1.0,0.2373970004326976,False,True,,1.0,0.0,0.0,19.89334145969831,20.15625,,detected_breaths,19,20,16,13.125,1.0,3.0,5.875,1.0,13,6,7,13,3921.875,3.452806829233283,True,16.375,2.625,16.0,3.0,1,w10s_nonoverlap,10 s / 0% overlap
BIDMC,07,early_fusion_identity_noresidual_rawppg_eventdecoder,0,1,7,360.0,420.0,20,19,20.0,19.0,1.0,0.3688688294433049,False,True,,1.0,0.0,0.0,20.021953896816687,20.15625,,detected_breaths,20,20,20,19.6875,0.0,0.0,0.3125,0.0,16,4,4,8,5609.375,0.180421959121758,True,19.89583333333333,0.1041666666666678,20.0,0.0,1,w10s_nonoverlap,10 s / 0% overlap
BIDMC,07,early_fusion_identity_noresidual_rawppg_eventdecoder,0,1,8,420.0,480.0,20,19,20.0,19.0,1.0,0.4313957111414599,False,True,,1.0,0.0,0.0,19.96169630642955,20.15625,,detected_breaths,20,20,17,19.6875,0.0,3.0,0.3125,0.0,19,1,1,2,6828.125,1.6492580402512316,True,18.89583333333333,1.104166666666668,19.6875,0.3125,1,w10s_nonoverlap,10 s / 0% overlap
BIDMC,08,early_fusion_identity_noresidual_rawppg_eventdecoder,0,1,1,0.0,60.0,21,18,21.0,18.0,3.0,-0.1821701232296528,False,True,,1.0,0.0,0.0,21.25951557093425,19.6875,,detected_breaths,21,22,17,16.875,1.0,4.0,4.125,1.0,9,12,13,25,2828.125,2.923503890881625,True,18.625,2.375,17.0,4.0,1,w10s_nonoverlap,10 s / 0% overlap
BIDMC,08,early_fusion_identity_noresidual_rawppg_eventdecoder,0,1,2,60.0,120.0,21,19,21.0,19.0,2.0,-0.1990285676881273,False,True,,1.0,0.0,0.0,21.530698065601342,21.09375,,detected_breaths,21,23,16,16.875,2.0,5.0,4.125,2.0,7,14,16,30,3054.6875,3.8140365755980894,True,18.625,2.375,16.875,4.125,1,w10s_nonoverlap,10 s / 0% overlap
BIDMC,08,early_fusion_identity_noresidual_rawppg_eventdecoder,0,1,3,120.0,180.0,20,19,20.0,19.0,1.0,-0.4277445379755017,False,True,,1.0,0.0,0.0,20.58690744920993,21.09375,,detected_breaths,20,24,18,16.40625,4.0,2.0,3.59375,4.0,7,13,17,30,2390.625,4.004270181631105,False,,,18.0,2.0,1,w10s_nonoverlap,10 s / 0% overlap
BIDMC,08,early_fusion_identity_noresidual_rawppg_eventdecoder,0,1,4,180.0,240.0,21,17,21.0,17.0,4.0,-0.1678828955155993,False,True,,1.0,0.0,0.0,21.426863292148266,21.5625,,detected_breaths,22,19,14,18.75,3.0,8.0,3.25,-3.0,6,16,13,29,1210.9375,2.817356917396161,True,17.25,4.75,18.75,3.25,1,w10s_nonoverlap,10 s / 0% overlap
BIDMC,08,early_fusion_identity_noresidual_rawppg_eventdecoder,0,1,5,240.0,300.0,21,17,21.0,17.0,4.0,0.0673238702832882,False,True,,1.0,0.0,0.0,21.40468227424749,21.5625,,detected_breaths,21,21,17,15.9375,0.0,4.0,5.0625,0.0,10,11,11,22,4242.1875,2.6695134544207364,True,17.979166666666668,3.020833333333332,17.0,4.0,1,w10s_nonoverlap,10 s / 0% overlap
BIDMC,08,early_fusion_identity_noresidual_rawppg_eventdecoder,0,1,6,300.0,360.0,21,18,21.0,18.0,3.0,-0.099259167199445,False,True,,1.0,0.0,0.0,21.18036403750689,21.5625,,detected_breaths,22,23,19,18.75,1.0,3.0,3.25,1.0,9,13,14,27,3226.5625,2.384848003542364,True,20.25,1.75,19.0,3.0,1,w10s_nonoverlap,10 s / 0% overlap
BIDMC,08,early_fusion_identity_noresidual_rawppg_eventdecoder,0,1,7,360.0,420.0,21,21,21.0,21.0,0.0,-0.0782766561088805,False,True,,1.0,0.0,0.0,20.82994304312449,20.625,,detected_breaths,20,23,15,14.53125,3.0,5.0,5.46875,3.0,9,11,14,25,3023.4375,4.759892385425676,False,,,15.0,5.0,1,w10s_nonoverlap,10 s / 0% overlap
BIDMC,08,early_fusion_identity_noresidual_rawppg_eventdecoder,0,1,8,420.0,480.0,21,20,21.0,20.0,1.0,-0.1737617686346705,False,True,,1.0,0.0,0.0,21.470506010623428,22.03125,,detected_breaths,21,23,15,22.5,2.0,6.0,1.5,2.0,9,12,14,26,4132.8125,4.481443219916251,False,,,22.5,1.5,1,w10s_nonoverlap,10 s / 0% overlap
BIDMC,09,early_fusion_identity_noresidual_rawppg_eventdecoder,0,1,1,0.0,60.0,20,20,20.0,20.0,0.0,0.7363663666725577,False,True,,1.0,0.0,0.0,20.021953896816687,20.15625,,detected_breaths,19,19,20,20.15625,0.0,1.0,1.15625,0.0,19,0,0,0,4843.75,0.6273393718713979,True,19.71875,0.71875,20.0,1.0,1,w10s_nonoverlap,10 s / 0% overlap
BIDMC,09,early_fusion_identity_noresidual_rawppg_eventdecoder,0,1,2,60.0,120.0,20,20,20.0,20.0,0.0,0.5926356139370746,False,True,,1.0,0.0,0.0,20.0,20.15625,,detected_breaths,20,21,18,20.15625,1.0,2.0,0.15625,1.0,19,1,1,2,6898.4375,1.5471117243108203,True,19.71875,0.28125,20.15625,0.15625,1,w10s_nonoverlap,10 s / 0% overlap
BIDMC,09,early_fusion_identity_noresidual_rawppg_eventdecoder,0,1,3,120.0,180.0,20,19,20.0,19.0,1.0,0.5561852060119785,False,True,,1.0,0.0,0.0,19.994519046314057,20.15625,,detected_breaths,20,19,20,20.15625,1.0,0.0,0.15625,-1.0,20,0,0,0,7500.0,0.6273393718713979,True,19.71875,0.28125,20.0,0.0,1,w10s_nonoverlap,10 s / 0% overlap
BIDMC,09,early_fusion_identity_noresidual_rawppg_eventdecoder,0,1,4,180.0,240.0,20,19,20.0,19.0,1.0,0.4684443941611745,False,True,,1.0,0.0,0.0,20.016460905349795,20.15625,,detected_breaths,20,21,20,20.15625,1.0,0.0,0.15625,1.0,19,1,1,2,7023.4375,0.5379479722364732,True,20.385416666666668,0.3854166666666678,20.15625,0.15625,1,w10s_nonoverlap,10 s / 0% overlap
BIDMC,09,early_fusion_identity_noresidual_rawppg_eventdecoder,0,1,5,240.0,300.0,20,19,20.0,19.0,1.0,0.4507851646569999,False,True,,1.0,0.0,0.0,19.997259147594903,20.15625,,detected_breaths,20,20,20,20.15625,0.0,0.0,0.15625,0.0,18,2,2,4,6406.25,0.090210979560879,True,20.05208333333333,0.0520833333333321,20.0,0.0,1,w10s_nonoverlap,10 s / 0% overlap
BIDMC,09,early_fusion_identity_noresidual_rawppg_eventdecoder,0,1,6,300.0,360.0,20,19,20.0,19.0,1.0,0.4044956417978515,False,True,,1.0,0.0,0.0,19.994519046314057,20.15625,,detected_breaths,20,19,19,20.15625,1.0,1.0,0.15625,-1.0,19,1,1,2,7171.875,0.6675612487505048,True,19.385416666666668,0.6145833333333321,19.0,1.0,1,w10s_nonoverlap,10 s / 0% overlap
BIDMC,09,early_fusion_identity_noresidual_rawppg_eventdecoder,0,1,7,360.0,420.0,20,19,20.0,19.0,1.0,0.383246675824464,False,True,,1.0,0.0,0.0,20.0082270670506,20.15625,,detected_breaths,20,21,20,20.15625,1.0,0.0,0.15625,1.0,18,2,2,4,7867.1875,0.5379479722364732,True,20.385416666666668,0.3854166666666678,20.15625,0.15625,1,w10s_nonoverlap,10 s / 0% overlap
BIDMC,09,early_fusion_identity_noresidual_rawppg_eventdecoder,0,1,8,420.0,480.0,20,20,20.0,20.0,0.0,0.6454736351299499,False,True,,1.0,0.0,0.0,19.95896594173164,20.15625,,detected_breaths,20,20,19,20.15625,0.0,1.0,0.15625,0.0,20,0,1,1,6898.4375,0.6273393718713979,True,19.71875,0.28125,20.0,0.0,1,w10s_nonoverlap,10 s / 0% overlap
BIDMC,10,early_fusion_identity_noresidual_rawppg_eventdecoder,0,1,1,0.0,60.0,20,19,20.0,19.0,1.0,0.65266259122572,False,True,,1.0,0.0,0.0,19.84496124031008,18.28125,,detected_breaths,20,18,17,18.28125,2.0,3.0,1.71875,-2.0,15,5,3,8,3781.25,0.6733873482872493,True,17.760416666666668,2.239583333333332,18.0,2.0,1,w10s_nonoverlap,10 s / 0% overlap
BIDMC,10,early_fusion_identity_noresidual_rawppg_eventdecoder,0,1,2,60.0,120.0,18,19,18.0,19.0,1.0,0.9473570859468596,False,True,,1.0,0.0,0.0,18.615674656611905,18.75,,detected_breaths,19,19,19,18.75,0.0,0.0,0.25,0.0,19,0,0,0,3515.625,0.1443375672974064,True,18.916666666666668,0.0833333333333321,19.0,0.0,1,w10s_nonoverlap,10 s / 0% overlap
BIDMC,10,early_fusion_identity_noresidual_rawppg_eventdecoder,0,1,3,120.0,180.0,18,20,18.0,20.0,2.0,0.6500469802723372,False,True,,1.0,0.0,0.0,18.553360807162143,18.28125,,detected_breaths,18,20,20,19.21875,2.0,2.0,1.21875,2.0,13,5,7,12,3593.75,0.4510548978043951,True,19.73958333333333,1.739583333333332,20.0,2.0,1,w10s_nonoverlap,10 s / 0% overlap
BIDMC,10,early_fusion_identity_noresidual_rawppg_eventdecoder,0,1,4,180.0,240.0,19,19,19.0,19.0,0.0,0.8578897135794854,False,True,,1.0,0.0,0.0,18.828657041678017,18.75,,detected_breaths,19,19,19,18.75,0.0,0.0,0.25,0.0,19,0,0,0,4390.625,0.1443375672974064,True,18.916666666666668,0.0833333333333321,19.0,0.0,1,w10s_nonoverlap,10 s / 0% overlap
BIDMC,10,early_fusion_identity_noresidual_rawppg_eventdecoder,0,1,5,240.0,300.0,18,18,18.0,18.0,0.0,0.751260705487103,False,True,,1.0,0.0,0.0,17.624190064794817,17.8125,,detected_breaths,18,19,18,18.28125,1.0,0.0,0.28125,1.0,16,2,3,5,4968.75,0.5157039081036068,True,18.42708333333333,0.4270833333333321,18.28125,0.28125,1,w10s_nonoverlap,10 s / 0% overlap
BIDMC,10,early_fusion_identity_noresidual_rawppg_eventdecoder,0,1,6,300.0,360.0,20,20,20.0,20.0,0.0,0.6429321710783601,False,True,,1.0,0.0,0.0,19.91266375545852,21.09375,,detected_breaths,19,18,19,20.15625,1.0,0.0,1.15625,-1.0,14,5,4,9,3539.0625,1.079068126131679,True,19.05208333333333,0.0520833333333321,19.0,0.0,1,w10s_nonoverlap,10 s / 0% overlap
BIDMC,10,early_fusion_identity_noresidual_rawppg_eventdecoder,0,1,7,360.0,420.0,17,17,17.0,17.0,0.0,0.928976193741419,False,True,,1.0,0.0,0.0,17.831193662933625,17.8125,,detected_breaths,18,18,18,17.8125,0.0,0.0,0.1875,0.0,18,0,0,0,4289.0625,0.1082531754730548,True,17.9375,0.0625,18.0,0.0,1,w10s_nonoverlap,10 s / 0% overlap
BIDMC,10,early_fusion_identity_noresidual_rawppg_eventdecoder,0,1,8,420.0,480.0,19,19,19.0,19.0,0.0,0.8170063977520885,False,False,ref_disagreement,1.0,0.0,0.0,17.202855942881143,19.6875,,detected_breaths,17,19,19,19.21875,2.0,2.0,2.21875,2.0,16,1,3,4,3632.8125,0.1262953713852306,True,19.072916666666668,2.072916666666668,19.0,2.0,1,w10s_nonoverlap,10 s / 0% overlap
BIDMC,11,early_fusion_identity_noresidual_rawppg_eventdecoder,0,1,1,0.0,60.0,15,15,15.0,15.0,0.0,0.2956716400870873,False,True,,1.0,0.0,0.0,14.590092064883825,15.0,,detected_breaths,14,16,15,15.0,2.0,1.0,1.0,2.0,9,5,7,12,4648.4375,0.5773502691896257,True,15.333333333333334,1.333333333333334,15.0,1.0,1,w10s_nonoverlap,10 s / 0% overlap
BIDMC,11,early_fusion_identity_noresidual_rawppg_eventdecoder,0,1,2,60.0,120.0,15,15,15.0,15.0,0.0,0.3369957088671936,False,True,,1.0,0.0,0.0,14.71264367816092,15.0,,detected_breaths,14,15,14,15.0,1.0,0.0,1.0,1.0,12,2,3,5,7085.9375,0.5773502691896257,True,14.666666666666666,0.6666666666666661,15.0,1.0,1,w10s_nonoverlap,10 s / 0% overlap
BIDMC,11,early_fusion_identity_noresidual_rawppg_eventdecoder,0,1,3,120.0,180.0,17,16,17.0,16.0,1.0,0.0460856141387963,False,False,ref_disagreement,1.0,0.0,0.0,15.951260038770425,13.59375,,detected_breaths,16,15,15,15.46875,1.0,1.0,0.53125,-1.0,11,5,4,9,6265.625,0.2706329386826371,True,15.15625,0.84375,15.0,1.0,1,w10s_nonoverlap,10 s / 0% overlap
BIDMC,11,early_fusion_identity_noresidual_rawppg_eventdecoder,0,1,4,180.0,240.0,13,16,13.0,16.0,3.0,-0.0736842936484211,False,True,,1.0,0.0,0.0,14.098210188159706,15.0,,detected_breaths,14,15,14,15.46875,1.0,0.0,1.46875,1.0,7,7,8,15,3687.5,0.7502169825012849,True,14.822916666666666,0.8229166666666661,15.0,1.0,1,w10s_nonoverlap,10 s / 0% overlap
BIDMC,11,early_fusion_identity_noresidual_rawppg_eventdecoder,0,1,5,240.0,300.0,14,14,14.0,14.0,0.0,0.3317157822268128,False,True,,1.0,0.0,0.0,14.2354031510658,14.53125,,detected_breaths,14,14,14,14.53125,0.0,0.0,0.53125,0.0,12,2,2,4,8375.0,0.3067173305069887,True,14.177083333333334,0.1770833333333339,14.0,0.0,1,w10s_nonoverlap,10 s / 0% overlap
BIDMC,11,early_fusion_identity_noresidual_rawppg_eventdecoder,0,1,6,300.0,360.0,14,16,14.0,16.0,2.0,0.1036193169518304,False,True,,1.0,0.0,0.0,13.81294964028777,15.46875,,detected_breaths,14,15,15,15.46875,1.0,1.0,1.46875,1.0,9,5,6,11,5312.5,0.2706329386826371,True,15.15625,1.15625,15.0,1.0,1,w10s_nonoverlap,10 s / 0% overlap
BIDMC,11,early_fusion_identity_noresidual_rawppg_eventdecoder,0,1,7,360.0,420.0,17,16,17.0,16.0,1.0,0.0654673935791209,False,True,,1.0,0.0,0.0,15.650047547887516,14.53125,,detected_breaths,16,17,15,14.53125,1.0,1.0,1.46875,1.0,12,4,5,9,6921.875,1.311135203109631,True,15.510416666666666,0.4895833333333339,15.0,1.0,1,w10s_nonoverlap,10 s / 0% overlap
BIDMC,11,early_fusion_identity_noresidual_rawppg_eventdecoder,0,1,8,420.0,480.0,14,15,14.0,15.0,1.0,0.0317486541907578,False,True,,1.0,0.0,0.0,13.891748991234174,14.0625,,detected_breaths,14,15,14,14.0625,1.0,0.0,0.0625,1.0,10,4,5,9,5976.5625,0.5601804024895314,True,14.354166666666666,0.3541666666666661,14.0625,0.0625,1,w10s_nonoverlap,10 s / 0% overlap
BIDMC,12,early_fusion_identity_noresidual_rawppg_eventdecoder,0,1,1,0.0,60.0,18,18,18.0,18.0,0.0,0.9539748704513238,False,True,,1.0,0.0,0.0,18.108183079056865,18.28125,,detected_breaths,18,18,18,18.28125,0.0,0.0,0.28125,0.0,18,0,0,0,3179.6875,0.1623797632095822,True,18.09375,0.09375,18.0,0.0,1,w10s_nonoverlap,10 s / 0% overlap
BIDMC,12,early_fusion_identity_noresidual_rawppg_eventdecoder,0,1,2,60.0,120.0,19,19,19.0,19.0,0.0,0.9582496863366324,False,True,,1.0,0.0,0.0,18.991619727984613,18.75,,detected_breaths,19,19,19,18.75,0.0,0.0,0.25,0.0,19,0,0,0,3804.6875,0.1443375672974064,True,18.916666666666668,0.0833333333333321,19.0,0.0,1,w10s_nonoverlap,10 s / 0% overlap
BIDMC,12,early_fusion_identity_noresidual_rawppg_eventdecoder,0,1,3,120.0,180.0,18,18,18.0,18.0,0.0,0.9469798695606744,False,True,,1.0,0.0,0.0,18.26780467328949,18.28125,,detected_breaths,18,18,18,18.28125,0.0,0.0,0.28125,0.0,18,0,0,0,2867.1875,0.1623797632095822,True,18.09375,0.09375,18.0,0.0,1,w10s_nonoverlap,10 s / 0% overlap
BIDMC,12,early_fusion_identity_noresidual_rawppg_eventdecoder,0,1,4,180.0,240.0,17,18,17.0,18.0,1.0,0.3788205111035879,False,True,,1.0,0.0,0.0,16.99585062240664,16.875,,detected_breaths,17,20,18,18.75,3.0,1.0,1.75,3.0,13,4,7,11,5031.25,1.0103629710818451,True,18.916666666666668,1.916666666666668,18.75,1.75,1,w10s_nonoverlap,10 s / 0% overlap
BIDMC,12,early_fusion_identity_noresidual_rawppg_eventdecoder,0,1,5,240.0,300.0,19,19,19.0,19.0,0.0,0.6796879049346486,False,True,,1.0,0.0,0.0,19.256163811115755,19.6875,,detected_breaths,19,19,19,19.6875,0.0,0.0,0.6875,0.0,17,2,1,3,8000.0,0.3969283100678677,True,19.229166666666668,0.2291666666666678,19.0,0.0,1,w10s_nonoverlap,10 s / 0% overlap
BIDMC,12,early_fusion_identity_noresidual_rawppg_eventdecoder,0,1,6,300.0,360.0,20,20,20.0,20.0,0.0,0.822203801840447,False,True,,1.0,0.0,0.0,20.545746388443018,20.625,,detected_breaths,21,20,21,20.625,1.0,0.0,0.375,-1.0,21,0,0,0,7601.5625,0.5051814855409226,True,20.541666666666668,0.4583333333333321,20.625,0.375,1,w10s_nonoverlap,10 s / 0% overlap
BIDMC,12,early_fusion_identity_noresidual_rawppg_eventdecoder,0,1,7,360.0,420.0,20,20,20.0,20.0,0.0,0.9051656044895412,False,True,,1.0,0.0,0.0,20.35998325659272,20.625,,detected_breaths,20,20,20,20.625,0.0,0.0,0.625,0.0,20,0,0,0,3109.375,0.3608439182435161,True,20.20833333333333,0.2083333333333321,20.0,0.0,1,w10s_nonoverlap,10 s / 0% overlap
BIDMC,12,early_fusion_identity_noresidual_rawppg_eventdecoder,0,1,8,420.0,480.0,19,19,19.0,19.0,0.0,0.9438653237149428,False,True,,1.0,0.0,0.0,19.072847682119203,19.21875,,detected_breaths,19,19,19,19.21875,0.0,0.0,0.21875,0.0,19,0,0,0,2500.0,0.1262953713852306,True,19.072916666666668,0.0729166666666678,19.0,0.0,1,w10s_nonoverlap,10 s / 0% overlap
BIDMC,13,early_fusion_identity_noresidual_rawppg_eventdecoder,0,1,1,0.0,60.0,19,19,19.0,19.0,0.0,0.3891665847474445,False,True,,1.0,0.0,0.0,19.072847682119203,19.21875,,detected_breaths,19,19,18,19.21875,0.0,1.0,0.21875,0.0,14,5,5,10,6265.625,0.6497695905729455,True,18.73958333333333,0.2604166666666678,19.0,0.0,1,w10s_nonoverlap,10 s / 0% overlap
BIDMC,13,early_fusion_identity_noresidual_rawppg_eventdecoder,0,1,2,60.0,120.0,19,18,19.0,18.0,1.0,0.5621217691980053,False,True,,1.0,0.0,0.0,19.0125154724247,19.21875,,detected_breaths,19,21,19,19.21875,2.0,0.0,0.21875,2.0,16,3,5,8,5460.9375,1.0970189245556947,True,19.73958333333333,0.7395833333333321,19.21875,0.21875,1,w10s_nonoverlap,10 s / 0% overlap
BIDMC,13,early_fusion_identity_noresidual_rawppg_eventdecoder,0,1,3,120.0,180.0,19,18,19.0,18.0,1.0,0.674578619466496,False,True,,1.0,0.0,0.0,19.432680783060327,19.21875,,detected_breaths,19,18,18,19.21875,1.0,1.0,0.21875,-1.0,13,6,5,11,4203.125,0.7036456405748563,True,18.40625,0.59375,18.0,1.0,1,w10s_nonoverlap,10 s / 0% overlap
BIDMC,13,early_fusion_identity_noresidual_rawppg_eventdecoder,0,1,4,180.0,240.0,19,18,19.0,18.0,1.0,0.4647462031840751,False,True,,1.0,0.0,0.0,19.594613749114103,19.6875,,detected_breaths,20,20,18,19.21875,0.0,2.0,0.78125,0.0,16,4,5,9,6945.3125,1.0079437091590646,True,19.072916666666668,0.927083333333332,19.21875,0.78125,1,w10s_nonoverlap,10 s / 0% overlap
BIDMC,13,early_fusion_identity_noresidual_rawppg_eventdecoder,0,1,5,240.0,300.0,18,19,18.0,19.0,1.0,0.5619106206532025,False,True,,1.0,0.0,0.0,18.86977886977887,19.6875,,detected_breaths,17,21,17,19.6875,4.0,0.0,2.6875,4.0,11,6,9,15,3117.1875,2.0390076221861784,True,19.229166666666668,2.229166666666668,19.6875,2.6875,1,w10s_nonoverlap,10 s / 0% overlap
BIDMC,13,early_fusion_identity_noresidual_rawppg_eventdecoder,0,1,6,300.0,360.0,22,17,22.0,17.0,5.0,-0.0099037065955748,False,True,,1.0,0.0,0.0,22.29471938070224,22.5,,detected_breaths,23,20,14,13.59375,3.0,9.0,9.40625,-3.0,15,8,6,14,5484.375,3.58713158677422,True,15.864583333333334,7.135416666666666,14.0,9.0,1,w10s_nonoverlap,10 s / 0% overlap
BIDMC,13,early_fusion_identity_noresidual_rawppg_eventdecoder,0,1,7,360.0,420.0,21,20,21.0,20.0,1.0,0.6805311075824426,False,True,,1.0,0.0,0.0,21.069958847736626,20.625,,detected_breaths,21,22,19,21.09375,1.0,2.0,0.09375,1.0,19,2,2,4,4093.75,1.538672486539398,True,20.697916666666668,0.3020833333333321,21.09375,0.09375,1,w10s_nonoverlap,10 s / 0% overlap
BIDMC,13,early_fusion_identity_noresidual_rawppg_eventdecoder,0,1,8,420.0,480.0,21,20,21.0,20.0,1.0,0.5511609595650194,False,True,,1.0,0.0,0.0,20.678513731825525,20.625,,detected_breaths,20,20,18,18.28125,0.0,2.0,1.71875,0.0,18,2,2,4,7335.9375,1.082682095923514,True,18.760416666666668,1.239583333333332,18.28125,1.71875,1,w10s_nonoverlap,10 s / 0% overlap
BIDMC,14,early_fusion_identity_noresidual_rawppg_eventdecoder,0,1,1,0.0,60.0,15,17,15.0,17.0,2.0,0.6211582922449429,False,True,,1.0,0.0,0.0,13.024976873265496,12.65625,,detected_breaths,13,14,15,12.65625,1.0,2.0,0.34375,1.0,12,1,2,3,6648.4375,1.176068884391273,True,13.885416666666666,0.8854166666666661,14.0,1.0,1,w10s_nonoverlap,10 s / 0% overlap
BIDMC,14,early_fusion_identity_noresidual_rawppg_eventdecoder,0,1,2,60.0,120.0,13,15,13.0,15.0,2.0,0.3848671066735525,False,True,,1.0,0.0,0.0,12.887708012865334,12.65625,,detected_breaths,13,14,14,12.1875,1.0,1.0,0.8125,1.0,11,2,3,5,7570.3125,1.0464473629061968,True,13.395833333333334,0.3958333333333339,14.0,1.0,1,w10s_nonoverlap,10 s / 0% overlap
BIDMC,14,early_fusion_identity_noresidual_rawppg_eventdecoder,0,1,3,120.0,180.0,13,17,13.0,17.0,4.0,0.6236650756972463,False,True,,1.0,0.0,0.0,12.958380202474691,13.125,,detected_breaths,13,14,15,13.125,1.0,2.0,0.125,1.0,11,2,3,5,6359.375,0.938194187433142,True,14.041666666666666,1.041666666666666,14.0,1.0,1,w10s_nonoverlap,10 s / 0% overlap
BIDMC,14,early_fusion_identity_noresidual_rawppg_eventdecoder,0,1,4,180.0,240.0,14,16,14.0,16.0,2.0,0.6373157646835526,False,True,,1.0,0.0,0.0,13.774834437086092,13.59375,,detected_breaths,13,13,14,13.125,0.0,1.0,0.125,0.0,10,3,3,6,6835.9375,0.5448623679425842,True,13.375,0.375,13.125,0.125,1,w10s_nonoverlap,10 s / 0% overlap
BIDMC,14,early_fusion_identity_noresidual_rawppg_eventdecoder,0,1,5,240.0,300.0,13,15,13.0,15.0,2.0,0.6058818898348377,False,True,,1.0,0.0,0.0,13.079424059451927,12.65625,,detected_breaths,13,15,14,13.125,2.0,1.0,0.125,2.0,11,2,4,6,6171.875,0.938194187433142,True,14.041666666666666,1.041666666666666,14.0,1.0,1,w10s_nonoverlap,10 s / 0% overlap
BIDMC,14,early_fusion_identity_noresidual_rawppg_eventdecoder,0,1,6,300.0,360.0,13,17,13.0,17.0,4.0,0.342055969137019,False,True,,1.0,0.0,0.0,12.819585477813323,13.125,,detected_breaths,13,19,17,11.25,6.0,4.0,1.75,6.0,12,1,7,8,8820.3125,4.02336923485777,False,,,17.0,4.0,1,w10s_nonoverlap,10 s / 0% overlap
BIDMC,14,early_fusion_identity_noresidual_rawppg_eventdecoder,0,1,7,360.0,420.0,14,16,14.0,16.0,2.0,0.4874071937173793,False,True,,1.0,0.0,0.0,12.765185856754307,12.65625,,detected_breaths,13,14,13,12.65625,1.0,0.0,0.34375,1.0,9,4,5,9,6671.875,0.6980721219902711,True,13.21875,0.21875,13.0,0.0,1,w10s_nonoverlap,10 s / 0% overlap
BIDMC,14,early_fusion_identity_noresidual_rawppg_eventdecoder,0,1,8,420.0,480.0,14,17,14.0,17.0,3.0,0.3091492648096587,False,False,ref_disagreement,1.0,0.0,0.0,13.932458833379847,11.25,,detected_breaths,12,16,14,14.53125,4.0,2.0,2.53125,4.0,9,3,7,10,5132.8125,1.0359740283906735,True,14.84375,2.84375,14.53125,2.53125,1,w10s_nonoverlap,10 s / 0% overlap
BIDMC,15,early_fusion_identity_noresidual_rawppg_eventdecoder,0,1,1,0.0,60.0,16,16,16.0,16.0,0.0,0.581713854190622,False,True,,1.0,0.0,0.0,15.673469387755102,16.40625,,detected_breaths,14,16,15,15.9375,2.0,1.0,1.9375,2.0,11,3,5,8,3867.1875,0.5601804024895314,True,15.645833333333334,1.645833333333334,15.9375,1.9375,1,w10s_nonoverlap,10 s / 0% overlap
BIDMC,15,early_fusion_identity_noresidual_rawppg_eventdecoder,0,1,2,60.0,120.0,15,17,15.0,17.0,2.0,0.7098760040587839,False,True,,1.0,0.0,0.0,13.677649154051648,14.53125,,detected_breaths,13,17,17,15.0,4.0,4.0,2.0,4.0,12,1,5,6,5781.25,1.1547005383792517,True,16.333333333333332,3.333333333333332,17.0,4.0,1,w10s_nonoverlap,10 s / 0% overlap
BIDMC,15,early_fusion_identity_noresidual_rawppg_eventdecoder,0,1,3,120.0,180.0,15,15,15.0,15.0,0.0,0.8707788570995941,False,True,,1.0,0.0,0.0,15.109612141652612,15.46875,,detected_breaths,15,15,15,15.46875,0.0,0.0,0.46875,0.0,15,0,0,0,4828.125,0.2706329386826371,True,15.15625,0.15625,15.0,0.0,1,w10s_nonoverlap,10 s / 0% overlap
BIDMC,15,early_fusion_identity_noresidual_rawppg_eventdecoder,0,1,4,180.0,240.0,14,15,14.0,15.0,1.0,0.7907111959594109,False,True,,1.0,0.0,0.0,13.897022536601416,14.0625,,detected_breaths,14,16,15,14.0625,2.0,1.0,0.0625,2.0,13,1,3,4,6250.0,0.9689179961861236,True,15.020833333333334,1.020833333333334,15.0,1.0,1,w10s_nonoverlap,10 s / 0% overlap
BIDMC,15,early_fusion_identity_noresidual_rawppg_eventdecoder,0,1,5,240.0,300.0,15,17,15.0,17.0,2.0,0.7380508950505986,False,True,,1.0,0.0,0.0,15.300981926853565,14.53125,,detected_breaths,15,16,16,14.53125,1.0,1.0,0.46875,1.0,14,1,2,3,3890.625,0.8479832078722628,True,15.510416666666666,0.5104166666666661,16.0,1.0,1,w10s_nonoverlap,10 s / 0% overlap
BIDMC,15,early_fusion_identity_noresidual_rawppg_eventdecoder,0,1,6,300.0,360.0,15,16,15.0,16.0,1.0,0.8265997372141258,False,True,,1.0,0.0,0.0,14.877542548775429,14.53125,,detected_breaths,14,14,14,14.53125,0.0,0.0,0.53125,0.0,14,0,0,0,3710.9375,0.3067173305069887,True,14.177083333333334,0.1770833333333339,14.0,0.0,1,w10s_nonoverlap,10 s / 0% overlap
BIDMC,15,early_fusion_identity_noresidual_rawppg_eventdecoder,0,1,7,360.0,420.0,15,17,15.0,17.0,2.0,0.2513171702606969,False,False,ref_irregular_cycles,1.0,0.0,0.0,13.679002572729072,14.53125,,detected_breaths,12,17,17,17.8125,5.0,5.0,5.8125,5.0,7,5,10,15,1929.6875,0.4690970937165709,True,17.270833333333332,5.270833333333332,17.0,5.0,1,w10s_nonoverlap,10 s / 0% overlap
BIDMC,15,early_fusion_identity_noresidual_rawppg_eventdecoder,0,1,8,420.0,480.0,15,15,15.0,15.0,0.0,0.5677243671735084,False,True,,1.0,0.0,0.0,14.338085539714868,15.0,,detected_breaths,14,15,15,14.53125,1.0,1.0,0.53125,1.0,11,3,4,7,4531.25,0.2706329386826371,True,14.84375,0.84375,15.0,1.0,1,w10s_nonoverlap,10 s / 0% overlap
BIDMC,16,early_fusion_identity_noresidual_rawppg_eventdecoder,0,1,1,0.0,60.0,18,19,18.0,19.0,1.0,0.6121223823772911,False,True,,1.0,0.0,0.0,18.949201741654573,19.21875,,detected_breaths,19,18,19,19.21875,1.0,0.0,0.21875,-1.0,19,0,0,0,6843.75,0.6497695905729455,True,18.73958333333333,0.2604166666666678,19.0,0.0,1,w10s_nonoverlap,10 s / 0% overlap
BIDMC,16,early_fusion_identity_noresidual_rawppg_eventdecoder,0,1,2,60.0,120.0,18,20,18.0,20.0,2.0,0.597943647809662,False,True,,1.0,0.0,0.0,19.27354378549729,19.21875,,detected_breaths,19,21,17,19.21875,2.0,2.0,0.21875,2.0,19,0,1,1,6976.5625,2.003983662815976,True,19.072916666666668,0.0729166666666678,19.21875,0.21875,1,w10s_nonoverlap,10 s / 0% overlap
BIDMC,16,early_fusion_identity_noresidual_rawppg_eventdecoder,0,1,3,120.0,180.0,20,20,20.0,20.0,0.0,0.544350402915251,False,True,,1.0,0.0,0.0,20.224532224532226,19.6875,,detected_breaths,20,20,21,19.6875,0.0,1.0,0.3125,0.0,19,1,1,2,7859.375,0.6856034446626805,True,20.229166666666668,0.2291666666666678,20.0,0.0,1,w10s_nonoverlap,10 s / 0% overlap
BIDMC,16,early_fusion_identity_noresidual_rawppg_eventdecoder,0,1,4,180.0,240.0,19,20,19.0,20.0,1.0,0.4981401307075684,False,True,,1.0,0.0,0.0,19.48139797068772,19.21875,,detected_breaths,20,20,18,19.21875,0.0,2.0,0.78125,0.0,18,2,2,4,6031.25,1.0079437091590646,True,19.072916666666668,0.927083333333332,19.21875,0.78125,1,w10s_nonoverlap,10 s / 0% overlap
BIDMC,16,early_fusion_identity_noresidual_rawppg_eventdecoder,0,1,5,240.0,300.0,18,19,18.0,19.0,1.0,0.6143789130032599,False,True,,1.0,0.0,0.0,18.85530151910388,18.75,,detected_breaths,17,19,19,18.75,2.0,2.0,1.75,2.0,17,0,1,1,5468.75,0.1443375672974064,True,18.916666666666668,1.916666666666668,19.0,2.0,1,w10s_nonoverlap,10 s / 0% overlap
BIDMC,16,early_fusion_identity_noresidual_rawppg_eventdecoder,0,1,6,300.0,360.0,20,20,20.0,20.0,0.0,0.7220566972342669,False,True,,1.0,0.0,0.0,19.88010899182561,19.21875,,detected_breaths,20,19,19,19.21875,1.0,1.0,0.78125,-1.0,19,1,1,2,5015.625,0.1262953713852306,True,19.072916666666668,0.927083333333332,19.0,1.0,1,w10s_nonoverlap,10 s / 0% overlap
BIDMC,16,early_fusion_identity_noresidual_rawppg_eventdecoder,0,1,7,360.0,420.0,19,19,19.0,19.0,0.0,0.6447201122374229,False,True,,1.0,0.0,0.0,19.54460219662469,19.21875,,detected_breaths,20,20,20,19.21875,0.0,0.0,0.78125,0.0,20,0,0,0,6507.8125,0.4510548978043951,True,19.73958333333333,0.2604166666666678,20.0,0.0,1,w10s_nonoverlap,10 s / 0% overlap
BIDMC,16,early_fusion_identity_noresidual_rawppg_eventdecoder,0,1,8,420.0,480.0,19,19,19.0,19.0,0.0,0.8022033281616505,False,True,,1.0,0.0,0.0,19.87706243934002,19.21875,,detected_breaths,18,19,19,18.75,1.0,1.0,0.75,1.0,18,0,1,1,3789.0625,0.1443375672974064,True,18.916666666666668,0.916666666666668,19.0,1.0,1,w10s_nonoverlap,10 s / 0% overlap
BIDMC,17,early_fusion_identity_noresidual_rawppg_eventdecoder,0,1,1,0.0,60.0,18,20,18.0,20.0,2.0,-0.2452418105214536,False,True,,1.0,0.0,0.0,17.548387096774196,18.28125,,detected_breaths,17,18,17,18.28125,1.0,0.0,1.28125,1.0,9,8,9,17,6156.25,0.6733873482872493,True,17.760416666666668,0.7604166666666679,18.0,1.0,1,w10s_nonoverlap,10 s / 0% overlap
BIDMC,17,early_fusion_identity_noresidual_rawppg_eventdecoder,0,1,2,60.0,120.0,18,18,18.0,18.0,0.0,-0.235395749505889,False,True,,1.0,0.0,0.0,17.789889630739882,15.9375,,detected_breaths,18,19,18,15.9375,1.0,0.0,2.0625,1.0,7,11,12,23,2828.125,1.5616664443258468,True,17.645833333333332,0.3541666666666678,18.0,0.0,1,w10s_nonoverlap,10 s / 0% overlap
BIDMC,17,early_fusion_identity_noresidual_rawppg_eventdecoder,0,1,3,120.0,180.0,19,18,19.0,18.0,1.0,-0.0365912246055003,False,True,,1.0,0.0,0.0,18.68108108108108,19.21875,,detected_breaths,19,19,18,18.75,0.0,1.0,0.25,0.0,10,9,9,18,4398.4375,0.5204164998665332,True,18.58333333333333,0.4166666666666678,18.75,0.25,1,w10s_nonoverlap,10 s / 0% overlap
BIDMC,17,early_fusion_identity_noresidual_rawppg_eventdecoder,0,1,4,180.0,240.0,16,18,16.0,18.0,2.0,-0.2122976470011219,False,True,,1.0,0.0,0.0,16.008893829905503,16.875,,detected_breaths,16,18,16,16.875,2.0,0.0,0.875,2.0,6,10,12,22,3820.3125,1.0026007846263305,True,16.958333333333332,0.958333333333332,16.875,0.875,1,w10s_nonoverlap,10 s / 0% overlap
BIDMC,17,early_fusion_identity_noresidual_rawppg_eventdecoder,0,1,5,240.0,300.0,16,15,16.0,15.0,1.0,-0.0313158869102272,False,True,,1.0,0.0,0.0,16.688849653673774,17.34375,,detected_breaths,17,19,16,15.46875,2.0,1.0,1.53125,2.0,7,10,12,22,4593.75,1.904028760505821,True,16.822916666666668,0.1770833333333321,16.0,1.0,1,w10s_nonoverlap,10 s / 0% overlap
BIDMC,17,early_fusion_identity_noresidual_rawppg_eventdecoder,0,1,6,300.0,360.0,15,16,15.0,16.0,1.0,-0.0004924589257387,False,True,,1.0,0.0,0.0,15.78622816032888,15.46875,,detected_breaths,15,14,15,15.46875,1.0,0.0,0.46875,-1.0,5,10,9,19,2609.375,0.7502169825012849,True,14.822916666666666,0.1770833333333339,15.0,0.0,1,w10s_nonoverlap,10 s / 0% overlap
BIDMC,17,early_fusion_identity_noresidual_rawppg_eventdecoder,0,1,7,360.0,420.0,17,19,17.0,19.0,2.0,-0.1081146487502631,False,True,,1.0,0.0,0.0,17.474402730375427,16.875,,detected_breaths,18,19,17,16.40625,1.0,1.0,1.59375,1.0,6,12,14,26,2757.8125,1.3589259315724311,True,17.46875,0.53125,17.0,1.0,1,w10s_nonoverlap,10 s / 0% overlap
BIDMC,17,early_fusion_identity_noresidual_rawppg_eventdecoder,0,1,8,420.0,480.0,17,18,17.0,18.0,1.0,0.0393304869527144,False,True,,1.0,0.0,0.0,15.918198148404036,15.46875,,detected_breaths,15,19,16,15.46875,4.0,1.0,0.46875,4.0,8,7,10,17,5304.6875,1.904028760505821,True,16.822916666666668,1.822916666666668,16.0,1.0,1,w10s_nonoverlap,10 s / 0% overlap
BIDMC,18,early_fusion_identity_noresidual_rawppg_eventdecoder,0,1,1,0.0,60.0,18,18,18.0,18.0,0.0,0.4814713576768425,False,True,,1.0,0.0,0.0,17.919297282459514,17.8125,,detected_breaths,18,19,18,17.8125,1.0,0.0,0.1875,1.0,14,4,5,9,5531.25,0.6383980602518567,True,18.27083333333333,0.2708333333333321,18.0,0.0,1,w10s_nonoverlap,10 s / 0% overlap
BIDMC,18,early_fusion_identity_noresidual_rawppg_eventdecoder,0,1,2,60.0,120.0,18,18,18.0,18.0,0.0,0.6615127634384463,False,True,,1.0,0.0,0.0,17.988426563791677,17.8125,,detected_breaths,18,18,18,17.8125,0.0,0.0,0.1875,0.0,17,1,1,2,7242.1875,0.1082531754730548,True,17.9375,0.0625,18.0,0.0,1,w10s_nonoverlap,10 s / 0% overlap
BIDMC,18,early_fusion_identity_noresidual_rawppg_eventdecoder,0,1,3,120.0,180.0,18,19,18.0,19.0,1.0,0.6544198008472345,False,True,,1.0,0.0,0.0,17.998345740281223,17.8125,,detected_breaths,18,18,18,18.28125,0.0,0.0,0.28125,0.0,17,1,2,3,7679.6875,0.1623797632095822,True,18.09375,0.09375,18.0,0.0,1,w10s_nonoverlap,10 s / 0% overlap
BIDMC,18,early_fusion_identity_noresidual_rawppg_eventdecoder,0,1,4,180.0,240.0,18,18,18.0,18.0,0.0,0.6058036111013927,False,True,,1.0,0.0,0.0,17.993384785005514,17.8125,,detected_breaths,18,18,18,17.8125,0.0,0.0,0.1875,0.0,16,2,2,4,6718.75,0.1082531754730548,True,17.9375,0.0625,18.0,0.0,1,w10s_nonoverlap,10 s / 0% overlap
BIDMC,18,early_fusion_identity_noresidual_rawppg_eventdecoder,0,1,5,240.0,300.0,18,18,18.0,18.0,0.0,0.640297819609368,False,True,,1.0,0.0,0.0,17.988426563791677,17.8125,,detected_breaths,18,18,18,17.8125,0.0,0.0,0.1875,0.0,18,0,0,0,7523.4375,0.1082531754730548,True,17.9375,0.0625,18.0,0.0,1,w10s_nonoverlap,10 s / 0% overlap
BIDMC,18,early_fusion_identity_noresidual_rawppg_eventdecoder,0,1,6,300.0,360.0,18,18,18.0,18.0,0.0,0.4875855519022183,False,True,,1.0,0.0,0.0,17.993384785005514,17.8125,,detected_breaths,18,18,18,17.8125,0.0,0.0,0.1875,0.0,18,0,0,0,9414.0625,0.1082531754730548,True,17.9375,0.0625,18.0,0.0,1,w10s_nonoverlap,10 s / 0% overlap
BIDMC,18,early_fusion_identity_noresidual_rawppg_eventdecoder,0,1,7,360.0,420.0,18,18,18.0,18.0,0.0,0.574067948610891,False,True,,1.0,0.0,0.0,17.993384785005514,17.8125,,detected_breaths,17,18,18,17.8125,1.0,1.0,0.8125,1.0,15,2,2,4,5992.1875,0.1082531754730548,True,17.9375,0.9375,18.0,1.0,1,w10s_nonoverlap,10 s / 0% overlap
BIDMC,18,early_fusion_identity_noresidual_rawppg_eventdecoder,0,1,8,420.0,480.0,18,18,18.0,18.0,0.0,0.4396647009911912,False,True,,1.0,0.0,0.0,17.995864920744314,17.8125,,detected_breaths,18,18,18,17.8125,0.0,0.0,0.1875,0.0,14,4,4,8,6273.4375,0.1082531754730548,True,17.9375,0.0625,18.0,0.0,1,w10s_nonoverlap,10 s / 0% overlap
BIDMC,19,early_fusion_identity_noresidual_rawppg_eventdecoder,0,1,1,0.0,60.0,16,15,16.0,15.0,1.0,0.1000464822613483,False,True,,1.0,0.0,0.0,15.205913410770856,16.40625,,detected_breaths,15,16,15,16.40625,1.0,0.0,1.40625,1.0,10,5,6,11,5765.625,0.7237147371950727,True,15.802083333333334,0.8020833333333339,16.0,1.0,1,w10s_nonoverlap,10 s / 0% overlap
BIDMC,19,early_fusion_identity_noresidual_rawppg_eventdecoder,0,1,2,60.0,120.0,16,18,16.0,18.0,2.0,-0.0184464778381837,False,True,,1.0,0.0,0.0,16.05798717591302,15.9375,,detected_breaths,16,18,17,15.9375,2.0,1.0,0.0625,2.0,11,5,7,12,5984.375,1.0314078162072136,True,16.979166666666668,0.979166666666668,17.0,1.0,1,w10s_nonoverlap,10 s / 0% overlap
BIDMC,19,early_fusion_identity_noresidual_rawppg_eventdecoder,0,1,3,120.0,180.0,16,17,16.0,17.0,1.0,0.0714765075665165,False,True,,1.0,0.0,0.0,16.04177545691906,16.40625,,detected_breaths,15,19,16,16.40625,4.0,1.0,1.40625,4.0,13,2,6,8,7601.5625,1.6275020801317992,True,17.135416666666668,2.135416666666668,16.40625,1.40625,1,w10s_nonoverlap,10 s / 0% overlap
BIDMC,19,early_fusion_identity_noresidual_rawppg_eventdecoder,0,1,4,180.0,240.0,16,15,16.0,15.0,1.0,0.1046332713447306,False,True,,1.0,0.0,0.0,15.567567567567568,15.9375,,detected_breaths,14,17,16,15.9375,3.0,2.0,1.9375,3.0,8,6,8,14,3140.625,0.596212000885591,True,16.3125,2.3125,16.0,2.0,1,w10s_nonoverlap,10 s / 0% overlap
BIDMC,19,early_fusion_identity_noresidual_rawppg_eventdecoder,0,1,5,240.0,300.0,17,17,17.0,17.0,0.0,0.233587232883773,False,False,ref_irregular_cycles,1.0,0.0,0.0,15.802469135802468,16.40625,,detected_breaths,14,19,17,16.40625,5.0,3.0,2.40625,5.0,10,4,10,14,4343.75,1.3589259315724311,True,17.46875,3.46875,17.0,3.0,1,w10s_nonoverlap,10 s / 0% overlap
BIDMC,19,early_fusion_identity_noresidual_rawppg_eventdecoder,0,1,6,300.0,360.0,16,17,16.0,17.0,1.0,0.1542596555217922,False,True,,1.0,0.0,0.0,17.209441290708096,17.34375,,detected_breaths,17,18,17,19.21875,1.0,0.0,2.21875,1.0,11,6,7,13,6000.0,1.111170788327939,True,18.072916666666668,1.072916666666668,18.0,1.0,1,w10s_nonoverlap,10 s / 0% overlap
BIDMC,19,early_fusion_identity_noresidual_rawppg_eventdecoder,0,1,7,360.0,420.0,17,17,17.0,17.0,0.0,0.3578839188579571,False,False,ref_irregular_cycles,1.0,0.0,0.0,16.65943600867679,15.9375,,detected_breaths,15,16,16,16.40625,1.0,1.0,1.40625,1.0,11,4,5,9,5976.5625,0.2345485468582854,True,16.135416666666668,1.135416666666668,16.0,1.0,1,w10s_nonoverlap,10 s / 0% overlap
BIDMC,19,early_fusion_identity_noresidual_rawppg_eventdecoder,0,1,8,420.0,480.0,16,17,16.0,17.0,1.0,0.038601840803633,False,True,,1.0,0.0,0.0,15.04407443682664,15.9375,,detected_breaths,15,17,16,15.9375,2.0,1.0,0.9375,2.0,8,7,9,16,4062.5,0.596212000885591,True,16.3125,1.3125,16.0,1.0,1,w10s_nonoverlap,10 s / 0% overlap
BIDMC,20,early_fusion_identity_noresidual_rawppg_eventdecoder,0,1,1,0.0,60.0,16,16,16.0,16.0,0.0,0.7659910882059042,False,True,,1.0,0.0,0.0,15.620338983050846,15.0,,detected_breaths,16,16,16,15.0,0.0,0.0,1.0,0.0,15,1,1,2,3781.25,0.5773502691896257,True,15.666666666666666,0.3333333333333339,16.0,0.0,1,w10s_nonoverlap,10 s / 0% overlap
BIDMC,20,early_fusion_identity_noresidual_rawppg_eventdecoder,0,1,2,60.0,120.0,15,15,15.0,15.0,0.0,0.8600884814121701,False,True,,1.0,0.0,0.0,15.12874630645842,15.0,,detected_breaths,15,17,15,15.0,2.0,0.0,0.0,2.0,15,0,2,2,3875.0,1.1547005383792517,True,15.666666666666666,0.6666666666666661,15.0,0.0,1,w10s_nonoverlap,10 s / 0% overlap
BIDMC,20,early_fusion_identity_noresidual_rawppg_eventdecoder,0,1,3,120.0,180.0,15,15,15.0,15.0,0.0,0.7960365389095213,False,True,,1.0,0.0,0.0,15.173581710414902,15.46875,,detected_breaths,15,14,15,15.46875,1.0,0.0,0.46875,-1.0,14,1,0,1,3562.5,0.7502169825012849,True,14.822916666666666,0.1770833333333339,15.0,0.0,1,w10s_nonoverlap,10 s / 0% overlap
BIDMC,20,early_fusion_identity_noresidual_rawppg_eventdecoder,0,1,4,180.0,240.0,15,15,15.0,15.0,0.0,0.6027562022575028,False,True,,1.0,0.0,0.0,15.103244837758112,15.0,,detected_breaths,15,16,15,15.0,1.0,0.0,0.0,1.0,15,0,1,1,4484.375,0.5773502691896257,True,15.333333333333334,0.3333333333333339,15.0,0.0,1,w10s_nonoverlap,10 s / 0% overlap
BIDMC,20,early_fusion_identity_noresidual_rawppg_eventdecoder,0,1,5,240.0,300.0,15,15,15.0,15.0,0.0,0.6359636309640064,False,True,,1.0,0.0,0.0,15.120236253691465,15.0,,detected_breaths,15,15,15,15.0,0.0,0.0,0.0,0.0,15,0,0,0,4890.625,0.0,True,15.0,0.0,15.0,0.0,1,w10s_nonoverlap,10 s / 0% overlap
BIDMC,20,early_fusion_identity_noresidual_rawppg_eventdecoder,0,1,6,300.0,360.0,15,15,15.0,15.0,0.0,0.6313910267674356,False,True,,1.0,0.0,0.0,14.856984938510433,15.0,,detected_breaths,15,16,15,15.0,1.0,0.0,0.0,1.0,15,0,1,1,5273.4375,0.5773502691896257,True,15.333333333333334,0.3333333333333339,15.0,0.0,1,w10s_nonoverlap,10 s / 0% overlap
BIDMC,20,early_fusion_identity_noresidual_rawppg_eventdecoder,0,1,7,360.0,420.0,15,15,15.0,15.0,0.0,0.5654519686454721,False,True,,1.0,0.0,0.0,14.834437086092716,15.0,,detected_breaths,15,15,15,14.53125,0.0,0.0,0.46875,0.0,15,0,0,0,3453.125,0.2706329386826371,True,14.84375,0.15625,15.0,0.0,1,w10s_nonoverlap,10 s / 0% overlap
BIDMC,20,early_fusion_identity_noresidual_rawppg_eventdecoder,0,1,8,420.0,480.0,14,14,14.0,14.0,0.0,0.5586414990210915,False,True,,1.0,0.0,0.0,14.024441635061104,14.53125,,detected_breaths,14,16,14,14.53125,2.0,0.0,0.53125,2.0,14,0,2,2,4601.5625,1.0359740283906735,True,14.84375,0.84375,14.53125,0.53125,1,w10s_nonoverlap,10 s / 0% overlap
BIDMC,21,early_fusion_identity_noresidual_rawppg_eventdecoder,0,1,1,0.0,60.0,16,19,16.0,19.0,3.0,0.4524523762386481,False,False,ref_disagreement,1.0,0.0,0.0,15.135135135135137,17.8125,,detected_breaths,15,21,18,11.71875,6.0,3.0,3.28125,6.0,9,6,12,18,3687.5,4.736308392355802,False,,,18.0,3.0,1,w10s_nonoverlap,10 s / 0% overlap
BIDMC,21,early_fusion_identity_noresidual_rawppg_eventdecoder,0,1,2,60.0,120.0,18,18,18.0,18.0,0.0,0.458396768550483,False,True,,1.0,0.0,0.0,17.892284500479647,17.8125,,detected_breaths,18,20,18,19.21875,2.0,0.0,1.21875,2.0,13,5,7,12,5179.6875,1.0079437091590646,True,19.072916666666668,1.072916666666668,19.21875,1.21875,1,w10s_nonoverlap,10 s / 0% overlap
BIDMC,21,early_fusion_identity_noresidual_rawppg_eventdecoder,0,1,3,120.0,180.0,16,16,16.0,16.0,0.0,0.2823924047798192,False,True,,1.0,0.0,0.0,16.396242527754058,16.875,,detected_breaths,16,16,16,17.34375,0.0,0.0,1.34375,0.0,10,6,6,12,2656.25,0.7758144242235596,True,16.447916666666668,0.4479166666666678,16.0,0.0,1,w10s_nonoverlap,10 s / 0% overlap
BIDMC,21,early_fusion_identity_noresidual_rawppg_eventdecoder,0,1,4,180.0,240.0,17,17,17.0,17.0,0.0,0.4239545205608078,False,True,,1.0,0.0,0.0,16.02894114373174,16.875,,detected_breaths,17,19,17,16.40625,2.0,0.0,0.59375,2.0,15,2,4,6,5250.0,1.3589259315724311,True,17.46875,0.46875,17.0,0.0,1,w10s_nonoverlap,10 s / 0% overlap
BIDMC,21,early_fusion_identity_noresidual_rawppg_eventdecoder,0,1,5,240.0,300.0,19,20,19.0,20.0,1.0,0.2409910995061063,False,False,ref_disagreement,1.0,0.0,0.0,18.83167459974037,21.09375,,detected_breaths,18,19,18,20.15625,1.0,0.0,2.15625,1.0,13,5,6,11,6078.125,1.079068126131679,True,19.05208333333333,1.052083333333332,19.0,1.0,1,w10s_nonoverlap,10 s / 0% overlap
BIDMC,21,early_fusion_identity_noresidual_rawppg_eventdecoder,0,1,6,300.0,360.0,19,19,19.0,19.0,0.0,0.7372628912997765,False,True,,1.0,0.0,0.0,19.226703755215578,19.6875,,detected_breaths,19,20,19,20.15625,1.0,0.0,1.15625,1.0,18,1,2,3,5632.8125,0.6273393718713979,True,19.71875,0.71875,20.0,1.0,1,w10s_nonoverlap,10 s / 0% overlap
BIDMC,21,early_fusion_identity_noresidual_rawppg_eventdecoder,0,1,7,360.0,420.0,19,19,19.0,19.0,0.0,0.6581711614899166,False,True,,1.0,0.0,0.0,18.67855695176328,18.75,,detected_breaths,19,20,18,18.75,1.0,1.0,0.25,1.0,16,3,4,7,3171.875,1.0103629710818451,True,18.916666666666668,0.0833333333333321,18.75,0.25,1,w10s_nonoverlap,10 s / 0% overlap
BIDMC,21,early_fusion_identity_noresidual_rawppg_eventdecoder,0,1,8,420.0,480.0,20,18,20.0,18.0,2.0,0.2295796114157444,False,True,,1.0,0.0,0.0,21.074523396880416,22.5,,detected_breaths,20,17,16,15.9375,3.0,4.0,4.0625,-3.0,13,7,4,11,4437.5,0.596212000885591,True,16.3125,3.6875,16.0,4.0,1,w10s_nonoverlap,10 s / 0% overlap
BIDMC,22,early_fusion_identity_noresidual_rawppg_eventdecoder,0,1,1,0.0,60.0,19,18,19.0,18.0,1.0,0.2780499699042982,False,True,,1.0,0.0,0.0,18.496119882258498,18.75,,detected_breaths,18,20,19,20.15625,2.0,1.0,2.15625,2.0,14,4,6,10,6054.6875,0.6273393718713979,True,19.71875,1.71875,20.0,2.0,1,w10s_nonoverlap,10 s / 0% overlap
BIDMC,22,early_fusion_identity_noresidual_rawppg_eventdecoder,0,1,2,60.0,120.0,18,18,18.0,18.0,0.0,0.5880853394049708,False,True,,1.0,0.0,0.0,18.83635372666576,18.75,,detected_breaths,19,19,19,18.75,0.0,0.0,0.25,0.0,19,0,0,0,8109.375,0.1443375672974064,True,18.916666666666668,0.0833333333333321,19.0,0.0,1,w10s_nonoverlap,10 s / 0% overlap
BIDMC,22,early_fusion_identity_noresidual_rawppg_eventdecoder,0,1,3,120.0,180.0,18,18,18.0,18.0,0.0,0.4015572928925351,False,True,,1.0,0.0,0.0,18.56127381290873,18.28125,,detected_breaths,18,20,18,18.28125,2.0,0.0,0.28125,2.0,15,3,5,8,8000.0,1.082682095923514,True,18.760416666666668,0.7604166666666679,18.28125,0.28125,1,w10s_nonoverlap,10 s / 0% overlap
BIDMC,22,early_fusion_identity_noresidual_rawppg_eventdecoder,0,1,4,180.0,240.0,19,19,19.0,19.0,0.0,0.4921224046985171,False,True,,1.0,0.0,0.0,19.22403003754693,19.6875,,detected_breaths,20,20,19,19.6875,0.0,1.0,0.3125,0.0,20,0,0,0,8164.0625,0.5115845482420281,True,19.5625,0.4375,19.6875,0.3125,1,w10s_nonoverlap,10 s / 0% overlap
BIDMC,22,early_fusion_identity_noresidual_rawppg_eventdecoder,0,1,5,240.0,300.0,19,19,19.0,19.0,0.0,0.6017667132163121,False,True,,1.0,0.0,0.0,19.028217481073643,18.75,,detected_breaths,19,18,19,19.21875,1.0,0.0,0.21875,-1.0,16,3,2,5,6476.5625,0.6497695905729455,True,18.73958333333333,0.2604166666666678,19.0,0.0,1,w10s_nonoverlap,10 s / 0% overlap
BIDMC,22,early_fusion_identity_noresidual_rawppg_eventdecoder,0,1,6,300.0,360.0,19,19,19.0,19.0,0.0,0.4565664257817825,False,True,,1.0,0.0,0.0,19.02298059722031,19.21875,,detected_breaths,18,20,19,19.6875,2.0,1.0,1.6875,2.0,18,0,1,1,7273.4375,0.5115845482420281,True,19.5625,1.5625,19.6875,1.6875,1,w10s_nonoverlap,10 s / 0% overlap
BIDMC,22,early_fusion_identity_noresidual_rawppg_eventdecoder,0,1,7,360.0,420.0,18,18,18.0,18.0,0.0,0.5736697714463039,False,True,,1.0,0.0,0.0,18.26780467328949,18.28125,,detected_breaths,19,18,19,18.28125,1.0,0.0,0.71875,-1.0,18,1,1,2,6710.9375,0.5157039081036068,True,18.42708333333333,0.5729166666666679,18.28125,0.71875,1,w10s_nonoverlap,10 s / 0% overlap
BIDMC,22,early_fusion_identity_noresidual_rawppg_eventdecoder,0,1,8,420.0,480.0,18,19,18.0,19.0,1.0,0.5331892027325644,False,True,,1.0,0.0,0.0,18.419720186542303,18.75,,detected_breaths,18,19,18,18.75,1.0,0.0,0.75,1.0,15,3,4,7,6429.6875,0.5204164998665332,True,18.58333333333333,0.5833333333333321,18.75,0.75,1,w10s_nonoverlap,10 s / 0% overlap
BIDMC,23,early_fusion_identity_noresidual_rawppg_eventdecoder,0,1,1,0.0,60.0,18,19,18.0,19.0,1.0,0.6446413386659812,False,True,,1.0,0.0,0.0,17.955112219451372,17.8125,,detected_breaths,18,21,19,18.28125,3.0,1.0,0.28125,3.0,18,0,3,3,4539.0625,1.40879399517223,True,19.42708333333333,1.427083333333332,19.0,1.0,1,w10s_nonoverlap,10 s / 0% overlap
BIDMC,23,early_fusion_identity_noresidual_rawppg_eventdecoder,0,1,2,60.0,120.0,18,19,18.0,19.0,1.0,0.5459759568556233,False,True,,1.0,0.0,0.0,17.973568281938324,17.8125,,detected_breaths,17,19,19,17.8125,2.0,2.0,0.8125,2.0,13,4,6,10,4679.6875,0.6856034446626805,True,18.604166666666668,1.604166666666668,19.0,2.0,1,w10s_nonoverlap,10 s / 0% overlap
BIDMC,23,early_fusion_identity_noresidual_rawppg_eventdecoder,0,1,3,120.0,180.0,18,17,18.0,17.0,1.0,0.5503542437383937,False,True,,1.0,0.0,0.0,16.932616783794955,17.8125,,detected_breaths,17,18,16,16.40625,1.0,1.0,0.59375,1.0,13,4,4,8,3828.125,1.0571248842181955,True,16.802083333333332,0.1979166666666678,16.40625,0.59375,1,w10s_nonoverlap,10 s / 0% overlap
BIDMC,23,early_fusion_identity_noresidual_rawppg_eventdecoder,0,1,4,180.0,240.0,18,17,18.0,17.0,1.0,0.6548176837189911,False,True,,1.0,0.0,0.0,18.013245033112582,17.8125,,detected_breaths,18,17,18,17.8125,1.0,0.0,0.1875,-1.0,17,1,1,2,4187.5,0.5315562842572114,True,17.604166666666668,0.3958333333333321,17.8125,0.1875,1,w10s_nonoverlap,10 s / 0% overlap
BIDMC,23,early_fusion_identity_noresidual_rawppg_eventdecoder,0,1,5,240.0,300.0,18,21,18.0,21.0,3.0,0.5355901841187809,False,True,,1.0,0.0,0.0,17.285131523421015,18.75,,detected_breaths,17,22,17,18.75,5.0,0.0,1.75,5.0,16,1,6,7,6320.3125,2.537222891273055,True,19.25,2.25,18.75,1.75,1,w10s_nonoverlap,10 s / 0% overlap
BIDMC,23,early_fusion_identity_noresidual_rawppg_eventdecoder,0,1,6,300.0,360.0,17,20,17.0,20.0,3.0,0.7287200237524643,False,True,,1.0,0.0,0.0,18.110694964627548,18.28125,,detected_breaths,18,20,20,18.28125,2.0,2.0,0.28125,2.0,16,2,4,6,3890.625,0.9923207751696692,True,19.42708333333333,1.427083333333332,20.0,2.0,1,w10s_nonoverlap,10 s / 0% overlap
BIDMC,23,early_fusion_identity_noresidual_rawppg_eventdecoder,0,1,7,360.0,420.0,17,19,17.0,19.0,2.0,0.7110325890639186,False,True,,1.0,0.0,0.0,17.921757035003434,17.8125,,detected_breaths,18,21,18,17.8125,3.0,0.0,0.1875,3.0,17,1,4,5,6140.625,1.7886360026567731,True,18.9375,0.9375,18.0,0.0,1,w10s_nonoverlap,10 s / 0% overlap
BIDMC,23,early_fusion_identity_noresidual_rawppg_eventdecoder,0,1,8,420.0,480.0,17,17,17.0,17.0,0.0,0.8775981740178829,False,True,,1.0,0.0,0.0,17.985948477751755,17.8125,,detected_breaths,17,21,17,17.8125,4.0,0.0,0.8125,4.0,16,1,5,6,4320.3125,2.114249768436391,True,18.604166666666668,1.604166666666668,17.8125,0.8125,1,w10s_nonoverlap,10 s / 0% overlap
BIDMC,24,early_fusion_identity_noresidual_rawppg_eventdecoder,0,1,1,0.0,60.0,22,22,22.0,22.0,0.0,0.8502690020675895,False,True,,1.0,0.0,0.0,22.88810620428068,22.96875,,detected_breaths,23,22,22,22.5,1.0,1.0,0.5,-1.0,22,1,0,1,4351.5625,0.2886751345948129,True,22.166666666666668,0.8333333333333321,22.0,1.0,1,w10s_nonoverlap,10 s / 0% overlap
BIDMC,24,early_fusion_identity_noresidual_rawppg_eventdecoder,0,1,2,60.0,120.0,22,22,22.0,22.0,0.0,0.9002257861495004,False,True,,1.0,0.0,0.0,22.677165354330707,22.5,,detected_breaths,23,22,21,22.5,1.0,2.0,0.5,-1.0,23,0,0,0,4226.5625,0.7637626158259733,True,21.83333333333333,1.166666666666668,22.0,1.0,1,w10s_nonoverlap,10 s / 0% overlap
BIDMC,24,early_fusion_identity_noresidual_rawppg_eventdecoder,0,1,3,120.0,180.0,23,23,23.0,23.0,0.0,0.8498105777147726,False,True,,1.0,0.0,0.0,22.67006574533745,22.5,,detected_breaths,22,23,22,22.96875,1.0,0.0,0.96875,1.0,22,0,0,0,3875.0,0.5685439187081329,True,22.65625,0.65625,22.96875,0.96875,1,w10s_nonoverlap,10 s / 0% overlap
BIDMC,24,early_fusion_identity_noresidual_rawppg_eventdecoder,0,1,4,180.0,240.0,22,22,22.0,22.0,0.0,0.916979210394726,False,True,,1.0,0.0,0.0,22.428035043804755,22.5,,detected_breaths,23,23,21,22.5,0.0,2.0,0.5,0.0,23,0,0,0,3906.25,1.0408329997330663,True,22.166666666666668,0.8333333333333321,22.5,0.5,1,w10s_nonoverlap,10 s / 0% overlap
BIDMC,24,early_fusion_identity_noresidual_rawppg_eventdecoder,0,1,5,240.0,300.0,22,21,22.0,21.0,1.0,0.770131562928338,False,True,,1.0,0.0,0.0,22.41146040588937,22.5,,detected_breaths,22,22,23,22.5,0.0,1.0,0.5,0.0,21,1,1,2,3835.9375,0.5,True,22.5,0.5,22.5,0.5,1,w10s_nonoverlap,10 s / 0% overlap
BIDMC,24,early_fusion_identity_noresidual_rawppg_eventdecoder,0,1,6,300.0,360.0,22,21,22.0,21.0,1.0,0.793358093112738,False,True,,1.0,0.0,0.0,22.7831715210356,22.5,,detected_breaths,23,22,21,22.5,1.0,2.0,0.5,-1.0,21,2,1,3,4007.8125,0.7637626158259733,True,21.83333333333333,1.166666666666668,22.0,1.0,1,w10s_nonoverlap,10 s / 0% overlap
BIDMC,24,early_fusion_identity_noresidual_rawppg_eventdecoder,0,1,7,360.0,420.0,21,21,21.0,21.0,0.0,0.7791952801700891,False,True,,1.0,0.0,0.0,21.96078431372549,22.03125,,detected_breaths,22,22,21,22.03125,0.0,1.0,0.03125,0.0,22,0,0,0,5710.9375,0.5865795093875453,True,21.67708333333333,0.3229166666666678,22.0,0.0,1,w10s_nonoverlap,10 s / 0% overlap
BIDMC,24,early_fusion_identity_noresidual_rawppg_eventdecoder,0,1,8,420.0,480.0,21,22,21.0,22.0,1.0,0.8654333247697426,False,True,,1.0,0.0,0.0,22.38088299577445,22.5,,detected_breaths,21,22,21,22.96875,1.0,0.0,1.96875,1.0,20,1,2,3,3687.5,0.98441633511098,True,21.98958333333333,0.989583333333332,22.0,1.0,1,w10s_nonoverlap,10 s / 0% overlap
BIDMC,25,early_fusion_identity_noresidual_rawppg_eventdecoder,0,1,1,0.0,60.0,15,17,15.0,17.0,2.0,0.6208771069963124,False,True,,1.0,0.0,0.0,15.279238311780588,15.46875,,detected_breaths,15,20,15,15.46875,5.0,0.0,0.46875,5.0,13,2,6,8,6398.4375,2.7613991962107423,True,16.822916666666668,1.822916666666668,15.46875,0.46875,1,w10s_nonoverlap,10 s / 0% overlap
BIDMC,25,early_fusion_identity_noresidual_rawppg_eventdecoder,0,1,2,60.0,120.0,16,16,16.0,16.0,0.0,0.8200192396766047,False,True,,1.0,0.0,0.0,15.616104107360716,15.46875,,detected_breaths,16,15,16,15.9375,1.0,0.0,0.0625,-1.0,16,0,0,0,6640.625,0.5601804024895314,True,15.645833333333334,0.3541666666666661,15.9375,0.0625,1,w10s_nonoverlap,10 s / 0% overlap
BIDMC,25,early_fusion_identity_noresidual_rawppg_eventdecoder,0,1,3,120.0,180.0,16,16,16.0,16.0,0.0,0.8449287676703867,False,True,,1.0,0.0,0.0,16.405582455140987,16.40625,,detected_breaths,16,17,16,16.40625,1.0,0.0,0.40625,1.0,16,0,0,0,5164.0625,0.5029211543572213,True,16.46875,0.46875,16.40625,0.40625,1,w10s_nonoverlap,10 s / 0% overlap
BIDMC,25,early_fusion_identity_noresidual_rawppg_eventdecoder,0,1,4,180.0,240.0,16,17,16.0,17.0,1.0,0.8229427819908834,False,True,,1.0,0.0,0.0,15.887463798096816,15.9375,,detected_breaths,16,15,16,15.9375,1.0,0.0,0.0625,-1.0,16,0,0,0,6195.3125,0.5601804024895314,True,15.645833333333334,0.3541666666666661,15.9375,0.0625,1,w10s_nonoverlap,10 s / 0% overlap
BIDMC,25,early_fusion_identity_noresidual_rawppg_eventdecoder,0,1,5,240.0,300.0,16,16,16.0,16.0,0.0,0.8736698954146864,False,True,,1.0,0.0,0.0,16.365961074016194,15.9375,,detected_breaths,17,17,17,15.9375,0.0,0.0,1.0625,0.0,17,0,0,0,5304.6875,0.6134346610139774,True,16.645833333333332,0.3541666666666678,17.0,0.0,1,w10s_nonoverlap,10 s / 0% overlap
BIDMC,25,early_fusion_identity_noresidual_rawppg_eventdecoder,0,1,6,300.0,360.0,17,17,17.0,17.0,0.0,0.8936762653400305,False,True,,1.0,0.0,0.0,17.274411219899445,17.34375,,detected_breaths,17,17,17,17.34375,0.0,0.0,0.34375,0.0,17,0,0,0,3406.25,0.1984641550339338,True,17.114583333333332,0.1145833333333321,17.0,0.0,1,w10s_nonoverlap,10 s / 0% overlap
BIDMC,25,early_fusion_identity_noresidual_rawppg_eventdecoder,0,1,7,360.0,420.0,15,17,15.0,17.0,2.0,0.7711964323044807,False,True,,1.0,0.0,0.0,16.064705062055502,15.0,,detected_breaths,16,16,15,15.0,0.0,1.0,1.0,0.0,14,2,2,4,4945.3125,0.5773502691896257,True,15.333333333333334,0.6666666666666661,15.0,1.0,1,w10s_nonoverlap,10 s / 0% overlap
BIDMC,25,early_fusion_identity_noresidual_rawppg_eventdecoder,0,1,8,420.0,480.0,15,16,15.0,16.0,1.0,0.8449687467512177,False,True,,1.0,0.0,0.0,15.473472128945602,15.46875,,detected_breaths,14,17,15,15.46875,3.0,1.0,1.46875,3.0,14,0,3,3,5289.0625,1.045980650314973,True,15.822916666666666,1.822916666666666,15.46875,1.46875,1,w10s_nonoverlap,10 s / 0% overlap
BIDMC,26,early_fusion_identity_noresidual_rawppg_eventdecoder,0,1,1,0.0,60.0,17,19,17.0,19.0,2.0,-0.0564899983380174,False,True,,1.0,0.0,0.0,16.13897450266181,15.0,,detected_breaths,16,18,17,18.75,2.0,1.0,2.75,2.0,8,8,10,18,3250.0,0.8779711460710615,True,17.916666666666668,1.916666666666668,18.0,2.0,1,w10s_nonoverlap,10 s / 0% overlap
BIDMC,26,early_fusion_identity_noresidual_rawppg_eventdecoder,0,1,2,60.0,120.0,18,19,18.0,19.0,1.0,-0.0783684196869715,False,True,,1.0,0.0,0.0,17.66600214690998,18.28125,,detected_breaths,17,20,19,18.28125,3.0,2.0,1.28125,3.0,11,6,9,15,7351.5625,0.8632017073083208,True,19.09375,2.09375,19.0,2.0,1,w10s_nonoverlap,10 s / 0% overlap
BIDMC,26,early_fusion_identity_noresidual_rawppg_eventdecoder,0,1,3,120.0,180.0,17,17,17.0,17.0,0.0,-0.0384213334372862,False,True,,1.0,0.0,0.0,16.87448503158473,16.40625,,detected_breaths,17,17,17,16.40625,0.0,0.0,0.59375,0.0,9,8,8,16,5195.3125,0.3428017223313403,True,16.802083333333332,0.1979166666666678,17.0,0.0,1,w10s_nonoverlap,10 s / 0% overlap
BIDMC,26,early_fusion_identity_noresidual_rawppg_eventdecoder,0,1,4,180.0,240.0,18,19,18.0,19.0,1.0,0.2121044430173901,False,True,,1.0,0.0,0.0,18.50850180747088,18.75,,detected_breaths,19,20,17,19.21875,1.0,2.0,0.21875,1.0,13,6,7,13,6281.25,1.5563420320846355,True,18.73958333333333,0.2604166666666678,19.21875,0.21875,1,w10s_nonoverlap,10 s / 0% overlap
BIDMC,26,early_fusion_identity_noresidual_rawppg_eventdecoder,0,1,5,240.0,300.0,15,18,15.0,18.0,3.0,-0.3494035709336957,False,True,,1.0,0.0,0.0,14.966592427616929,14.53125,,detected_breaths,15,17,15,15.46875,2.0,0.0,0.46875,2.0,7,8,10,18,4406.25,1.045980650314973,True,15.822916666666666,0.8229166666666661,15.46875,0.46875,1,w10s_nonoverlap,10 s / 0% overlap
BIDMC,26,early_fusion_identity_noresidual_rawppg_eventdecoder,0,1,6,300.0,360.0,16,19,16.0,19.0,3.0,-0.2018450274321769,False,True,,1.0,0.0,0.0,14.551814604285092,13.59375,,detected_breaths,14,19,16,13.59375,5.0,2.0,0.40625,5.0,6,8,13,21,2125.0,2.7085536769341183,True,16.197916666666668,2.197916666666668,16.0,2.0,1,w10s_nonoverlap,10 s / 0% overlap
BIDMC,26,early_fusion_identity_noresidual_rawppg_eventdecoder,0,1,7,360.0,420.0,16,18,16.0,18.0,2.0,-0.0631463286783549,False,False,ref_disagreement,1.0,0.0,0.0,16.779026217228463,14.53125,,detected_breaths,16,19,17,11.25,3.0,1.0,4.75,3.0,9,7,10,17,4695.3125,4.02336923485777,False,,,17.0,1.0,1,w10s_nonoverlap,10 s / 0% overlap
BIDMC,26,early_fusion_identity_noresidual_rawppg_eventdecoder,0,1,8,420.0,480.0,17,17,17.0,17.0,0.0,0.1216343310981662,False,True,,1.0,0.0,0.0,17.6273131544972,17.34375,,detected_breaths,17,17,14,17.34375,0.0,3.0,0.34375,0.0,10,7,7,14,4117.1875,1.839330862252176,True,16.114583333333332,0.8854166666666679,17.0,0.0,1,w10s_nonoverlap,10 s / 0% overlap
BIDMC,27,early_fusion_identity_noresidual_rawppg_eventdecoder,0,1,1,0.0,60.0,11,22,11.0,22.0,11.0,-0.3077436091798418,False,True,,1.0,0.0,0.0,10.976132628269257,11.25,,detected_breaths,11,20,20,22.5,9.0,9.0,11.5,9.0,10,1,10,11,7531.25,1.4433756729740643,True,20.83333333333333,9.833333333333332,20.0,9.0,1,w10s_nonoverlap,10 s / 0% overlap
BIDMC,27,early_fusion_identity_noresidual_rawppg_eventdecoder,0,1,2,60.0,120.0,11,22,11.0,22.0,11.0,-0.2844329801548936,False,True,,1.0,0.0,0.0,11.11111111111111,11.25,,detected_breaths,11,22,20,22.03125,11.0,9.0,11.03125,11.0,11,0,11,11,6351.5625,1.1638265280960045,True,21.34375,10.34375,22.0,11.0,1,w10s_nonoverlap,10 s / 0% overlap
BIDMC,27,early_fusion_identity_noresidual_rawppg_eventdecoder,0,1,3,120.0,180.0,12,20,12.0,20.0,8.0,-0.2972102189860683,False,True,,1.0,0.0,0.0,10.847457627118644,10.78125,,detected_breaths,11,20,15,11.25,9.0,4.0,0.25,9.0,9,2,11,13,4585.9375,4.3898557303553085,False,,,15.0,4.0,1,w10s_nonoverlap,10 s / 0% overlap
BIDMC,27,early_fusion_identity_noresidual_rawppg_eventdecoder,0,1,4,180.0,240.0,11,21,11.0,21.0,10.0,-0.3978186657014759,False,True,,1.0,0.0,0.0,11.05194992085192,10.78125,,detected_breaths,11,21,18,17.8125,10.0,7.0,6.8125,10.0,11,0,10,10,6765.625,1.7886360026567731,True,18.9375,7.9375,18.0,7.0,1,w10s_nonoverlap,10 s / 0% overlap
BIDMC,27,early_fusion_identity_noresidual_rawppg_eventdecoder,0,1,5,240.0,300.0,12,20,12.0,20.0,8.0,-0.2111773378798764,False,True,,1.0,0.0,0.0,10.668148353938047,9.84375,,detected_breaths,11,25,18,19.6875,14.0,7.0,8.6875,14.0,11,0,14,14,6703.125,3.653088020200627,True,20.89583333333333,9.895833333333332,19.6875,8.6875,1,w10s_nonoverlap,10 s / 0% overlap
BIDMC,27,early_fusion_identity_noresidual_rawppg_eventdecoder,0,1,6,300.0,360.0,12,20,12.0,20.0,8.0,-0.16746400261345,False,True,,1.0,0.0,0.0,10.845755531147027,10.78125,,detected_breaths,10,19,20,21.09375,9.0,10.0,11.09375,9.0,9,1,10,11,4867.1875,1.0472247550072524,True,20.03125,10.03125,20.0,10.0,1,w10s_nonoverlap,10 s / 0% overlap
BIDMC,27,early_fusion_identity_noresidual_rawppg_eventdecoder,0,1,7,360.0,420.0,11,21,11.0,21.0,10.0,-0.1755432698893101,False,True,,1.0,0.0,0.0,10.737921391952774,10.3125,,detected_breaths,11,23,19,21.09375,12.0,8.0,10.09375,12.0,11,0,12,12,7023.4375,2.00073228781364,True,21.03125,10.03125,21.09375,10.09375,1,w10s_nonoverlap,10 s / 0% overlap
BIDMC,27,early_fusion_identity_noresidual_rawppg_eventdecoder,0,1,8,420.0,480.0,13,19,13.0,19.0,6.0,-0.0139854975512937,False,False,ref_disagreement,1.0,0.0,0.0,12.911508482347546,21.5625,,detected_breaths,12,18,17,18.28125,6.0,5.0,6.28125,6.0,11,1,7,8,5710.9375,0.6733873482872493,True,17.760416666666668,5.760416666666668,18.0,6.0,1,w10s_nonoverlap,10 s / 0% overlap
BIDMC,28,early_fusion_identity_noresidual_rawppg_eventdecoder,0,1,1,0.0,60.0,17,18,17.0,18.0,1.0,0.8688885490586968,False,True,,1.0,0.0,0.0,17.789889630739882,17.34375,,detected_breaths,17,18,17,17.34375,1.0,0.0,0.34375,1.0,16,1,2,3,4367.1875,0.5080728499273832,True,17.447916666666668,0.4479166666666678,17.34375,0.34375,1,w10s_nonoverlap,10 s / 0% overlap
BIDMC,28,early_fusion_identity_noresidual_rawppg_eventdecoder,0,1,2,60.0,120.0,18,18,18.0,18.0,0.0,0.8818345905385686,False,False,ref_disagreement,1.0,0.0,0.0,17.683868346200732,19.6875,,detected_breaths,17,17,18,16.875,0.0,1.0,0.125,0.0,17,0,0,0,4093.75,0.6166103577895309,True,17.291666666666668,0.2916666666666678,17.0,0.0,1,w10s_nonoverlap,10 s / 0% overlap
BIDMC,28,early_fusion_identity_noresidual_rawppg_eventdecoder,0,1,3,120.0,180.0,18,19,18.0,19.0,1.0,0.8001020898395761,False,True,,1.0,0.0,0.0,18.84254582190793,18.75,,detected_breaths,19,20,20,18.75,1.0,1.0,0.25,1.0,19,0,1,1,5601.5625,0.7216878364870322,True,19.58333333333333,0.5833333333333321,20.0,1.0,1,w10s_nonoverlap,10 s / 0% overlap
BIDMC,28,early_fusion_identity_noresidual_rawppg_eventdecoder,0,1,4,180.0,240.0,18,18,18.0,18.0,0.0,0.7836507111012498,False,True,,1.0,0.0,0.0,19.09197958916656,18.28125,,detected_breaths,19,18,18,17.8125,1.0,1.0,1.1875,-1.0,18,1,0,1,4570.3125,0.1082531754730548,True,17.9375,1.0625,18.0,1.0,1,w10s_nonoverlap,10 s / 0% overlap
BIDMC,28,early_fusion_identity_noresidual_rawppg_eventdecoder,0,1,5,240.0,300.0,18,17,18.0,17.0,1.0,0.8370721773009656,False,True,,1.0,0.0,0.0,18.1056718901678,17.8125,,detected_breaths,18,18,18,17.34375,0.0,0.0,0.65625,0.0,18,0,0,0,5843.75,0.3788861141556919,True,17.78125,0.21875,18.0,0.0,1,w10s_nonoverlap,10 s / 0% overlap
BIDMC,28,early_fusion_identity_noresidual_rawppg_eventdecoder,0,1,6,300.0,360.0,17,17,17.0,17.0,0.0,0.7627898484701416,False,True,,1.0,0.0,0.0,17.375565610859727,16.875,,detected_breaths,16,17,17,17.34375,1.0,1.0,1.34375,1.0,15,1,2,3,4953.125,0.1984641550339338,True,17.114583333333332,1.114583333333332,17.0,1.0,1,w10s_nonoverlap,10 s / 0% overlap
BIDMC,28,early_fusion_identity_noresidual_rawppg_eventdecoder,0,1,7,360.0,420.0,18,18,18.0,18.0,0.0,0.7649880909364473,False,True,,1.0,0.0,0.0,18.02319160684705,17.8125,,detected_breaths,18,18,18,18.28125,0.0,0.0,0.28125,0.0,16,2,2,4,6140.625,0.1623797632095822,True,18.09375,0.09375,18.0,0.0,1,w10s_nonoverlap,10 s / 0% overlap
BIDMC,28,early_fusion_identity_noresidual_rawppg_eventdecoder,0,1,8,420.0,480.0,17,17,17.0,17.0,0.0,0.851927859277325,False,True,,1.0,0.0,0.0,17.531744899415038,17.8125,,detected_breaths,17,18,17,17.34375,1.0,0.0,0.34375,1.0,17,0,1,1,4531.25,0.5080728499273832,True,17.447916666666668,0.4479166666666678,17.34375,0.34375,1,w10s_nonoverlap,10 s / 0% overlap
BIDMC,29,early_fusion_identity_noresidual_rawppg_eventdecoder,0,1,1,0.0,60.0,19,19,19.0,19.0,0.0,0.7860104867980906,False,True,,1.0,0.0,0.0,19.50802139037433,20.15625,,detected_breaths,20,20,20,20.15625,0.0,0.0,0.15625,0.0,19,1,1,2,5437.5,0.090210979560879,True,20.05208333333333,0.0520833333333321,20.0,0.0,1,w10s_nonoverlap,10 s / 0% overlap
BIDMC,29,early_fusion_identity_noresidual_rawppg_eventdecoder,0,1,2,60.0,120.0,18,17,18.0,17.0,1.0,0.6005097368348797,False,True,,1.0,0.0,0.0,18.65889212827988,19.6875,,detected_breaths,18,18,17,19.6875,0.0,1.0,1.6875,0.0,17,1,2,3,5593.75,1.3583269427252531,True,18.229166666666668,0.2291666666666678,18.0,0.0,1,w10s_nonoverlap,10 s / 0% overlap
BIDMC,29,early_fusion_identity_noresidual_rawppg_eventdecoder,0,1,3,120.0,180.0,20,18,20.0,18.0,2.0,0.46721296905152,False,True,,1.0,0.0,0.0,19.641943734015346,19.6875,,detected_breaths,19,19,19,19.6875,0.0,0.0,0.6875,0.0,14,5,5,10,7085.9375,0.3969283100678677,True,19.229166666666668,0.2291666666666678,19.0,0.0,1,w10s_nonoverlap,10 s / 0% overlap
BIDMC,29,early_fusion_identity_noresidual_rawppg_eventdecoder,0,1,4,180.0,240.0,19,19,19.0,19.0,0.0,0.6734836696506168,False,True,,1.0,0.0,0.0,18.53580048270313,18.28125,,detected_breaths,18,19,18,18.28125,1.0,0.0,0.28125,1.0,16,2,2,4,5695.3125,0.5157039081036068,True,18.42708333333333,0.4270833333333321,18.28125,0.28125,1,w10s_nonoverlap,10 s / 0% overlap
BIDMC,29,early_fusion_identity_noresidual_rawppg_eventdecoder,0,1,5,240.0,300.0,19,19,19.0,19.0,0.0,0.510099121977315,False,True,,1.0,0.0,0.0,18.986402966625462,18.75,,detected_breaths,19,19,19,18.75,0.0,0.0,0.25,0.0,17,2,2,4,8109.375,0.1443375672974064,True,18.916666666666668,0.0833333333333321,19.0,0.0,1,w10s_nonoverlap,10 s / 0% overlap
BIDMC,29,early_fusion_identity_noresidual_rawppg_eventdecoder,0,1,6,300.0,360.0,18,18,18.0,18.0,0.0,0.5547806587296842,False,True,,1.0,0.0,0.0,18.257586351559222,18.28125,,detected_breaths,19,18,18,18.28125,1.0,1.0,0.71875,-1.0,17,2,1,3,7898.4375,0.1623797632095822,True,18.09375,0.90625,18.0,1.0,1,w10s_nonoverlap,10 s / 0% overlap
BIDMC,29,early_fusion_identity_noresidual_rawppg_eventdecoder,0,1,7,360.0,420.0,18,18,18.0,18.0,0.0,0.359070501081899,False,True,,1.0,0.0,0.0,18.295394388565377,17.8125,,detected_breaths,18,19,15,17.34375,1.0,3.0,0.65625,1.0,14,4,5,9,5898.4375,2.0098228829509663,True,17.114583333333332,0.8854166666666679,17.34375,0.65625,1,w10s_nonoverlap,10 s / 0% overlap
BIDMC,29,early_fusion_identity_noresidual_rawppg_eventdecoder,0,1,8,420.0,480.0,17,17,17.0,17.0,0.0,0.4453199873408818,False,True,,1.0,0.0,0.0,16.974720265230005,16.40625,,detected_breaths,17,19,17,17.34375,2.0,0.0,0.34375,2.0,13,4,6,10,6140.625,1.069371164516792,True,17.78125,0.78125,17.34375,0.34375,1,w10s_nonoverlap,10 s / 0% overlap
BIDMC,30,early_fusion_identity_noresidual_rawppg_eventdecoder,0,1,1,0.0,60.0,18,20,18.0,20.0,2.0,0.5130237806105443,False,True,,1.0,0.0,0.0,18.51914893617021,17.8125,,detected_breaths,19,18,19,19.21875,1.0,0.0,0.21875,-1.0,14,5,4,9,4867.1875,0.6497695905729455,True,18.73958333333333,0.2604166666666678,19.0,0.0,1,w10s_nonoverlap,10 s / 0% overlap
BIDMC,30,early_fusion_identity_noresidual_rawppg_eventdecoder,0,1,2,60.0,120.0,17,17,17.0,17.0,0.0,-0.112169663798175,False,True,,1.0,0.0,0.0,17.085650723025584,18.75,,detected_breaths,17,19,18,20.15625,2.0,1.0,3.15625,2.0,8,9,11,20,3757.8125,1.079068126131679,True,19.05208333333333,2.052083333333332,19.0,2.0,1,w10s_nonoverlap,10 s / 0% overlap
BIDMC,30,early_fusion_identity_noresidual_rawppg_eventdecoder,0,1,3,120.0,180.0,18,21,18.0,21.0,3.0,0.0995315409367455,False,True,,1.0,0.0,0.0,19.007287226729,19.6875,,detected_breaths,18,20,19,20.625,2.0,1.0,2.625,2.0,9,9,11,20,2906.25,0.81967981553775,True,19.875,1.875,20.0,2.0,1,w10s_nonoverlap,10 s / 0% overlap
BIDMC,30,early_fusion_identity_noresidual_rawppg_eventdecoder,0,1,4,180.0,240.0,18,20,18.0,20.0,2.0,0.0509904130970874,False,True,,1.0,0.0,0.0,18.288275668861186,17.8125,,detected_breaths,19,21,19,19.6875,2.0,0.0,0.6875,2.0,12,7,9,16,4515.625,1.0161456998547664,True,19.89583333333333,0.8958333333333321,19.6875,0.6875,1,w10s_nonoverlap,10 s / 0% overlap
BIDMC,30,early_fusion_identity_noresidual_rawppg_eventdecoder,0,1,5,240.0,300.0,18,18,18.0,18.0,0.0,0.0320301517518613,False,True,,1.0,0.0,0.0,18.828657041678017,19.21875,,detected_breaths,19,21,16,13.125,2.0,3.0,5.875,2.0,10,9,11,20,3687.5,3.9849979088242113,True,16.708333333333332,2.291666666666668,16.0,3.0,1,w10s_nonoverlap,10 s / 0% overlap
BIDMC,30,early_fusion_identity_noresidual_rawppg_eventdecoder,0,1,6,300.0,360.0,20,20,20.0,20.0,0.0,0.3588066039303009,False,True,,1.0,0.0,0.0,19.769678905297383,19.6875,,detected_breaths,19,21,17,22.5,2.0,2.0,3.5,2.0,14,5,7,12,4398.4375,2.8431203515386634,True,20.166666666666668,1.166666666666668,21.0,2.0,1,w10s_nonoverlap,10 s / 0% overlap
BIDMC,30,early_fusion_identity_noresidual_rawppg_eventdecoder,0,1,7,360.0,420.0,18,20,18.0,20.0,2.0,0.5471097750305931,False,True,,1.0,0.0,0.0,18.620689655172413,19.21875,,detected_breaths,19,20,16,19.21875,1.0,3.0,0.21875,1.0,14,5,6,11,4906.25,2.120169141247933,True,18.40625,0.59375,19.21875,0.21875,1,w10s_nonoverlap,10 s / 0% overlap
BIDMC,30,early_fusion_identity_noresidual_rawppg_eventdecoder,0,1,8,420.0,480.0,19,20,19.0,20.0,1.0,0.1108984815263773,False,True,,1.0,0.0,0.0,20.19060138021689,20.625,,detected_breaths,18,21,17,16.40625,3.0,1.0,1.59375,3.0,10,8,11,19,3187.5,2.498502155459013,True,18.135416666666668,0.1354166666666678,17.0,1.0,1,w10s_nonoverlap,10 s / 0% overlap
BIDMC,31,early_fusion_identity_noresidual_rawppg_eventdecoder,0,1,1,0.0,60.0,18,18,18.0,18.0,0.0,0.5033106900064215,False,False,ref_disagreement,1.0,0.0,0.0,17.31191885038039,19.6875,,detected_breaths,17,18,17,19.6875,1.0,0.0,2.6875,1.0,13,4,5,9,2367.1875,1.3583269427252531,True,18.229166666666668,1.229166666666668,18.0,1.0,1,w10s_nonoverlap,10 s / 0% overlap
BIDMC,31,early_fusion_identity_noresidual_rawppg_eventdecoder,0,1,2,60.0,120.0,19,19,19.0,19.0,0.0,0.9350421360009022,False,True,,1.0,0.0,0.0,18.99422918384172,18.75,,detected_breaths,19,19,19,18.75,0.0,0.0,0.25,0.0,19,0,0,0,2539.0625,0.1443375672974064,True,18.916666666666668,0.0833333333333321,19.0,0.0,1,w10s_nonoverlap,10 s / 0% overlap
BIDMC,31,early_fusion_identity_noresidual_rawppg_eventdecoder,0,1,3,120.0,180.0,18,18,18.0,18.0,0.0,0.8287539688222383,False,True,,1.0,0.0,0.0,17.07615341856587,18.75,,detected_breaths,17,17,17,16.875,0.0,0.0,0.125,0.0,16,1,1,2,3460.9375,0.0721687836487032,True,16.958333333333332,0.0416666666666678,17.0,0.0,1,w10s_nonoverlap,10 s / 0% overlap
BIDMC,31,early_fusion_identity_noresidual_rawppg_eventdecoder,0,1,4,180.0,240.0,19,19,19.0,19.0,0.0,0.9157515217417068,False,True,,1.0,0.0,0.0,18.5756517065305,18.75,,detected_breaths,19,19,19,18.75,0.0,0.0,0.25,0.0,19,0,0,0,3125.0,0.1443375672974064,True,18.916666666666668,0.0833333333333321,19.0,0.0,1,w10s_nonoverlap,10 s / 0% overlap
BIDMC,31,early_fusion_identity_noresidual_rawppg_eventdecoder,0,1,5,240.0,300.0,18,18,18.0,18.0,0.0,0.9277078324952456,False,True,,1.0,0.0,0.0,18.255033557046985,18.28125,,detected_breaths,18,18,18,18.28125,0.0,0.0,0.28125,0.0,18,0,0,0,2445.3125,0.1623797632095822,True,18.09375,0.09375,18.0,0.0,1,w10s_nonoverlap,10 s / 0% overlap
BIDMC,31,early_fusion_identity_noresidual_rawppg_eventdecoder,0,1,6,300.0,360.0,17,17,17.0,17.0,0.0,0.9070413495212256,False,True,,1.0,0.0,0.0,17.42731527442916,17.8125,,detected_breaths,18,18,18,17.34375,0.0,0.0,0.65625,0.0,18,0,0,0,3718.75,0.3788861141556919,True,17.78125,0.21875,18.0,0.0,1,w10s_nonoverlap,10 s / 0% overlap
BIDMC,31,early_fusion_identity_noresidual_rawppg_eventdecoder,0,1,7,360.0,420.0,17,17,17.0,17.0,0.0,0.9123964961032264,False,True,,1.0,0.0,0.0,17.527184857027788,17.8125,,detected_breaths,17,17,17,17.8125,0.0,0.0,0.8125,0.0,17,0,0,0,4335.9375,0.4690970937165709,True,17.270833333333332,0.2708333333333321,17.0,0.0,1,w10s_nonoverlap,10 s / 0% overlap
BIDMC,31,early_fusion_identity_noresidual_rawppg_eventdecoder,0,1,8,420.0,480.0,18,18,18.0,18.0,0.0,0.8473444432974637,False,True,,1.0,0.0,0.0,17.919297282459514,17.8125,,detected_breaths,18,18,18,17.8125,0.0,0.0,0.1875,0.0,18,0,0,0,4867.1875,0.1082531754730548,True,17.9375,0.0625,18.0,0.0,1,w10s_nonoverlap,10 s / 0% overlap
BIDMC,32,early_fusion_identity_noresidual_rawppg_eventdecoder,0,1,1,0.0,60.0,25,23,25.0,23.0,2.0,0.2068779493153175,False,True,,1.0,0.0,0.0,25.238942900178007,25.3125,,detected_breaths,25,23,19,25.3125,2.0,6.0,0.3125,-2.0,18,7,5,12,5570.3125,3.1936215727603043,True,22.4375,2.5625,23.0,2.0,1,w10s_nonoverlap,10 s / 0% overlap
BIDMC,32,early_fusion_identity_noresidual_rawppg_eventdecoder,0,1,2,60.0,120.0,24,21,24.0,21.0,3.0,0.0307771072088731,False,True,,1.0,0.0,0.0,24.89128966914247,24.84375,,detected_breaths,25,21,19,24.84375,4.0,6.0,0.15625,-4.0,15,10,6,16,4210.9375,2.9699558954357106,True,21.61458333333333,3.385416666666668,21.0,4.0,1,w10s_nonoverlap,10 s / 0% overlap
BIDMC,32,early_fusion_identity_noresidual_rawppg_eventdecoder,0,1,3,120.0,180.0,24,22,24.0,22.0,2.0,0.2579228405402103,False,True,,1.0,0.0,0.0,24.744260974627466,24.375,,detected_breaths,25,25,17,24.84375,0.0,8.0,0.15625,0.0,22,3,3,6,6203.125,4.574363856045997,False,,,24.84375,0.15625,1,w10s_nonoverlap,10 s / 0% overlap
BIDMC,32,early_fusion_identity_noresidual_rawppg_eventdecoder,0,1,4,180.0,240.0,24,23,24.0,23.0,1.0,0.278082774799301,False,True,,1.0,0.0,0.0,25.14254535534034,25.3125,,detected_breaths,25,25,22,25.3125,0.0,3.0,0.3125,0.0,20,5,5,10,5171.875,1.8289483544740488,True,24.104166666666668,0.8958333333333321,25.0,0.0,1,w10s_nonoverlap,10 s / 0% overlap
BIDMC,32,early_fusion_identity_noresidual_rawppg_eventdecoder,0,1,5,240.0,300.0,24,23,24.0,23.0,1.0,0.2142075483585446,False,True,,1.0,0.0,0.0,24.35741864313293,23.90625,,detected_breaths,24,24,20,24.375,0.0,4.0,0.375,0.0,15,9,9,18,2875.0,2.424914087825244,True,22.791666666666668,1.208333333333332,24.0,0.0,1,w10s_nonoverlap,10 s / 0% overlap
BIDMC,32,early_fusion_identity_noresidual_rawppg_eventdecoder,0,1,6,300.0,360.0,24,23,24.0,23.0,1.0,0.2899685232374351,False,True,,1.0,0.0,0.0,24.612097743356923,24.84375,,detected_breaths,25,24,19,24.84375,1.0,6.0,0.15625,-1.0,19,6,5,11,4890.625,3.15862122148784,True,22.61458333333333,2.385416666666668,24.0,1.0,1,w10s_nonoverlap,10 s / 0% overlap
BIDMC,32,early_fusion_identity_noresidual_rawppg_eventdecoder,0,1,7,360.0,420.0,24,21,24.0,21.0,3.0,0.1780114826787588,False,True,,1.0,0.0,0.0,24.243755146856984,24.375,,detected_breaths,24,22,19,22.5,2.0,5.0,1.5,-2.0,17,7,5,12,4750.0,1.892969448600092,True,21.166666666666668,2.833333333333332,22.0,2.0,1,w10s_nonoverlap,10 s / 0% overlap
BIDMC,32,early_fusion_identity_noresidual_rawppg_eventdecoder,0,1,8,420.0,480.0,24,20,24.0,20.0,4.0,0.2000538622197319,False,True,,1.0,0.0,0.0,24.04246631278073,24.375,,detected_breaths,24,20,17,11.25,4.0,7.0,12.75,-4.0,14,10,6,16,4429.6875,4.4464405239847,False,,,17.0,7.0,1,w10s_nonoverlap,10 s / 0% overlap
BIDMC,33,early_fusion_identity_noresidual_rawppg_eventdecoder,0,1,1,0.0,60.0,13,18,13.0,18.0,5.0,0.4216277198131905,False,True,,1.0,0.0,0.0,13.302540415704389,13.125,,detected_breaths,13,17,17,13.59375,4.0,4.0,0.59375,4.0,12,1,4,5,6007.8125,1.9665993544271627,True,15.864583333333334,2.864583333333334,17.0,4.0,1,w10s_nonoverlap,10 s / 0% overlap
BIDMC,33,early_fusion_identity_noresidual_rawppg_eventdecoder,0,1,2,60.0,120.0,14,16,14.0,16.0,2.0,0.4034320077332389,False,True,,1.0,0.0,0.0,13.504666576491276,13.59375,,detected_breaths,14,13,13,13.59375,1.0,1.0,0.40625,-1.0,11,3,3,6,8312.5,0.3428017223313402,True,13.197916666666666,0.8020833333333339,13.0,1.0,1,w10s_nonoverlap,10 s / 0% overlap
BIDMC,33,early_fusion_identity_noresidual_rawppg_eventdecoder,0,1,3,120.0,180.0,12,19,12.0,19.0,7.0,0.3050913847559562,False,True,,1.0,0.0,0.0,12.309485647675944,12.65625,,detected_breaths,12,22,17,14.0625,10.0,5.0,2.0625,10.0,10,2,12,14,5742.1875,4.013161939169661,False,,,17.0,5.0,1,w10s_nonoverlap,10 s / 0% overlap
BIDMC,33,early_fusion_identity_noresidual_rawppg_eventdecoder,0,1,4,180.0,240.0,13,15,13.0,15.0,2.0,0.3837010827428077,False,True,,1.0,0.0,0.0,12.383465259454706,13.125,,detected_breaths,13,16,15,13.59375,3.0,2.0,0.59375,3.0,9,4,8,12,5250.0,1.208827126115779,True,14.864583333333334,1.864583333333334,15.0,2.0,1,w10s_nonoverlap,10 s / 0% overlap
BIDMC,33,early_fusion_identity_noresidual_rawppg_eventdecoder,0,1,5,240.0,300.0,14,15,14.0,15.0,1.0,0.5636839924130602,False,True,,1.0,0.0,0.0,14.426405474305648,13.59375,,detected_breaths,14,17,16,12.65625,3.0,2.0,1.34375,3.0,12,2,4,6,5281.25,2.2748197043941745,True,15.21875,1.21875,16.0,2.0,1,w10s_nonoverlap,10 s / 0% overlap
BIDMC,33,early_fusion_identity_noresidual_rawppg_eventdecoder,0,1,6,300.0,360.0,13,20,13.0,20.0,7.0,0.2673322708939114,False,True,,1.0,0.0,0.0,14.024441635061104,14.0625,,detected_breaths,14,20,17,12.65625,6.0,3.0,1.34375,6.0,11,3,9,12,5671.875,3.692307953141684,True,16.552083333333332,2.552083333333332,17.0,3.0,1,w10s_nonoverlap,10 s / 0% overlap
BIDMC,33,early_fusion_identity_noresidual_rawppg_eventdecoder,0,1,7,360.0,420.0,14,19,14.0,19.0,5.0,0.3863088241112482,False,True,,1.0,0.0,0.0,14.465372355838888,13.59375,,detected_breaths,14,16,17,14.0625,2.0,3.0,0.0625,2.0,11,3,5,8,5898.4375,1.4934753931685651,True,15.6875,1.6875,16.0,2.0,1,w10s_nonoverlap,10 s / 0% overlap
BIDMC,33,early_fusion_identity_noresidual_rawppg_eventdecoder,0,1,8,420.0,480.0,13,17,13.0,17.0,4.0,0.1068135573744081,False,True,,1.0,0.0,0.0,12.962025316455696,11.71875,,detected_breaths,13,17,16,12.1875,4.0,3.0,0.8125,4.0,5,8,12,20,3617.1875,2.539531206738756,True,15.0625,2.0625,16.0,3.0,1,w10s_nonoverlap,10 s / 0% overlap
BIDMC,34,early_fusion_identity_noresidual_rawppg_eventdecoder,0,1,1,0.0,60.0,18,19,18.0,19.0,1.0,0.6428531691226427,False,True,,1.0,0.0,0.0,17.567276641550052,19.21875,,detected_breaths,17,19,16,18.28125,2.0,1.0,1.28125,2.0,15,2,4,6,3757.8125,1.5663494248836476,True,17.760416666666668,0.7604166666666679,18.28125,1.28125,1,w10s_nonoverlap,10 s / 0% overlap
BIDMC,34,early_fusion_identity_noresidual_rawppg_eventdecoder,0,1,2,60.0,120.0,18,20,18.0,20.0,2.0,0.5935058404869591,False,False,ref_disagreement,1.0,0.0,0.0,16.677524429967427,14.53125,,detected_breaths,17,20,18,18.75,3.0,1.0,1.75,3.0,16,1,4,5,5148.4375,1.0103629710818451,True,18.916666666666668,1.916666666666668,18.75,1.75,1,w10s_nonoverlap,10 s / 0% overlap
BIDMC,34,early_fusion_identity_noresidual_rawppg_eventdecoder,0,1,3,120.0,180.0,19,18,19.0,18.0,1.0,0.7988036418070092,False,True,,1.0,0.0,0.0,19.057071960297765,17.34375,,detected_breaths,19,19,18,17.8125,0.0,1.0,1.1875,0.0,19,0,0,0,5421.875,0.6383980602518567,True,18.27083333333333,0.7291666666666679,18.0,1.0,1,w10s_nonoverlap,10 s / 0% overlap
BIDMC,34,early_fusion_identity_noresidual_rawppg_eventdecoder,0,1,4,180.0,240.0,18,17,18.0,17.0,1.0,0.7325419680607304,False,True,,1.0,0.0,0.0,17.811732605729876,17.34375,,detected_breaths,18,18,17,17.34375,0.0,1.0,0.65625,0.0,16,2,2,4,3093.75,0.5080728499273832,True,17.447916666666668,0.5520833333333321,17.34375,0.65625,1,w10s_nonoverlap,10 s / 0% overlap
BIDMC,34,early_fusion_identity_noresidual_rawppg_eventdecoder,0,1,5,240.0,300.0,17,17,17.0,17.0,0.0,0.6341544632196932,False,True,,1.0,0.0,0.0,16.998201687646976,18.28125,,detected_breaths,17,17,17,18.28125,0.0,0.0,1.28125,0.0,14,3,3,6,4492.1875,0.739730032399208,True,17.427083333333332,0.4270833333333321,17.0,0.0,1,w10s_nonoverlap,10 s / 0% overlap
BIDMC,34,early_fusion_identity_noresidual_rawppg_eventdecoder,0,1,6,300.0,360.0,16,16,16.0,16.0,0.0,0.7816948783651223,False,True,,1.0,0.0,0.0,16.789178849569613,16.875,,detected_breaths,17,18,17,16.40625,1.0,0.0,0.59375,1.0,17,0,1,1,6843.75,0.8054582675926377,True,17.135416666666668,0.1354166666666678,17.0,0.0,1,w10s_nonoverlap,10 s / 0% overlap
BIDMC,34,early_fusion_identity_noresidual_rawppg_eventdecoder,0,1,7,360.0,420.0,16,18,16.0,18.0,2.0,0.5571678983726375,False,True,,1.0,0.0,0.0,16.928728875826597,16.40625,,detected_breaths,17,18,16,16.40625,1.0,1.0,0.59375,1.0,14,3,4,7,5718.75,1.0571248842181955,True,16.802083333333332,0.1979166666666678,16.40625,0.59375,1,w10s_nonoverlap,10 s / 0% overlap
BIDMC,34,early_fusion_identity_noresidual_rawppg_eventdecoder,0,1,8,420.0,480.0,16,16,16.0,16.0,0.0,0.6672662532829952,False,True,,1.0,0.0,0.0,16.161616161616163,16.875,,detected_breaths,15,17,16,16.875,2.0,1.0,1.875,2.0,14,1,3,4,5671.875,0.5448623679425842,True,16.625,1.625,16.875,1.875,1,w10s_nonoverlap,10 s / 0% overlap
BIDMC,35,early_fusion_identity_noresidual_rawppg_eventdecoder,0,1,1,0.0,60.0,19,18,19.0,18.0,1.0,0.6716962265243328,False,True,,1.0,0.0,0.0,17.94392523364486,16.40625,,detected_breaths,18,18,17,16.40625,0.0,1.0,1.59375,0.0,17,1,1,2,5875.0,0.8054582675926377,True,17.135416666666668,0.8645833333333321,17.0,1.0,1,w10s_nonoverlap,10 s / 0% overlap
BIDMC,35,early_fusion_identity_noresidual_rawppg_eventdecoder,0,1,2,60.0,120.0,16,17,16.0,17.0,1.0,0.7237290794309641,False,True,,1.0,0.0,0.0,16.197975253093365,16.40625,,detected_breaths,17,18,16,16.40625,1.0,1.0,0.59375,1.0,17,0,1,1,5164.0625,1.0571248842181955,True,16.802083333333332,0.1979166666666678,16.40625,0.59375,1,w10s_nonoverlap,10 s / 0% overlap
BIDMC,35,early_fusion_identity_noresidual_rawppg_eventdecoder,0,1,3,120.0,180.0,17,17,17.0,17.0,0.0,0.8096728260785704,False,True,,1.0,0.0,0.0,17.38539898132428,17.34375,,detected_breaths,17,17,18,17.34375,0.0,1.0,0.34375,0.0,16,1,1,2,5398.4375,0.5080728499273832,True,17.447916666666668,0.4479166666666678,17.34375,0.34375,1,w10s_nonoverlap,10 s / 0% overlap
BIDMC,35,early_fusion_identity_noresidual_rawppg_eventdecoder,0,1,4,180.0,240.0,17,17,17.0,17.0,0.0,0.6754366072387014,False,True,,1.0,0.0,0.0,16.77344205008736,16.875,,detected_breaths,16,16,16,17.34375,0.0,0.0,1.34375,0.0,14,2,2,4,4000.0,0.7758144242235596,True,16.447916666666668,0.4479166666666678,16.0,0.0,1,w10s_nonoverlap,10 s / 0% overlap
BIDMC,35,early_fusion_identity_noresidual_rawppg_eventdecoder,0,1,5,240.0,300.0,17,19,17.0,19.0,2.0,0.5519628455709165,False,True,,1.0,0.0,0.0,17.889832830912578,18.28125,,detected_breaths,18,19,18,19.21875,1.0,0.0,1.21875,1.0,16,2,3,5,5656.25,0.6497695905729455,True,18.73958333333333,0.7395833333333321,19.0,1.0,1,w10s_nonoverlap,10 s / 0% overlap
BIDMC,35,early_fusion_identity_noresidual_rawppg_eventdecoder,0,2,1,320.0,380.0,17,18,17.0,18.0,1.0,0.4471007006233255,False,True,,1.0,0.0,0.0,17.200447928331467,17.8125,,detected_breaths,17,19,15,11.71875,2.0,2.0,5.28125,2.0,14,3,5,8,5031.25,3.646532671022341,True,15.239583333333334,1.760416666666666,15.0,2.0,1,w10s_nonoverlap,10 s / 0% overlap
BIDMC,35,early_fusion_identity_noresidual_rawppg_eventdecoder,0,2,2,380.0,440.0,18,18,18.0,18.0,0.0,-0.0285417652938785,False,True,,1.0,0.0,0.0,17.845817386550028,17.34375,,detected_breaths,18,18,14,9.84375,0.0,4.0,8.15625,0.0,7,11,11,22,3281.25,4.078374433623442,False,,,14.0,4.0,1,w10s_nonoverlap,10 s / 0% overlap
BIDMC,36,early_fusion_identity_noresidual_rawppg_eventdecoder,0,1,1,0.0,60.0,18,18,18.0,18.0,0.0,0.7185709826322861,False,True,,1.0,0.0,0.0,18.33965444584914,18.28125,,detected_breaths,19,19,19,18.75,0.0,0.0,0.25,0.0,17,2,2,4,4867.1875,0.1443375672974064,True,18.916666666666668,0.0833333333333321,19.0,0.0,1,w10s_nonoverlap,10 s / 0% overlap
BIDMC,36,early_fusion_identity_noresidual_rawppg_eventdecoder,0,1,2,60.0,120.0,19,18,19.0,18.0,1.0,0.554399595449288,False,True,,1.0,0.0,0.0,19.15742793791574,18.28125,,detected_breaths,19,19,16,14.0625,0.0,3.0,4.9375,0.0,15,4,4,8,4093.75,2.48773030759633,True,16.354166666666668,2.645833333333332,16.0,3.0,1,w10s_nonoverlap,10 s / 0% overlap
BIDMC,36,early_fusion_identity_noresidual_rawppg_eventdecoder,0,1,3,120.0,180.0,18,19,18.0,19.0,1.0,0.7849795653665136,False,True,,1.0,0.0,0.0,18.905908096280086,19.21875,,detected_breaths,19,18,18,18.75,1.0,1.0,0.25,-1.0,18,1,0,1,4445.3125,0.4330127018922193,True,18.25,0.75,18.0,1.0,1,w10s_nonoverlap,10 s / 0% overlap
BIDMC,36,early_fusion_identity_noresidual_rawppg_eventdecoder,0,1,4,180.0,240.0,19,19,19.0,19.0,0.0,0.7996951386158941,False,True,,1.0,0.0,0.0,18.887826205765816,18.75,,detected_breaths,18,19,17,18.75,1.0,1.0,0.75,1.0,17,1,2,3,3992.1875,1.0897247358851685,True,18.25,0.25,18.75,0.75,1,w10s_nonoverlap,10 s / 0% overlap
BIDMC,36,early_fusion_identity_noresidual_rawppg_eventdecoder,0,1,5,240.0,300.0,19,19,19.0,19.0,0.0,0.7796277490638585,False,True,,1.0,0.0,0.0,18.593140551445863,19.21875,,detected_breaths,19,20,17,19.21875,1.0,2.0,0.21875,1.0,19,0,1,1,5335.9375,1.5563420320846355,True,18.73958333333333,0.2604166666666678,19.21875,0.21875,1,w10s_nonoverlap,10 s / 0% overlap
BIDMC,36,early_fusion_identity_noresidual_rawppg_eventdecoder,0,1,6,300.0,360.0,17,19,17.0,19.0,2.0,0.8129336006395733,False,True,,1.0,0.0,0.0,18.02319160684705,17.8125,,detected_breaths,18,18,17,18.28125,0.0,1.0,0.28125,0.0,16,2,2,4,3492.1875,0.6733873482872493,True,17.760416666666668,0.2395833333333321,18.0,0.0,1,w10s_nonoverlap,10 s / 0% overlap
BIDMC,36,early_fusion_identity_noresidual_rawppg_eventdecoder,0,1,7,360.0,420.0,17,18,17.0,18.0,1.0,0.7345475387291973,False,True,,1.0,0.0,0.0,17.941459392606845,18.28125,,detected_breaths,18,18,16,18.28125,0.0,2.0,0.28125,0.0,18,0,0,0,5125.0,1.243865153798165,True,17.427083333333332,0.5729166666666679,18.0,0.0,1,w10s_nonoverlap,10 s / 0% overlap
BIDMC,36,early_fusion_identity_noresidual_rawppg_eventdecoder,0,1,8,420.0,480.0,17,18,17.0,18.0,1.0,0.7641839440314537,False,True,,1.0,0.0,0.0,18.033460522453773,17.8125,,detected_breaths,17,20,15,18.28125,3.0,2.0,1.28125,3.0,16,1,4,5,4640.625,2.5403642496369163,True,17.760416666666668,0.7604166666666679,18.28125,1.28125,1,w10s_nonoverlap,10 s / 0% overlap
BIDMC,37,early_fusion_identity_noresidual_rawppg_eventdecoder,0,1,1,0.0,60.0,17,17,17.0,17.0,0.0,0.6733427333235845,False,True,,1.0,0.0,0.0,16.561242093156988,17.8125,,detected_breaths,17,17,18,17.8125,0.0,1.0,0.8125,0.0,14,3,3,6,5265.625,0.5315562842572114,True,17.604166666666668,0.6041666666666679,17.8125,0.8125,1,w10s_nonoverlap,10 s / 0% overlap
BIDMC,37,early_fusion_identity_noresidual_rawppg_eventdecoder,0,1,2,60.0,120.0,19,18,19.0,18.0,1.0,0.6158110455556739,False,True,,1.0,0.0,0.0,19.492385786802032,19.21875,,detected_breaths,18,19,18,19.21875,1.0,0.0,1.21875,1.0,18,0,1,1,7687.5,0.6497695905729455,True,18.73958333333333,0.7395833333333321,19.0,1.0,1,w10s_nonoverlap,10 s / 0% overlap
BIDMC,37,early_fusion_identity_noresidual_rawppg_eventdecoder,0,1,3,120.0,180.0,18,18,18.0,18.0,0.0,0.4978555311555213,False,True,,1.0,0.0,0.0,16.70019026909486,17.8125,,detected_breaths,17,18,18,17.8125,1.0,1.0,0.8125,1.0,15,2,3,5,7132.8125,0.1082531754730548,True,17.9375,0.9375,18.0,1.0,1,w10s_nonoverlap,10 s / 0% overlap
BIDMC,37,early_fusion_identity_noresidual_rawppg_eventdecoder,0,1,4,180.0,240.0,19,19,19.0,19.0,0.0,0.3098792400293496,False,True,,1.0,0.0,0.0,18.90849405006155,18.75,,detected_breaths,19,19,19,18.75,0.0,0.0,0.25,0.0,13,6,6,12,7789.0625,0.1443375672974064,True,18.916666666666668,0.0833333333333321,19.0,0.0,1,w10s_nonoverlap,10 s / 0% overlap
BIDMC,37,early_fusion_identity_noresidual_rawppg_eventdecoder,0,1,5,240.0,300.0,20,20,20.0,20.0,0.0,-0.0036418197839639,False,True,,1.0,0.0,0.0,20.05497526113249,20.15625,,detected_breaths,20,21,19,20.625,1.0,1.0,0.625,1.0,9,11,12,23,5281.25,1.0631125685144227,True,20.20833333333333,0.2083333333333321,20.625,0.625,1,w10s_nonoverlap,10 s / 0% overlap
BIDMC,37,early_fusion_identity_noresidual_rawppg_eventdecoder,0,1,6,300.0,360.0,18,19,18.0,19.0,1.0,0.0095145077001594,False,False,ref_disagreement,1.0,0.0,0.0,17.80930296003274,20.15625,,detected_breaths,18,20,19,19.21875,2.0,1.0,1.21875,2.0,5,13,15,28,2851.5625,0.5257063700393976,True,19.40625,1.40625,19.21875,1.21875,1,w10s_nonoverlap,10 s / 0% overlap
BIDMC,37,early_fusion_identity_noresidual_rawppg_eventdecoder,0,1,7,360.0,420.0,19,19,19.0,19.0,0.0,0.1059203449014344,False,True,,1.0,0.0,0.0,18.95516248457425,20.15625,,detected_breaths,19,19,19,19.6875,0.0,0.0,0.6875,0.0,11,8,8,16,4781.25,0.3969283100678677,True,19.229166666666668,0.2291666666666678,19.0,0.0,1,w10s_nonoverlap,10 s / 0% overlap
BIDMC,37,early_fusion_identity_noresidual_rawppg_eventdecoder,0,1,8,420.0,480.0,17,18,17.0,18.0,1.0,0.4099377084376153,False,True,,1.0,0.0,0.0,17.622257278072567,15.9375,,detected_breaths,17,20,17,18.28125,3.0,0.0,1.28125,3.0,14,3,6,9,6351.5625,1.5053074506004855,True,18.42708333333333,1.427083333333332,18.28125,1.28125,1,w10s_nonoverlap,10 s / 0% overlap
BIDMC,38,early_fusion_identity_noresidual_rawppg_eventdecoder,0,1,1,0.0,60.0,15,19,15.0,19.0,4.0,0.0482325397344617,False,True,,1.0,0.0,0.0,14.811957569913211,14.53125,,detected_breaths,14,21,17,23.90625,7.0,3.0,9.90625,7.0,10,4,11,15,3960.9375,3.467529815420962,True,20.635416666666668,6.635416666666668,21.0,7.0,1,w10s_nonoverlap,10 s / 0% overlap
BIDMC,38,early_fusion_identity_noresidual_rawppg_eventdecoder,0,1,2,60.0,120.0,16,19,16.0,19.0,3.0,0.4030357866554843,False,True,,1.0,0.0,0.0,16.255114999294484,15.9375,,detected_breaths,17,19,17,15.9375,2.0,0.0,1.0625,2.0,12,5,7,12,5414.0625,1.554981913078091,True,17.3125,0.3125,17.0,0.0,1,w10s_nonoverlap,10 s / 0% overlap
BIDMC,38,early_fusion_identity_noresidual_rawppg_eventdecoder,0,1,3,120.0,180.0,16,17,16.0,17.0,1.0,0.3637305325222087,False,True,,1.0,0.0,0.0,15.544460936445825,15.9375,,detected_breaths,15,17,16,15.9375,2.0,1.0,0.9375,2.0,11,4,6,10,4539.0625,0.596212000885591,True,16.3125,1.3125,16.0,1.0,1,w10s_nonoverlap,10 s / 0% overlap
BIDMC,38,early_fusion_identity_noresidual_rawppg_eventdecoder,0,1,4,180.0,240.0,19,18,19.0,18.0,1.0,0.1233960917417774,False,False,ref_disagreement,1.0,0.0,0.0,19.428571428571427,21.5625,,detected_breaths,19,19,19,20.625,0.0,0.0,1.625,0.0,13,6,6,12,7187.5,0.938194187433142,True,19.541666666666668,0.5416666666666679,19.0,0.0,1,w10s_nonoverlap,10 s / 0% overlap
BIDMC,38,early_fusion_identity_noresidual_rawppg_eventdecoder,0,1,5,240.0,300.0,15,20,15.0,20.0,5.0,0.5118875851919593,False,True,,1.0,0.0,0.0,16.86059275521405,15.9375,,detected_breaths,17,19,17,15.9375,2.0,0.0,1.0625,2.0,14,3,5,8,6007.8125,1.554981913078091,True,17.3125,0.3125,17.0,0.0,1,w10s_nonoverlap,10 s / 0% overlap
BIDMC,38,early_fusion_identity_noresidual_rawppg_eventdecoder,0,1,6,300.0,360.0,15,19,15.0,19.0,4.0,0.2815931965458162,False,True,,1.0,0.0,0.0,15.954889449473216,14.53125,,detected_breaths,16,17,16,15.9375,1.0,0.0,0.0625,1.0,12,4,5,9,5437.5,0.596212000885591,True,16.3125,0.3125,16.0,0.0,1,w10s_nonoverlap,10 s / 0% overlap
BIDMC,38,early_fusion_identity_noresidual_rawppg_eventdecoder,0,1,7,360.0,420.0,16,19,16.0,19.0,3.0,0.0688449925841474,False,True,,1.0,0.0,0.0,14.584915897992405,14.53125,,detected_breaths,14,18,17,14.0625,4.0,3.0,0.0625,4.0,9,5,9,14,3289.0625,2.0466563178348567,True,16.354166666666668,2.354166666666668,17.0,3.0,1,w10s_nonoverlap,10 s / 0% overlap
BIDMC,38,early_fusion_identity_noresidual_rawppg_eventdecoder,0,1,8,420.0,480.0,16,16,16.0,16.0,0.0,0.2907955741195028,False,True,,1.0,0.0,0.0,14.15668202764977,14.53125,,detected_breaths,13,16,14,15.0,3.0,1.0,2.0,3.0,7,6,9,15,3750.0,1.0,True,15.0,2.0,15.0,2.0,1,w10s_nonoverlap,10 s / 0% overlap
BIDMC,39,early_fusion_identity_noresidual_rawppg_eventdecoder,0,1,1,0.0,60.0,14,16,14.0,16.0,2.0,0.6515831436552917,False,True,,1.0,0.0,0.0,14.355140186915888,14.53125,,detected_breaths,14,17,16,14.53125,3.0,2.0,0.53125,3.0,12,2,5,7,4046.875,1.2417697803940957,True,15.84375,1.84375,16.0,2.0,1,w10s_nonoverlap,10 s / 0% overlap
BIDMC,39,early_fusion_identity_noresidual_rawppg_eventdecoder,0,1,2,60.0,120.0,15,15,15.0,15.0,0.0,0.7312385166856605,False,True,,1.0,0.0,0.0,14.811957569913211,15.0,,detected_breaths,15,15,15,14.53125,0.0,0.0,0.46875,0.0,15,0,0,0,5046.875,0.2706329386826371,True,14.84375,0.15625,15.0,0.0,1,w10s_nonoverlap,10 s / 0% overlap
BIDMC,39,early_fusion_identity_noresidual_rawppg_eventdecoder,0,1,3,120.0,180.0,14,14,14.0,14.0,0.0,0.7880925643022275,False,True,,1.0,0.0,0.0,14.637149978009088,14.53125,,detected_breaths,15,15,15,14.53125,0.0,0.0,0.46875,0.0,14,1,1,2,2531.25,0.2706329386826371,True,14.84375,0.15625,15.0,0.0,1,w10s_nonoverlap,10 s / 0% overlap
BIDMC,39,early_fusion_identity_noresidual_rawppg_eventdecoder,0,1,4,180.0,240.0,14,15,14.0,15.0,1.0,0.7461636065873491,False,True,,1.0,0.0,0.0,14.65648854961832,14.53125,,detected_breaths,14,14,14,14.53125,0.0,0.0,0.53125,0.0,14,0,0,0,3679.6875,0.3067173305069887,True,14.177083333333334,0.1770833333333339,14.0,0.0,1,w10s_nonoverlap,10 s / 0% overlap
BIDMC,39,early_fusion_identity_noresidual_rawppg_eventdecoder,0,1,5,240.0,300.0,14,18,14.0,18.0,4.0,0.5518453075734904,False,True,,1.0,0.0,0.0,14.307824591573516,14.53125,,detected_breaths,15,16,17,14.53125,1.0,2.0,0.46875,1.0,11,4,5,9,3679.6875,1.2417697803940957,True,15.84375,0.84375,16.0,1.0,1,w10s_nonoverlap,10 s / 0% overlap
BIDMC,39,early_fusion_identity_noresidual_rawppg_eventdecoder,0,1,6,300.0,360.0,15,18,15.0,18.0,3.0,0.5544000996340882,False,True,,1.0,0.0,0.0,15.300836764510558,15.46875,,detected_breaths,15,18,16,15.0,3.0,1.0,0.0,3.0,14,1,4,5,5937.5,1.5275252316519463,True,16.333333333333332,1.333333333333332,16.0,1.0,1,w10s_nonoverlap,10 s / 0% overlap
BIDMC,39,early_fusion_identity_noresidual_rawppg_eventdecoder,0,1,7,360.0,420.0,13,17,13.0,17.0,4.0,0.2062577477325073,False,True,,1.0,0.0,0.0,12.414401175606171,11.25,,detected_breaths,13,15,15,12.1875,2.0,2.0,0.8125,2.0,8,5,7,12,2710.9375,1.6237976320958225,True,14.0625,1.0625,15.0,2.0,1,w10s_nonoverlap,10 s / 0% overlap
BIDMC,39,early_fusion_identity_noresidual_rawppg_eventdecoder,0,1,8,420.0,480.0,14,17,14.0,17.0,3.0,0.7500260070418117,False,True,,1.0,0.0,0.0,13.52112676056338,13.125,,detected_breaths,13,15,15,13.125,2.0,2.0,0.125,2.0,12,1,3,4,3476.5625,1.0825317547305484,True,14.375,1.375,15.0,2.0,1,w10s_nonoverlap,10 s / 0% overlap
BIDMC,40,early_fusion_identity_noresidual_rawppg_eventdecoder,0,1,1,0.0,60.0,16,17,16.0,17.0,1.0,0.472636254913393,False,True,,1.0,0.0,0.0,16.13897450266181,15.0,,detected_breaths,16,17,16,16.40625,1.0,0.0,0.40625,1.0,12,4,5,9,5234.375,0.5029211543572213,True,16.46875,0.46875,16.40625,0.40625,1,w10s_nonoverlap,10 s / 0% overlap
BIDMC,40,early_fusion_identity_noresidual_rawppg_eventdecoder,0,1,2,60.0,120.0,17,16,17.0,16.0,1.0,0.3074499538211641,False,True,,1.0,0.0,0.0,16.210423770092547,16.40625,,detected_breaths,15,18,16,16.875,3.0,1.0,1.875,3.0,12,3,6,9,4031.25,1.0026007846263305,True,16.958333333333332,1.958333333333332,16.875,1.875,1,w10s_nonoverlap,10 s / 0% overlap
BIDMC,40,early_fusion_identity_noresidual_rawppg_eventdecoder,0,1,3,120.0,180.0,16,16,16.0,16.0,0.0,-0.1773408372045358,False,True,,1.0,0.0,0.0,15.225148683092607,16.40625,,detected_breaths,15,18,15,17.34375,3.0,0.0,2.34375,3.0,6,9,12,21,2679.6875,1.5771191101181927,True,16.78125,1.78125,17.34375,2.34375,1,w10s_nonoverlap,10 s / 0% overlap
BIDMC,40,early_fusion_identity_noresidual_rawppg_eventdecoder,0,1,4,180.0,240.0,18,17,18.0,17.0,1.0,0.3874084570866539,False,True,,1.0,0.0,0.0,15.92039800995025,16.40625,,detected_breaths,16,17,16,16.875,1.0,0.0,0.875,1.0,13,3,4,7,6421.875,0.5448623679425842,True,16.625,0.625,16.875,0.875,1,w10s_nonoverlap,10 s / 0% overlap
BIDMC,40,early_fusion_identity_noresidual_rawppg_eventdecoder,0,1,5,240.0,300.0,15,16,15.0,16.0,1.0,0.3959223017019319,False,True,,1.0,0.0,0.0,15.76255131038838,15.9375,,detected_breaths,15,16,16,13.125,1.0,1.0,1.875,1.0,8,7,8,15,4562.5,1.659882023920174,True,15.041666666666666,0.041666666666666,16.0,1.0,1,w10s_nonoverlap,10 s / 0% overlap
BIDMC,40,early_fusion_identity_noresidual_rawppg_eventdecoder,0,1,6,300.0,360.0,17,17,17.0,17.0,0.0,0.1696769703395822,False,True,,1.0,0.0,0.0,15.50471063257066,14.53125,,detected_breaths,15,18,15,15.46875,3.0,0.0,0.46875,3.0,9,6,8,14,4539.0625,1.6138439167094196,True,16.15625,1.15625,15.46875,0.46875,1,w10s_nonoverlap,10 s / 0% overlap
BIDMC,40,early_fusion_identity_noresidual_rawppg_eventdecoder,0,1,7,360.0,420.0,17,19,17.0,19.0,2.0,0.5619813493455639,False,True,,1.0,0.0,0.0,17.164408436932533,15.9375,,detected_breaths,17,18,17,15.0,1.0,0.0,2.0,1.0,16,1,3,4,8867.1875,1.5275252316519463,True,16.666666666666668,0.3333333333333321,17.0,0.0,1,w10s_nonoverlap,10 s / 0% overlap
BIDMC,40,early_fusion_identity_noresidual_rawppg_eventdecoder,0,1,8,420.0,480.0,15,19,15.0,19.0,4.0,0.3297465810702893,False,True,,1.0,0.0,0.0,15.187100699726194,15.46875,,detected_breaths,15,17,16,15.9375,2.0,1.0,0.9375,2.0,11,4,6,10,3265.625,0.596212000885591,True,16.3125,1.3125,16.0,1.0,1,w10s_nonoverlap,10 s / 0% overlap
BIDMC,41,early_fusion_identity_noresidual_rawppg_eventdecoder,0,1,1,0.0,60.0,14,18,14.0,18.0,4.0,0.6226522629165372,False,True,,1.0,0.0,0.0,13.797678275290217,13.59375,,detected_breaths,14,18,16,14.0625,4.0,2.0,0.0625,4.0,13,1,5,6,7679.6875,1.96883267022196,True,16.020833333333332,2.020833333333332,16.0,2.0,1,w10s_nonoverlap,10 s / 0% overlap
BIDMC,41,early_fusion_identity_noresidual_rawppg_eventdecoder,0,1,2,60.0,120.0,14,17,14.0,17.0,3.0,0.5262403324852446,False,True,,1.0,0.0,0.0,13.203438395415471,14.0625,,detected_breaths,13,18,17,14.0625,5.0,4.0,1.0625,5.0,11,2,7,9,8125.0,2.0466563178348567,True,16.354166666666668,3.354166666666668,17.0,4.0,1,w10s_nonoverlap,10 s / 0% overlap
BIDMC,41,early_fusion_identity_noresidual_rawppg_eventdecoder,0,1,3,120.0,180.0,14,17,14.0,17.0,3.0,0.7005266392326649,False,True,,1.0,0.0,0.0,13.769610040340654,14.0625,,detected_breaths,14,17,17,14.0625,3.0,3.0,0.0625,3.0,14,0,3,3,7140.625,1.6959664157445256,True,16.020833333333332,2.020833333333332,17.0,3.0,1,w10s_nonoverlap,10 s / 0% overlap
BIDMC,41,early_fusion_identity_noresidual_rawppg_eventdecoder,0,1,4,180.0,240.0,13,16,13.0,16.0,3.0,0.7177386352309088,False,True,,1.0,0.0,0.0,13.736929003852504,14.0625,,detected_breaths,14,17,16,14.0625,3.0,2.0,0.0625,3.0,14,0,3,3,7578.125,1.4934753931685651,True,15.6875,1.6875,16.0,2.0,1,w10s_nonoverlap,10 s / 0% overlap
BIDMC,41,early_fusion_identity_noresidual_rawppg_eventdecoder,0,1,5,240.0,300.0,14,17,14.0,17.0,3.0,0.7614758087813066,False,True,,1.0,0.0,0.0,14.258783204798627,14.53125,,detected_breaths,14,17,16,14.53125,3.0,2.0,0.53125,3.0,13,1,4,5,6781.25,1.2417697803940957,True,15.84375,1.84375,16.0,2.0,1,w10s_nonoverlap,10 s / 0% overlap
BIDMC,41,early_fusion_identity_noresidual_rawppg_eventdecoder,0,1,6,300.0,360.0,15,18,15.0,18.0,3.0,0.5503039273581329,False,True,,1.0,0.0,0.0,13.772934197820389,14.53125,,detected_breaths,14,16,16,15.0,2.0,2.0,1.0,2.0,12,2,5,7,5828.125,0.5773502691896257,True,15.666666666666666,1.666666666666666,16.0,2.0,1,w10s_nonoverlap,10 s / 0% overlap
BIDMC,41,early_fusion_identity_noresidual_rawppg_eventdecoder,0,1,7,360.0,420.0,15,21,15.0,21.0,6.0,0.379319666877591,False,True,,1.0,0.0,0.0,14.588873812754407,14.0625,,detected_breaths,14,20,19,25.3125,6.0,5.0,11.3125,6.0,13,1,6,7,5492.1875,3.392892387034991,True,21.4375,7.4375,20.0,6.0,1,w10s_nonoverlap,10 s / 0% overlap
BIDMC,41,early_fusion_identity_noresidual_rawppg_eventdecoder,0,1,8,420.0,480.0,13,17,13.0,17.0,4.0,0.6794914836207354,False,True,,1.0,0.0,0.0,12.586412395709178,11.71875,,detected_breaths,12,16,15,11.71875,4.0,3.0,0.28125,4.0,12,0,4,4,5031.25,2.239631782421685,True,14.239583333333334,2.239583333333334,15.0,3.0,1,w10s_nonoverlap,10 s / 0% overlap
BIDMC,42,early_fusion_identity_noresidual_rawppg_eventdecoder,0,1,1,0.0,60.0,16,16,16.0,16.0,0.0,0.8281527335931169,False,True,,1.0,0.0,0.0,17.064296625468685,17.34375,,detected_breaths,17,17,17,17.34375,0.0,0.0,0.34375,0.0,16,1,1,2,6554.6875,0.1984641550339338,True,17.114583333333332,0.1145833333333321,17.0,0.0,1,w10s_nonoverlap,10 s / 0% overlap
BIDMC,42,early_fusion_identity_noresidual_rawppg_eventdecoder,0,1,2,60.0,120.0,17,17,17.0,17.0,0.0,0.8665086050441324,False,True,,1.0,0.0,0.0,17.690757270371435,17.8125,,detected_breaths,18,17,17,17.8125,1.0,1.0,0.1875,-1.0,16,2,1,3,4640.625,0.4690970937165709,True,17.270833333333332,0.7291666666666679,17.0,1.0,1,w10s_nonoverlap,10 s / 0% overlap
BIDMC,42,early_fusion_identity_noresidual_rawppg_eventdecoder,0,1,3,120.0,180.0,17,17,17.0,17.0,0.0,0.871849722726873,False,True,,1.0,0.0,0.0,16.99350020744019,16.875,,detected_breaths,17,18,18,16.875,1.0,1.0,0.125,1.0,17,0,2,2,4843.75,0.649519052838329,True,17.625,0.625,18.0,1.0,1,w10s_nonoverlap,10 s / 0% overlap
BIDMC,42,early_fusion_identity_noresidual_rawppg_eventdecoder,0,1,4,180.0,240.0,17,17,17.0,17.0,0.0,0.8332901049434265,False,True,,1.0,0.0,0.0,17.265273737106586,17.34375,,detected_breaths,17,18,17,17.34375,1.0,0.0,0.34375,1.0,17,0,0,0,6335.9375,0.5080728499273832,True,17.447916666666668,0.4479166666666678,17.34375,0.34375,1,w10s_nonoverlap,10 s / 0% overlap
BIDMC,42,early_fusion_identity_noresidual_rawppg_eventdecoder,0,1,5,240.0,300.0,17,17,17.0,17.0,0.0,0.8060410375750134,False,True,,1.0,0.0,0.0,17.054823039555863,16.875,,detected_breaths,17,17,17,16.875,0.0,0.0,0.125,0.0,16,1,1,2,6515.625,0.0721687836487032,True,16.958333333333332,0.0416666666666678,17.0,0.0,1,w10s_nonoverlap,10 s / 0% overlap
BIDMC,42,early_fusion_identity_noresidual_rawppg_eventdecoder,0,1,6,300.0,360.0,17,17,17.0,17.0,0.0,0.8626954899841225,False,True,,1.0,0.0,0.0,17.33145275035261,17.34375,,detected_breaths,17,17,17,17.34375,0.0,0.0,0.34375,0.0,17,0,0,0,5046.875,0.1984641550339338,True,17.114583333333332,0.1145833333333321,17.0,0.0,1,w10s_nonoverlap,10 s / 0% overlap
BIDMC,42,early_fusion_identity_noresidual_rawppg_eventdecoder,0,1,7,360.0,420.0,17,17,17.0,17.0,0.0,0.8709470314952878,False,True,,1.0,0.0,0.0,17.550746068019897,17.34375,,detected_breaths,18,19,18,17.34375,1.0,0.0,0.65625,1.0,18,0,1,1,6523.4375,0.8340491717119161,True,18.11458333333333,0.1145833333333321,18.0,0.0,1,w10s_nonoverlap,10 s / 0% overlap
BIDMC,42,early_fusion_identity_noresidual_rawppg_eventdecoder,0,1,8,420.0,480.0,17,18,17.0,18.0,1.0,0.8881096297949822,False,True,,1.0,0.0,0.0,17.321680293205524,17.8125,,detected_breaths,17,17,17,17.8125,0.0,0.0,0.8125,0.0,17,0,0,0,5085.9375,0.4690970937165709,True,17.270833333333332,0.2708333333333321,17.0,0.0,1,w10s_nonoverlap,10 s / 0% overlap
BIDMC,43,early_fusion_identity_noresidual_rawppg_eventdecoder,0,1,1,0.0,60.0,17,17,17.0,17.0,0.0,0.2627325338576603,False,True,,1.0,0.0,0.0,16.93028382474511,16.875,,detected_breaths,17,16,14,15.46875,1.0,3.0,1.53125,-1.0,10,7,6,13,3304.6875,1.0359740283906735,True,15.15625,1.84375,15.46875,1.53125,1,w10s_nonoverlap,10 s / 0% overlap
BIDMC,43,early_fusion_identity_noresidual_rawppg_eventdecoder,0,1,2,60.0,120.0,17,15,17.0,15.0,2.0,0.2829661170768344,False,True,,1.0,0.0,0.0,16.109635016081665,17.34375,,detected_breaths,16,14,14,12.1875,2.0,2.0,3.8125,-2.0,7,9,7,16,2375.0,1.0464473629061968,True,13.395833333333334,2.604166666666666,14.0,2.0,1,w10s_nonoverlap,10 s / 0% overlap
BIDMC,43,early_fusion_identity_noresidual_rawppg_eventdecoder,0,1,3,120.0,180.0,17,16,17.0,16.0,1.0,0.5159830326511531,False,True,,1.0,0.0,0.0,17.200447928331467,16.875,,detected_breaths,17,15,14,16.875,2.0,3.0,0.125,-2.0,12,5,2,7,5460.9375,1.4595233240114165,True,15.291666666666666,1.708333333333334,15.0,2.0,1,w10s_nonoverlap,10 s / 0% overlap
BIDMC,43,early_fusion_identity_noresidual_rawppg_eventdecoder,0,1,4,180.0,240.0,18,15,18.0,15.0,3.0,0.2418801329459235,False,True,,1.0,0.0,0.0,17.494305239179955,17.34375,,detected_breaths,18,17,15,13.125,1.0,3.0,4.875,-1.0,14,4,4,8,6164.0625,1.937835992372248,True,15.041666666666666,2.958333333333334,15.0,3.0,1,w10s_nonoverlap,10 s / 0% overlap
BIDMC,43,early_fusion_identity_noresidual_rawppg_eventdecoder,0,1,5,240.0,300.0,16,15,16.0,15.0,1.0,-0.1111124040651216,False,True,,1.0,0.0,0.0,16.74342553481401,16.875,,detected_breaths,17,17,15,14.53125,0.0,2.0,2.46875,0.0,7,10,10,20,3007.8125,1.311135203109631,True,15.510416666666666,1.489583333333334,15.0,2.0,1,w10s_nonoverlap,10 s / 0% overlap
BIDMC,43,early_fusion_identity_noresidual_rawppg_eventdecoder,0,1,6,300.0,360.0,17,18,17.0,18.0,1.0,0.6103765066975437,False,True,,1.0,0.0,0.0,17.496796240922684,17.8125,,detected_breaths,17,17,16,17.34375,0.0,1.0,0.34375,0.0,14,3,3,6,4289.0625,0.6980721219902711,True,16.78125,0.21875,17.0,0.0,1,w10s_nonoverlap,10 s / 0% overlap
BIDMC,43,early_fusion_identity_noresidual_rawppg_eventdecoder,0,1,7,360.0,420.0,19,18,19.0,18.0,1.0,0.2874997745428788,False,True,,1.0,0.0,0.0,19.101837778084843,19.6875,,detected_breaths,19,19,17,20.15625,0.0,2.0,1.15625,0.0,13,6,6,12,3242.1875,1.5968107863801522,True,18.71875,0.28125,19.0,0.0,1,w10s_nonoverlap,10 s / 0% overlap
BIDMC,43,early_fusion_identity_noresidual_rawppg_eventdecoder,0,1,8,420.0,480.0,18,18,18.0,18.0,0.0,0.0416684787248169,False,True,,1.0,0.0,0.0,17.924217462932454,17.8125,,detected_breaths,18,18,15,17.34375,0.0,3.0,0.65625,0.0,8,10,10,20,2750.0,1.5771191101181927,True,16.78125,1.21875,17.34375,0.65625,1,w10s_nonoverlap,10 s / 0% overlap
BIDMC,44,early_fusion_identity_noresidual_rawppg_eventdecoder,0,1,1,0.0,60.0,17,17,17.0,17.0,0.0,0.4847473354324391,False,True,,1.0,0.0,0.0,17.012321749965388,16.875,,detected_breaths,17,17,17,17.34375,0.0,0.0,0.34375,0.0,15,2,2,4,6742.1875,0.1984641550339338,True,17.114583333333332,0.1145833333333321,17.0,0.0,1,w10s_nonoverlap,10 s / 0% overlap
BIDMC,44,early_fusion_identity_noresidual_rawppg_eventdecoder,0,1,2,60.0,120.0,17,18,17.0,18.0,1.0,0.4791341166710356,False,True,,1.0,0.0,0.0,16.729748127978215,17.34375,,detected_breaths,17,18,18,17.34375,1.0,1.0,0.34375,1.0,16,1,2,3,7109.375,0.3788861141556919,True,17.78125,0.78125,18.0,1.0,1,w10s_nonoverlap,10 s / 0% overlap
BIDMC,44,early_fusion_identity_noresidual_rawppg_eventdecoder,0,1,3,120.0,180.0,16,16,16.0,16.0,0.0,0.7124526812381857,False,True,,1.0,0.0,0.0,16.718367346938777,16.40625,,detected_breaths,17,17,17,16.40625,0.0,0.0,0.59375,0.0,17,0,0,0,6148.4375,0.3428017223313403,True,16.802083333333332,0.1979166666666678,17.0,0.0,1,w10s_nonoverlap,10 s / 0% overlap
BIDMC,44,early_fusion_identity_noresidual_rawppg_eventdecoder,0,1,4,180.0,240.0,16,16,16.0,16.0,0.0,0.7785461091086263,False,True,,1.0,0.0,0.0,16.370612476907773,16.40625,,detected_breaths,16,16,16,16.40625,0.0,0.0,0.40625,0.0,16,0,0,0,4921.875,0.2345485468582854,True,16.135416666666668,0.1354166666666678,16.0,0.0,1,w10s_nonoverlap,10 s / 0% overlap
BIDMC,44,early_fusion_identity_noresidual_rawppg_eventdecoder,0,2,1,310.0,370.0,16,17,16.0,17.0,1.0,0.6102036975366899,False,True,,1.0,0.0,0.0,16.388370232061884,16.40625,,detected_breaths,16,17,17,16.40625,1.0,1.0,0.40625,1.0,15,1,2,3,3867.1875,0.3428017223313403,True,16.802083333333332,0.8020833333333321,17.0,1.0,1,w10s_nonoverlap,10 s / 0% overlap
BIDMC,44,early_fusion_identity_noresidual_rawppg_eventdecoder,0,2,2,370.0,430.0,16,16,16.0,16.0,0.0,0.868062075415414,False,True,,1.0,0.0,0.0,16.308040770101925,16.40625,,detected_breaths,17,16,16,16.40625,1.0,1.0,0.59375,-1.0,16,1,0,1,2976.5625,0.2345485468582854,True,16.135416666666668,0.8645833333333321,16.0,1.0,1,w10s_nonoverlap,10 s / 0% overlap
BIDMC,45,early_fusion_identity_noresidual_rawppg_eventdecoder,0,1,1,0.0,60.0,16,18,16.0,18.0,2.0,0.3692412652652525,False,True,,1.0,0.0,0.0,15.705521472392638,15.46875,,detected_breaths,16,18,16,17.8125,2.0,0.0,1.8125,2.0,13,3,5,8,4703.125,1.1045596784842968,True,17.270833333333332,1.270833333333332,17.8125,1.8125,1,w10s_nonoverlap,10 s / 0% overlap
BIDMC,45,early_fusion_identity_noresidual_rawppg_eventdecoder,0,1,2,60.0,120.0,15,18,15.0,18.0,3.0,0.5854710783997179,False,True,,1.0,0.0,0.0,15.711947626841244,15.9375,,detected_breaths,16,16,14,16.875,0.0,2.0,0.875,0.0,11,5,5,10,3453.125,1.4737282653189494,True,15.625,0.375,16.0,0.0,1,w10s_nonoverlap,10 s / 0% overlap
BIDMC,45,early_fusion_identity_noresidual_rawppg_eventdecoder,0,1,3,120.0,180.0,15,16,15.0,16.0,1.0,0.7152156168181081,False,True,,1.0,0.0,0.0,15.580350673815389,15.9375,,detected_breaths,16,15,16,15.9375,1.0,0.0,0.0625,-1.0,13,3,2,5,3179.6875,0.5601804024895314,True,15.645833333333334,0.3541666666666661,15.9375,0.0625,1,w10s_nonoverlap,10 s / 0% overlap
BIDMC,45,early_fusion_identity_noresidual_rawppg_eventdecoder,0,1,4,180.0,240.0,16,16,16.0,16.0,0.0,0.774769312550647,False,True,,1.0,0.0,0.0,16.098378982671885,15.9375,,detected_breaths,16,17,15,15.9375,1.0,1.0,0.0625,1.0,16,0,1,1,4281.25,1.0006508298769023,True,15.979166666666666,0.0208333333333339,15.9375,0.0625,1,w10s_nonoverlap,10 s / 0% overlap
BIDMC,45,early_fusion_identity_noresidual_rawppg_eventdecoder,0,1,5,240.0,300.0,15,17,15.0,17.0,2.0,0.8529535554027342,False,True,,1.0,0.0,0.0,16.157790927021697,16.40625,,detected_breaths,16,17,17,16.40625,1.0,1.0,0.40625,1.0,15,1,2,3,4406.25,0.3428017223313403,True,16.802083333333332,0.8020833333333321,17.0,1.0,1,w10s_nonoverlap,10 s / 0% overlap
BIDMC,45,early_fusion_identity_noresidual_rawppg_eventdecoder,0,1,6,300.0,360.0,16,19,16.0,19.0,3.0,0.6645270885289857,False,True,,1.0,0.0,0.0,16.525606082341127,16.40625,,detected_breaths,16,18,18,16.875,2.0,2.0,0.875,2.0,14,2,4,6,3523.4375,0.649519052838329,True,17.625,1.625,18.0,2.0,1,w10s_nonoverlap,10 s / 0% overlap
BIDMC,45,early_fusion_identity_noresidual_rawppg_eventdecoder,0,1,7,360.0,420.0,16,17,16.0,17.0,1.0,0.7397691460073146,False,True,,1.0,0.0,0.0,16.27348495550219,16.40625,,detected_breaths,17,18,16,16.40625,1.0,1.0,0.59375,1.0,17,0,1,1,4937.5,1.0571248842181955,True,16.802083333333332,0.1979166666666678,16.40625,0.59375,1,w10s_nonoverlap,10 s / 0% overlap
BIDMC,45,early_fusion_identity_noresidual_rawppg_eventdecoder,0,1,8,420.0,480.0,16,16,16.0,16.0,0.0,0.7731644826524395,False,True,,1.0,0.0,0.0,16.109635016081665,16.40625,,detected_breaths,15,16,15,16.40625,1.0,0.0,1.40625,1.0,15,0,1,1,4460.9375,0.7237147371950727,True,15.802083333333334,0.8020833333333339,16.0,1.0,1,w10s_nonoverlap,10 s / 0% overlap
BIDMC,46,early_fusion_identity_noresidual_rawppg_eventdecoder,0,1,1,0.0,60.0,16,19,16.0,19.0,3.0,-0.2630011279221936,False,False,ref_disagreement,1.0,0.0,0.0,12.977357215275433,10.78125,,detected_breaths,13,19,17,17.8125,6.0,4.0,4.8125,6.0,6,7,13,20,1945.3125,1.0058423087144426,True,17.9375,4.9375,17.8125,4.8125,1,w10s_nonoverlap,10 s / 0% overlap
BIDMC,46,early_fusion_identity_noresidual_rawppg_eventdecoder,0,1,2,60.0,120.0,15,18,15.0,18.0,3.0,0.1984063631022618,False,True,,1.0,0.0,0.0,15.075715086932137,16.875,,detected_breaths,14,19,17,14.53125,5.0,3.0,0.53125,5.0,9,5,10,15,3671.875,2.238468714880778,True,16.84375,2.84375,17.0,3.0,1,w10s_nonoverlap,10 s / 0% overlap
BIDMC,46,early_fusion_identity_noresidual_rawppg_eventdecoder,0,1,3,120.0,180.0,15,19,15.0,19.0,4.0,0.16630445634592,False,True,,1.0,0.0,0.0,14.091743119266056,14.53125,,detected_breaths,14,20,16,16.875,6.0,2.0,2.875,6.0,11,3,9,12,4968.75,2.1028254801575903,True,17.625,3.625,16.875,2.875,1,w10s_nonoverlap,10 s / 0% overlap
BIDMC,46,early_fusion_identity_noresidual_rawppg_eventdecoder,0,1,4,180.0,240.0,17,19,17.0,19.0,2.0,0.1951705791142677,False,False,ref_irregular_cycles,1.0,0.0,0.0,15.557056043214043,8.90625,,detected_breaths,11,19,18,20.625,8.0,7.0,9.625,8.0,7,4,12,16,3000.0,1.3248427579653872,True,19.20833333333333,8.208333333333332,19.0,8.0,1,w10s_nonoverlap,10 s / 0% overlap
BIDMC,46,early_fusion_identity_noresidual_rawppg_eventdecoder,0,1,5,240.0,300.0,17,19,17.0,19.0,2.0,0.2683717287349857,False,True,,1.0,0.0,0.0,16.981757877280266,15.46875,,detected_breaths,17,19,19,17.8125,2.0,2.0,0.8125,2.0,13,4,6,10,6687.5,0.6856034446626805,True,18.604166666666668,1.604166666666668,19.0,2.0,1,w10s_nonoverlap,10 s / 0% overlap
BIDMC,46,early_fusion_identity_noresidual_rawppg_eventdecoder,0,1,6,300.0,360.0,18,18,18.0,18.0,0.0,-0.0143246107689877,False,True,,1.0,0.0,0.0,15.385642737896491,13.59375,,detected_breaths,15,18,17,19.21875,3.0,2.0,4.21875,3.0,8,7,10,17,4007.8125,1.111170788327939,True,18.072916666666668,3.072916666666668,18.0,3.0,1,w10s_nonoverlap,10 s / 0% overlap
BIDMC,46,early_fusion_identity_noresidual_rawppg_eventdecoder,0,1,7,360.0,420.0,15,18,15.0,18.0,3.0,-0.3390082106620294,False,True,,1.0,0.0,0.0,15.622457282343367,15.46875,,detected_breaths,15,17,16,15.9375,2.0,1.0,0.9375,2.0,5,10,12,22,2804.6875,0.596212000885591,True,16.3125,1.3125,16.0,1.0,1,w10s_nonoverlap,10 s / 0% overlap
BIDMC,46,early_fusion_identity_noresidual_rawppg_eventdecoder,0,1,8,420.0,480.0,15,19,15.0,19.0,4.0,-0.7104275146331378,False,True,,1.0,0.0,0.0,15.32934131736527,15.46875,,detected_breaths,15,18,16,15.46875,3.0,1.0,0.46875,3.0,3,12,15,27,2101.5625,1.3347567272103682,True,16.489583333333332,1.489583333333332,16.0,1.0,1,w10s_nonoverlap,10 s / 0% overlap
BIDMC,47,early_fusion_identity_noresidual_rawppg_eventdecoder,0,1,1,0.0,60.0,22,20,22.0,20.0,2.0,0.75644069620515,False,True,,1.0,0.0,0.0,21.466790895780647,22.03125,,detected_breaths,22,20,21,21.5625,2.0,1.0,0.4375,-2.0,19,3,1,4,4250.0,0.7913924963842741,True,20.854166666666668,1.145833333333332,21.0,1.0,1,w10s_nonoverlap,10 s / 0% overlap
BIDMC,47,early_fusion_identity_noresidual_rawppg_eventdecoder,0,1,2,60.0,120.0,21,20,21.0,20.0,1.0,0.6201320691721277,False,True,,1.0,0.0,0.0,21.268346718360565,22.5,,detected_breaths,21,19,19,20.625,2.0,2.0,0.375,-2.0,15,6,4,10,1695.3125,0.938194187433142,True,19.541666666666668,1.458333333333332,19.0,2.0,1,w10s_nonoverlap,10 s / 0% overlap
BIDMC,47,early_fusion_identity_noresidual_rawppg_eventdecoder,0,1,3,120.0,180.0,22,21,22.0,21.0,1.0,0.9170811154718088,False,True,,1.0,0.0,0.0,21.990728115625853,22.03125,,detected_breaths,22,22,22,22.03125,0.0,0.0,0.03125,0.0,21,1,1,2,2242.1875,0.0180421959121758,True,22.010416666666668,0.0104166666666678,22.0,0.0,1,w10s_nonoverlap,10 s / 0% overlap
BIDMC,47,early_fusion_identity_noresidual_rawppg_eventdecoder,0,1,4,180.0,240.0,22,22,22.0,22.0,0.0,0.9386823259842748,False,True,,1.0,0.0,0.0,21.990728115625853,22.03125,,detected_breaths,22,22,22,22.03125,0.0,0.0,0.03125,0.0,22,0,0,0,2296.875,0.0180421959121758,True,22.010416666666668,0.0104166666666678,22.0,0.0,1,w10s_nonoverlap,10 s / 0% overlap
BIDMC,47,early_fusion_identity_noresidual_rawppg_eventdecoder,0,1,5,240.0,300.0,22,22,22.0,22.0,0.0,0.9154640045583512,False,True,,1.0,0.0,0.0,21.990728115625853,22.03125,,detected_breaths,22,22,21,22.03125,0.0,1.0,0.03125,0.0,21,1,1,2,1875.0,0.5865795093875453,True,21.67708333333333,0.3229166666666678,22.0,0.0,1,w10s_nonoverlap,10 s / 0% overlap
BIDMC,47,early_fusion_identity_noresidual_rawppg_eventdecoder,0,1,6,300.0,360.0,22,22,22.0,22.0,0.0,0.9549234243977792,False,True,,1.0,0.0,0.0,21.9997271859228,22.03125,,detected_breaths,22,22,22,22.03125,0.0,0.0,0.03125,0.0,22,0,0,0,1273.4375,0.0180421959121758,True,22.010416666666668,0.0104166666666678,22.0,0.0,1,w10s_nonoverlap,10 s / 0% overlap
BIDMC,47,early_fusion_identity_noresidual_rawppg_eventdecoder,0,1,7,360.0,420.0,22,22,22.0,22.0,0.0,0.9379494039094076,False,True,,1.0,0.0,0.0,22.005730659025787,22.03125,,detected_breaths,22,22,22,22.03125,0.0,0.0,0.03125,0.0,22,0,0,0,1960.9375,0.0180421959121758,True,22.010416666666668,0.0104166666666678,22.0,0.0,1,w10s_nonoverlap,10 s / 0% overlap
BIDMC,47,early_fusion_identity_noresidual_rawppg_eventdecoder,0,1,8,420.0,480.0,22,22,22.0,22.0,0.0,0.9317480389112504,False,True,,1.0,0.0,0.0,22.005730659025787,22.03125,,detected_breaths,22,22,21,22.03125,0.0,1.0,0.03125,0.0,21,1,1,2,2609.375,0.5865795093875453,True,21.67708333333333,0.3229166666666678,22.0,0.0,1,w10s_nonoverlap,10 s / 0% overlap
BIDMC,48,early_fusion_identity_noresidual_rawppg_eventdecoder,0,1,1,0.0,60.0,15,19,15.0,19.0,4.0,0.0472531590943862,False,True,,1.0,0.0,0.0,12.575732765678728,14.53125,,detected_breaths,10,20,18,16.875,10.0,8.0,6.875,10.0,7,3,13,16,2335.9375,1.5827849927685482,True,18.291666666666668,8.291666666666668,18.0,8.0,1,w10s_nonoverlap,10 s / 0% overlap
BIDMC,48,early_fusion_identity_noresidual_rawppg_eventdecoder,0,1,2,60.0,120.0,16,17,16.0,17.0,1.0,-0.1055818990070333,False,True,,1.0,0.0,0.0,16.529459241323647,16.40625,,detected_breaths,17,20,17,16.40625,3.0,0.0,0.59375,3.0,8,9,12,21,4937.5,1.926463864398534,True,17.802083333333332,0.8020833333333321,17.0,0.0,1,w10s_nonoverlap,10 s / 0% overlap
BIDMC,48,early_fusion_identity_noresidual_rawppg_eventdecoder,0,1,3,120.0,180.0,17,18,17.0,18.0,1.0,0.2420985095560789,False,True,,1.0,0.0,0.0,17.891671520093187,18.28125,,detected_breaths,18,17,18,17.8125,1.0,0.0,0.1875,-1.0,15,3,3,6,10320.3125,0.5315562842572114,True,17.604166666666668,0.3958333333333321,17.8125,0.1875,1,w10s_nonoverlap,10 s / 0% overlap
BIDMC,48,early_fusion_identity_noresidual_rawppg_eventdecoder,0,1,4,180.0,240.0,17,18,17.0,18.0,1.0,0.1017904188264794,False,True,,1.0,0.0,0.0,17.24930638129211,17.34375,,detected_breaths,17,20,18,17.8125,3.0,1.0,0.8125,3.0,9,8,10,18,5078.125,1.212457043912622,True,18.604166666666668,1.604166666666668,18.0,1.0,1,w10s_nonoverlap,10 s / 0% overlap
BIDMC,48,early_fusion_identity_noresidual_rawppg_eventdecoder,0,1,5,240.0,300.0,18,19,18.0,19.0,1.0,0.2294142885817153,False,True,,1.0,0.0,0.0,18.38970368153248,18.75,,detected_breaths,17,18,17,17.8125,1.0,0.0,0.8125,1.0,10,7,8,15,3898.4375,0.5315562842572114,True,17.604166666666668,0.6041666666666679,17.8125,0.8125,1,w10s_nonoverlap,10 s / 0% overlap
BIDMC,48,early_fusion_identity_noresidual_rawppg_eventdecoder,0,1,6,300.0,360.0,18,18,18.0,18.0,0.0,0.4608053957407725,False,True,,1.0,0.0,0.0,18.662092624356777,18.75,,detected_breaths,19,18,19,19.21875,1.0,0.0,0.21875,-1.0,16,3,3,6,8132.8125,0.6497695905729455,True,18.73958333333333,0.2604166666666678,19.0,0.0,1,w10s_nonoverlap,10 s / 0% overlap
BIDMC,48,early_fusion_identity_noresidual_rawppg_eventdecoder,0,1,7,360.0,420.0,19,20,19.0,20.0,1.0,0.3172311382063294,False,True,,1.0,0.0,0.0,19.663118178143108,19.6875,,detected_breaths,19,20,19,19.6875,1.0,0.0,0.6875,1.0,17,2,2,4,10203.125,0.5115845482420281,True,19.5625,0.5625,19.6875,0.6875,1,w10s_nonoverlap,10 s / 0% overlap
BIDMC,48,early_fusion_identity_noresidual_rawppg_eventdecoder,0,1,8,420.0,480.0,19,20,19.0,20.0,1.0,-0.1376364383814784,False,True,,1.0,0.0,0.0,18.018216947281257,19.6875,,detected_breaths,18,21,20,20.625,3.0,2.0,2.625,3.0,9,9,12,21,5171.875,0.5051814855409226,True,20.541666666666668,2.541666666666668,20.625,2.625,1,w10s_nonoverlap,10 s / 0% overlap
BIDMC,49,early_fusion_identity_noresidual_rawppg_eventdecoder,0,1,1,0.0,60.0,16,19,16.0,19.0,3.0,0.5520655868218932,False,True,,1.0,0.0,0.0,16.63012586276898,16.40625,,detected_breaths,17,18,18,16.40625,1.0,1.0,0.59375,1.0,13,4,5,9,6093.75,0.920151991520966,True,17.46875,0.46875,18.0,1.0,1,w10s_nonoverlap,10 s / 0% overlap
BIDMC,49,early_fusion_identity_noresidual_rawppg_eventdecoder,0,1,2,60.0,120.0,15,16,15.0,16.0,1.0,0.5237257684702309,False,True,,1.0,0.0,0.0,15.87245349867139,15.9375,,detected_breaths,16,17,17,15.9375,1.0,1.0,0.0625,1.0,14,2,3,5,5148.4375,0.6134346610139774,True,16.645833333333332,0.6458333333333321,17.0,1.0,1,w10s_nonoverlap,10 s / 0% overlap
BIDMC,49,early_fusion_identity_noresidual_rawppg_eventdecoder,0,1,3,120.0,180.0,16,17,16.0,17.0,1.0,0.4355693586754312,False,True,,1.0,0.0,0.0,16.471849865951743,17.34375,,detected_breaths,16,17,16,15.46875,1.0,0.0,0.53125,1.0,11,5,6,11,3460.9375,0.7774909565390455,True,16.15625,0.15625,16.0,0.0,1,w10s_nonoverlap,10 s / 0% overlap
BIDMC,49,early_fusion_identity_noresidual_rawppg_eventdecoder,0,1,4,180.0,240.0,18,16,18.0,16.0,2.0,0.3127802451833762,False,True,,1.0,0.0,0.0,18.608157221698747,17.34375,,detected_breaths,19,17,17,19.6875,2.0,2.0,0.6875,-2.0,13,6,4,10,4921.875,1.5516288484471192,True,17.895833333333332,1.104166666666668,17.0,2.0,1,w10s_nonoverlap,10 s / 0% overlap
BIDMC,49,early_fusion_identity_noresidual_rawppg_eventdecoder,0,1,5,240.0,300.0,15,15,15.0,15.0,0.0,0.5974276743740461,False,True,,1.0,0.0,0.0,15.569070373588184,15.46875,,detected_breaths,16,16,16,17.34375,0.0,0.0,1.34375,0.0,12,4,4,8,5484.375,0.7758144242235596,True,16.447916666666668,0.4479166666666678,16.0,0.0,1,w10s_nonoverlap,10 s / 0% overlap
BIDMC,49,early_fusion_identity_noresidual_rawppg_eventdecoder,0,1,6,300.0,360.0,18,19,18.0,19.0,1.0,0.4572931491838254,False,True,,1.0,0.0,0.0,18.283295860335937,17.34375,,detected_breaths,18,18,17,17.34375,0.0,1.0,0.65625,0.0,15,3,3,6,6375.0,0.5080728499273832,True,17.447916666666668,0.5520833333333321,17.34375,0.65625,1,w10s_nonoverlap,10 s / 0% overlap
BIDMC,49,early_fusion_identity_noresidual_rawppg_eventdecoder,0,1,7,360.0,420.0,17,18,17.0,18.0,1.0,0.5477337626688226,False,True,,1.0,0.0,0.0,16.85827959939635,16.875,,detected_breaths,17,19,18,16.875,2.0,1.0,0.125,2.0,13,4,6,10,6109.375,1.0631125685144227,True,17.958333333333332,0.958333333333332,18.0,1.0,1,w10s_nonoverlap,10 s / 0% overlap
BIDMC,49,early_fusion_identity_noresidual_rawppg_eventdecoder,0,1,8,420.0,480.0,17,17,17.0,17.0,0.0,0.5639147547137575,False,True,,1.0,0.0,0.0,17.326565143824027,17.34375,,detected_breaths,17,17,17,17.34375,0.0,0.0,0.34375,0.0,16,1,1,2,8929.6875,0.1984641550339338,True,17.114583333333332,0.1145833333333321,17.0,0.0,1,w10s_nonoverlap,10 s / 0% overlap
BIDMC,50,early_fusion_identity_noresidual_rawppg_eventdecoder,0,1,1,0.0,60.0,15,15,15.0,15.0,0.0,0.8139064443988904,False,True,,1.0,0.0,0.0,15.28358208955224,15.0,,detected_breaths,16,17,16,15.0,1.0,0.0,1.0,1.0,16,0,1,1,7632.8125,1.0,True,16.0,0.0,16.0,0.0,1,w10s_nonoverlap,10 s / 0% overlap
BIDMC,50,early_fusion_identity_noresidual_rawppg_eventdecoder,0,1,2,60.0,120.0,16,16,16.0,16.0,0.0,0.8289803221838268,False,True,,1.0,0.0,0.0,15.817657558698338,15.9375,,detected_breaths,15,17,15,15.9375,2.0,0.0,0.9375,2.0,15,0,1,1,5375.0,1.0006508298769023,True,15.979166666666666,0.979166666666666,15.9375,0.9375,1,w10s_nonoverlap,10 s / 0% overlap
BIDMC,50,early_fusion_identity_noresidual_rawppg_eventdecoder,0,1,3,120.0,180.0,14,15,14.0,15.0,1.0,0.7761339567211152,False,True,,1.0,0.0,0.0,14.266933409545585,14.0625,,detected_breaths,14,14,15,14.53125,0.0,1.0,0.53125,0.0,13,1,2,3,7156.25,0.5003254149384512,True,14.510416666666666,0.5104166666666661,14.53125,0.53125,1,w10s_nonoverlap,10 s / 0% overlap
BIDMC,50,early_fusion_identity_noresidual_rawppg_eventdecoder,0,1,4,180.0,240.0,15,16,15.0,16.0,1.0,0.770769542617995,False,True,,1.0,0.0,0.0,14.52384168580305,14.53125,,detected_breaths,15,16,14,14.53125,1.0,1.0,0.46875,1.0,14,1,2,3,7671.875,1.0359740283906735,True,14.84375,0.15625,14.53125,0.46875,1,w10s_nonoverlap,10 s / 0% overlap
BIDMC,50,early_fusion_identity_noresidual_rawppg_eventdecoder,0,1,5,240.0,300.0,15,16,15.0,16.0,1.0,0.8407324441681185,False,True,,1.0,0.0,0.0,14.859038142620232,15.0,,detected_breaths,15,16,15,15.0,1.0,0.0,0.0,1.0,15,0,1,1,5867.1875,0.5773502691896257,True,15.333333333333334,0.3333333333333339,15.0,0.0,1,w10s_nonoverlap,10 s / 0% overlap
BIDMC,50,early_fusion_identity_noresidual_rawppg_eventdecoder,0,1,6,300.0,360.0,15,17,15.0,17.0,2.0,0.4446315682796445,False,True,,1.0,0.0,0.0,15.107489110580302,15.46875,,detected_breaths,15,18,17,14.53125,3.0,2.0,0.46875,3.0,15,0,3,3,7085.9375,1.785448268876288,True,16.510416666666668,1.510416666666668,17.0,2.0,1,w10s_nonoverlap,10 s / 0% overlap
BIDMC,50,early_fusion_identity_noresidual_rawppg_eventdecoder,0,1,7,360.0,420.0,15,18,15.0,18.0,3.0,-0.3495719453208569,False,True,,1.0,0.0,0.0,14.973005398920217,15.46875,,detected_breaths,14,16,15,15.0,2.0,1.0,1.0,2.0,9,5,7,12,4195.3125,0.5773502691896257,True,15.333333333333334,1.333333333333334,15.0,1.0,1,w10s_nonoverlap,10 s / 0% overlap
BIDMC,50,early_fusion_identity_noresidual_rawppg_eventdecoder,0,1,8,420.0,480.0,14,20,14.0,20.0,6.0,-0.5398329263350865,False,True,,1.0,0.0,0.0,13.864901459304953,14.0625,,detected_breaths,13,15,13,12.1875,2.0,0.0,0.8125,2.0,2,11,13,24,445.3125,1.4474294743901457,True,13.395833333333334,0.3958333333333339,13.0,0.0,1,w10s_nonoverlap,10 s / 0% overlap
BIDMC,51,early_fusion_identity_noresidual_rawppg_eventdecoder,0,1,1,0.0,60.0,18,19,18.0,19.0,1.0,0.3153264779458856,False,True,,1.0,0.0,0.0,18.14341300722624,18.28125,,detected_breaths,18,18,18,18.28125,0.0,0.0,0.28125,0.0,14,4,4,8,7445.3125,0.1623797632095822,True,18.09375,0.09375,18.0,0.0,1,w10s_nonoverlap,10 s / 0% overlap
BIDMC,51,early_fusion_identity_noresidual_rawppg_eventdecoder,0,1,2,60.0,120.0,18,18,18.0,18.0,0.0,0.3587170111326076,False,True,,1.0,0.0,0.0,18.65675907402115,18.75,,detected_breaths,19,19,19,18.75,0.0,0.0,0.25,0.0,14,5,5,10,6820.3125,0.1443375672974064,True,18.916666666666668,0.0833333333333321,19.0,0.0,1,w10s_nonoverlap,10 s / 0% overlap
BIDMC,51,early_fusion_identity_noresidual_rawppg_eventdecoder,0,1,3,120.0,180.0,18,17,18.0,17.0,1.0,0.4159450464573695,False,True,,1.0,0.0,0.0,17.96614834181918,17.8125,,detected_breaths,18,19,18,17.8125,1.0,0.0,0.1875,1.0,16,2,3,5,9226.5625,0.6383980602518567,True,18.27083333333333,0.2708333333333321,18.0,0.0,1,w10s_nonoverlap,10 s / 0% overlap
BIDMC,51,early_fusion_identity_noresidual_rawppg_eventdecoder,0,1,4,180.0,240.0,18,18,18.0,18.0,0.0,0.2053779993043347,False,True,,1.0,0.0,0.0,18.141732283464567,18.28125,,detected_breaths,18,18,18,18.28125,0.0,0.0,0.28125,0.0,11,7,7,14,6453.125,0.1623797632095822,True,18.09375,0.09375,18.0,0.0,1,w10s_nonoverlap,10 s / 0% overlap
BIDMC,51,early_fusion_identity_noresidual_rawppg_eventdecoder,0,1,5,240.0,300.0,18,18,18.0,18.0,0.0,0.3682070151574493,False,True,,1.0,0.0,0.0,18.60359076660017,17.8125,,detected_breaths,18,19,19,17.8125,1.0,1.0,0.1875,1.0,16,2,3,5,7421.875,0.6856034446626805,True,18.604166666666668,0.6041666666666679,19.0,1.0,1,w10s_nonoverlap,10 s / 0% overlap
BIDMC,51,early_fusion_identity_noresidual_rawppg_eventdecoder,0,1,6,300.0,360.0,18,18,18.0,18.0,0.0,0.4852796226584552,False,True,,1.0,0.0,0.0,18.28059367124055,18.28125,,detected_breaths,19,19,18,18.28125,0.0,1.0,0.71875,0.0,16,3,3,6,8539.0625,0.5157039081036068,True,18.42708333333333,0.5729166666666679,18.28125,0.71875,1,w10s_nonoverlap,10 s / 0% overlap
BIDMC,51,early_fusion_identity_noresidual_rawppg_eventdecoder,0,1,7,360.0,420.0,18,18,18.0,18.0,0.0,0.537091604499525,False,True,,1.0,0.0,0.0,19.12450851900393,19.21875,,detected_breaths,19,19,19,18.75,0.0,0.0,0.25,0.0,18,1,1,2,8875.0,0.1443375672974064,True,18.916666666666668,0.0833333333333321,19.0,0.0,1,w10s_nonoverlap,10 s / 0% overlap
BIDMC,51,early_fusion_identity_noresidual_rawppg_eventdecoder,0,1,8,420.0,480.0,18,18,18.0,18.0,0.0,0.2415150126167929,False,True,,1.0,0.0,0.0,18.313929022303267,17.8125,,detected_breaths,18,19,18,17.8125,1.0,0.0,0.1875,1.0,17,1,2,3,10625.0,0.6383980602518567,True,18.27083333333333,0.2708333333333321,18.0,0.0,1,w10s_nonoverlap,10 s / 0% overlap
BIDMC,52,early_fusion_identity_noresidual_rawppg_eventdecoder,0,1,1,0.0,60.0,18,17,18.0,17.0,1.0,0.2659421347549477,False,True,,1.0,0.0,0.0,18.221912072575016,18.28125,,detected_breaths,18,19,18,18.28125,1.0,0.0,0.28125,1.0,14,4,5,9,8273.4375,0.5157039081036068,True,18.42708333333333,0.4270833333333321,18.28125,0.28125,1,w10s_nonoverlap,10 s / 0% overlap
BIDMC,52,early_fusion_identity_noresidual_rawppg_eventdecoder,0,1,2,60.0,120.0,19,19,19.0,19.0,0.0,0.2349097484150599,False,True,,1.0,0.0,0.0,18.588140379185155,18.75,,detected_breaths,19,17,16,16.875,2.0,3.0,2.125,-2.0,15,4,2,6,8765.625,0.5448623679425842,True,16.625,2.375,16.875,2.125,1,w10s_nonoverlap,10 s / 0% overlap
BIDMC,52,early_fusion_identity_noresidual_rawppg_eventdecoder,0,1,3,120.0,180.0,18,18,18.0,18.0,0.0,0.3387647441110988,False,True,,1.0,0.0,0.0,18.68345735546652,18.75,,detected_breaths,19,19,19,18.75,0.0,0.0,0.25,0.0,16,3,3,6,8625.0,0.1443375672974064,True,18.916666666666668,0.0833333333333321,19.0,0.0,1,w10s_nonoverlap,10 s / 0% overlap
BIDMC,52,early_fusion_identity_noresidual_rawppg_eventdecoder,0,1,4,180.0,240.0,19,18,19.0,18.0,1.0,0.2616965612937337,False,True,,1.0,0.0,0.0,18.40745672436751,18.75,,detected_breaths,18,18,18,18.28125,0.0,0.0,0.28125,0.0,16,2,2,4,9953.125,0.1623797632095822,True,18.09375,0.09375,18.0,0.0,1,w10s_nonoverlap,10 s / 0% overlap
BIDMC,52,early_fusion_identity_noresidual_rawppg_eventdecoder,0,1,5,240.0,300.0,18,18,18.0,18.0,0.0,0.2971237456638893,False,True,,1.0,0.0,0.0,18.321639068200955,18.28125,,detected_breaths,18,18,19,18.28125,0.0,1.0,0.28125,0.0,17,1,1,2,9406.25,0.5157039081036068,True,18.42708333333333,0.4270833333333321,18.28125,0.28125,1,w10s_nonoverlap,10 s / 0% overlap
BIDMC,52,early_fusion_identity_noresidual_rawppg_eventdecoder,0,1,6,300.0,360.0,18,18,18.0,18.0,0.0,0.310196620948117,False,True,,1.0,0.0,0.0,18.43691651106962,18.75,,detected_breaths,19,19,17,18.28125,0.0,2.0,0.71875,0.0,14,5,5,10,7171.875,1.013097817340458,True,18.09375,0.90625,18.28125,0.71875,1,w10s_nonoverlap,10 s / 0% overlap
BIDMC,52,early_fusion_identity_noresidual_rawppg_eventdecoder,0,1,7,360.0,420.0,18,18,18.0,18.0,0.0,0.2879709989871932,False,True,,1.0,0.0,0.0,18.662092624356777,17.34375,,detected_breaths,18,20,19,17.34375,2.0,1.0,0.65625,2.0,15,3,4,7,8304.6875,1.3415679958541051,True,18.78125,0.78125,19.0,1.0,1,w10s_nonoverlap,10 s / 0% overlap
BIDMC,52,early_fusion_identity_noresidual_rawppg_eventdecoder,0,1,8,420.0,480.0,18,18,18.0,18.0,0.0,0.3991386990236804,False,True,,1.0,0.0,0.0,17.200447928331467,18.75,,detected_breaths,17,19,17,18.28125,2.0,0.0,1.28125,2.0,15,2,5,7,8859.375,1.013097817340458,True,18.09375,1.09375,18.28125,1.28125,1,w10s_nonoverlap,10 s / 0% overlap
BIDMC,53,early_fusion_identity_noresidual_rawppg_eventdecoder,0,1,1,0.0,60.0,20,17,20.0,17.0,3.0,-0.083970606634934,False,True,,1.0,0.0,0.0,20.016460905349795,21.09375,,detected_breaths,20,18,16,12.1875,2.0,4.0,7.8125,-2.0,8,12,10,22,4039.0625,2.952973430854625,True,15.395833333333334,4.604166666666666,16.0,4.0,1,w10s_nonoverlap,10 s / 0% overlap
BIDMC,53,early_fusion_identity_noresidual_rawppg_eventdecoder,0,1,2,60.0,120.0,19,20,19.0,20.0,1.0,0.0381632724893999,False,True,,1.0,0.0,0.0,19.451245251160827,19.6875,,detected_breaths,20,22,18,19.21875,2.0,2.0,0.78125,2.0,12,8,10,18,5789.0625,2.050231821242011,True,19.73958333333333,0.2604166666666678,19.21875,0.78125,1,w10s_nonoverlap,10 s / 0% overlap
BIDMC,53,early_fusion_identity_noresidual_rawppg_eventdecoder,0,1,3,120.0,180.0,19,19,19.0,19.0,0.0,-0.0405089606035594,False,True,,1.0,0.0,0.0,20.13897993968795,20.625,,detected_breaths,20,20,19,20.625,0.0,1.0,0.625,0.0,11,9,9,18,6031.25,0.81967981553775,True,19.875,0.125,20.0,0.0,1,w10s_nonoverlap,10 s / 0% overlap
BIDMC,53,early_fusion_identity_noresidual_rawppg_eventdecoder,0,1,4,180.0,240.0,19,18,19.0,18.0,1.0,-0.0475195629820852,False,True,,1.0,0.0,0.0,19.369482976040352,19.6875,,detected_breaths,19,18,18,19.6875,1.0,1.0,0.6875,-1.0,9,10,9,19,4789.0625,0.9742785792574936,True,18.5625,0.4375,18.0,1.0,1,w10s_nonoverlap,10 s / 0% overlap
BIDMC,53,early_fusion_identity_noresidual_rawppg_eventdecoder,0,1,5,240.0,300.0,19,19,19.0,19.0,0.0,0.1377454175098512,False,True,,1.0,0.0,0.0,19.002061855670103,19.21875,,detected_breaths,19,19,19,19.21875,0.0,0.0,0.21875,0.0,11,8,8,16,5195.3125,0.1262953713852306,True,19.072916666666668,0.0729166666666678,19.0,0.0,1,w10s_nonoverlap,10 s / 0% overlap
BIDMC,53,early_fusion_identity_noresidual_rawppg_eventdecoder,0,1,6,300.0,360.0,18,18,18.0,18.0,0.0,0.298341523880964,False,True,,1.0,0.0,0.0,17.71986970684039,17.34375,,detected_breaths,18,19,18,16.40625,1.0,0.0,1.59375,1.0,12,6,7,13,4359.375,1.3081525220070225,True,17.802083333333332,0.1979166666666678,18.0,0.0,1,w10s_nonoverlap,10 s / 0% overlap
BIDMC,53,early_fusion_identity_noresidual_rawppg_eventdecoder,0,1,7,360.0,420.0,19,18,19.0,18.0,1.0,0.2007922105132255,False,True,,1.0,0.0,0.0,18.83892068683565,19.6875,,detected_breaths,19,20,19,19.21875,1.0,0.0,0.21875,1.0,11,8,9,17,5617.1875,0.5257063700393976,True,19.40625,0.40625,19.21875,0.21875,1,w10s_nonoverlap,10 s / 0% overlap
BIDMC,53,early_fusion_identity_noresidual_rawppg_eventdecoder,0,1,8,420.0,480.0,18,18,18.0,18.0,0.0,0.1519491757679276,False,True,,1.0,0.0,0.0,18.65942546805774,18.28125,,detected_breaths,18,19,18,18.75,1.0,0.0,0.75,1.0,10,8,9,17,5687.5,0.5204164998665332,True,18.58333333333333,0.5833333333333321,18.75,0.75,1,w10s_nonoverlap,10 s / 0% overlap
CapnoBase,0009,early_fusion_identity_noresidual_rawppg_eventdecoder,0,1,1,0.0,60.0,18,18,18.0,18.0,0.0,0.9649025123335602,False,True,,1.0,0.0,0.0,17.633711507293356,17.8125,17.97109428768066,expert_labels,18,18,18,17.8125,0.0,0.0,0.1875,0.0,18,0,1,1,2203.125,0.1082531754730548,True,17.9375,0.0625,18.0,0.0,1,w10s_nonoverlap,10 s / 0% overlap
CapnoBase,0009,early_fusion_identity_noresidual_rawppg_eventdecoder,0,1,2,60.0,120.0,18,18,18.0,18.0,0.0,0.917720239063698,False,True,,1.0,0.0,0.0,17.70545158665582,17.34375,17.387859063251735,expert_labels,17,25,21,17.34375,8.0,4.0,0.34375,8.0,17,0,7,7,2578.125,3.82941092347548,True,21.11458333333333,4.114583333333332,21.0,4.0,1,w10s_nonoverlap,10 s / 0% overlap
CapnoBase,0009,early_fusion_identity_noresidual_rawppg_eventdecoder,0,1,3,120.0,180.0,18,18,18.0,18.0,0.0,0.9277437018634354,False,True,,1.0,0.0,0.0,18.42954272763632,18.28125,18.14341300722624,expert_labels,18,24,21,18.28125,6.0,3.0,0.28125,6.0,18,0,6,6,2554.6875,2.860527431698567,True,21.09375,3.09375,21.0,3.0,1,w10s_nonoverlap,10 s / 0% overlap
CapnoBase,0009,early_fusion_identity_noresidual_rawppg_eventdecoder,0,1,4,180.0,240.0,20,20,20.0,20.0,0.0,0.9095390095045868,False,True,,1.0,0.0,0.0,20.835594139989148,22.03125,20.878075302433057,expert_labels,21,23,21,22.5,2.0,0.0,1.5,2.0,21,0,2,2,3523.4375,1.0408329997330663,True,22.166666666666668,1.166666666666668,22.5,1.5,1,w10s_nonoverlap,10 s / 0% overlap
CapnoBase,0009,early_fusion_identity_noresidual_rawppg_eventdecoder,0,1,5,240.0,300.0,19,19,19.0,19.0,0.0,0.9352507586548384,False,True,,1.0,0.0,0.0,19.761646803900323,19.6875,19.825039437831634,expert_labels,19,19,20,19.6875,0.0,1.0,0.6875,0.0,19,0,0,0,2289.0625,0.5115845482420281,True,19.5625,0.5625,19.6875,0.6875,1,w10s_nonoverlap,10 s / 0% overlap
CapnoBase,0009,early_fusion_identity_noresidual_rawppg_eventdecoder,0,1,6,300.0,360.0,19,19,19.0,19.0,0.0,0.9555585090299856,False,True,,1.0,0.0,0.0,19.288405190456256,19.21875,19.2964824120603,expert_labels,20,21,19,19.21875,1.0,1.0,0.78125,1.0,20,0,1,1,2304.6875,1.0970189245556947,True,19.73958333333333,0.2604166666666678,19.21875,0.78125,1,w10s_nonoverlap,10 s / 0% overlap
CapnoBase,0009,early_fusion_identity_noresidual_rawppg_eventdecoder,0,1,7,360.0,420.0,19,19,19.0,19.0,0.0,0.94676174481639,False,True,,1.0,0.0,0.0,19.432680783060327,19.21875,19.39666058650204,expert_labels,19,20,19,19.21875,1.0,0.0,0.21875,1.0,19,0,1,1,2218.75,0.5257063700393976,True,19.40625,0.40625,19.21875,0.21875,1,w10s_nonoverlap,10 s / 0% overlap
CapnoBase,0009,early_fusion_identity_noresidual_rawppg_eventdecoder,0,1,8,420.0,480.0,19,19,19.0,19.0,0.0,0.9617430299072544,False,True,,0.9998697916666668,0.0,0.0,19.994214636968472,19.6875,19.681683301861344,expert_labels,20,21,20,19.6875,1.0,0.0,0.3125,1.0,20,0,1,1,2234.375,0.6856034446626805,True,20.229166666666668,0.2291666666666678,20.0,0.0,1,w10s_nonoverlap,10 s / 0% overlap
CapnoBase,0015,early_fusion_identity_noresidual_rawppg_eventdecoder,0,1,1,0.0,60.0,29,26,29.0,26.0,3.0,0.7149999267003089,False,True,,1.0,0.0,0.0,28.75250701965504,29.0625,28.776019983347208,expert_labels,28,26,26,29.0625,2.0,2.0,1.0625,-2.0,26,2,0,2,4125.0,1.768135199393229,True,27.02083333333333,0.979166666666668,26.0,2.0,1,w10s_nonoverlap,10 s / 0% overlap
CapnoBase,0015,early_fusion_identity_noresidual_rawppg_eventdecoder,0,1,2,60.0,120.0,29,29,29.0,29.0,0.0,0.9181975693316884,False,True,,1.0,0.0,0.0,28.965517241379303,29.0625,28.973322554567503,expert_labels,29,29,29,29.0625,0.0,0.0,0.0625,0.0,29,0,0,0,4140.625,0.0360843918243516,True,29.02083333333333,0.0208333333333321,29.0,0.0,1,w10s_nonoverlap,10 s / 0% overlap
CapnoBase,0015,early_fusion_identity_noresidual_rawppg_eventdecoder,0,1,3,120.0,180.0,28,28,28.0,28.0,0.0,0.9439818973882126,False,True,,1.0,0.0,0.0,28.77944325481799,28.59375,28.76019794035041,expert_labels,29,29,28,28.59375,0.0,1.0,0.40625,0.0,29,0,0,0,3171.875,0.5029211543572213,True,28.53125,0.46875,28.59375,0.40625,1,w10s_nonoverlap,10 s / 0% overlap
CapnoBase,0015,early_fusion_identity_noresidual_rawppg_eventdecoder,0,1,4,180.0,240.0,28,28,28.0,28.0,0.0,0.8678286520062526,False,True,,1.0,0.0,0.0,28.64484044757564,28.59375,28.66817757632316,expert_labels,29,29,28,28.59375,0.0,1.0,0.40625,0.0,28,1,1,2,4070.3125,0.5029211543572213,True,28.53125,0.46875,28.59375,0.40625,1,w10s_nonoverlap,10 s / 0% overlap
CapnoBase,0015,early_fusion_identity_noresidual_rawppg_eventdecoder,0,1,5,240.0,300.0,28,28,28.0,28.0,0.0,0.7996588503092983,False,True,,1.0,0.0,0.0,28.78714859437751,29.0625,28.78001387925052,expert_labels,28,28,27,29.0625,0.0,1.0,1.0625,0.0,27,1,1,2,2843.75,1.0314078162072136,True,28.02083333333333,0.0208333333333321,28.0,0.0,1,w10s_nonoverlap,10 s / 0% overlap
CapnoBase,0015,early_fusion_identity_noresidual_rawppg_eventdecoder,0,1,6,300.0,360.0,29,25,29.0,25.0,4.0,0.6260369280744824,False,True,,1.0,0.0,0.0,28.938231731933787,28.59375,28.96941937222148,expert_labels,29,26,24,28.59375,3.0,5.0,0.40625,-3.0,24,5,2,7,3429.6875,2.3032613878657657,True,26.197916666666668,2.802083333333332,26.0,3.0,1,w10s_nonoverlap,10 s / 0% overlap
CapnoBase,0015,early_fusion_identity_noresidual_rawppg_eventdecoder,0,1,7,360.0,420.0,28,24,28.0,24.0,4.0,0.6059136775742574,False,True,,1.0,0.0,0.0,28.63000931966449,28.59375,28.58814145174156,expert_labels,29,29,26,13.59375,0.0,3.0,15.40625,0.0,27,2,2,4,4960.9375,8.16769631051702,False,,,26.0,3.0,1,w10s_nonoverlap,10 s / 0% overlap
CapnoBase,0015,early_fusion_identity_noresidual_rawppg_eventdecoder,0,1,8,420.0,480.0,28,28,28.0,28.0,0.0,0.9114714497198512,False,True,,0.9986979166666666,0.0,0.0,28.65671641791045,28.59375,28.683473389355743,expert_labels,29,28,28,29.0625,1.0,1.0,0.0625,-1.0,28,1,0,1,4265.625,0.6134346610139774,True,28.354166666666668,0.6458333333333321,28.0,1.0,1,w10s_nonoverlap,10 s / 0% overlap
CapnoBase,0016,early_fusion_identity_noresidual_rawppg_eventdecoder,0,1,1,0.0,60.0,9,17,9.0,17.0,8.0,0.5443042683595041,False,True,,0.95,0.0,0.0791666666666666,10.578512396694215,9.84375,10.002894356005788,expert_labels,10,19,17,10.3125,9.0,7.0,0.3125,9.0,10,0,9,9,8421.875,4.549639408788349,False,,,17.0,7.0,1,w10s_nonoverlap,10 s / 0% overlap
CapnoBase,0016,early_fusion_identity_noresidual_rawppg_eventdecoder,0,1,2,60.0,120.0,9,19,9.0,19.0,10.0,0.4541967002338624,False,True,,1.0,0.0,0.0,10.517666392769105,9.84375,10.004342162396874,expert_labels,10,22,17,10.3125,12.0,7.0,0.3125,12.0,10,0,12,12,7335.9375,5.864018992977427,False,,,17.0,7.0,1,w10s_nonoverlap,10 s / 0% overlap
CapnoBase,0016,early_fusion_identity_noresidual_rawppg_eventdecoder,0,1,3,120.0,180.0,9,18,9.0,18.0,9.0,0.5064395132801123,False,True,,1.0,0.0,0.0,10.524873235576264,9.84375,10.005790387955994,expert_labels,10,20,18,10.3125,10.0,8.0,0.3125,10.0,8,2,12,14,7375.0,5.114445432628384,False,,,18.0,8.0,1,w10s_nonoverlap,10 s / 0% overlap
CapnoBase,0016,early_fusion_identity_noresidual_rawppg_eventdecoder,0,1,4,180.0,240.0,9,20,9.0,20.0,11.0,0.5661015676636593,False,True,,1.0,0.0,0.0,10.524873235576264,9.84375,10.004342162396874,expert_labels,10,20,16,9.84375,10.0,6.0,0.15625,10.0,8,2,12,14,6484.375,5.116131809042844,False,,,16.0,6.0,1,w10s_nonoverlap,10 s / 0% overlap
CapnoBase,0016,early_fusion_identity_noresidual_rawppg_eventdecoder,0,1,5,240.0,300.0,10,21,10.0,21.0,11.0,0.331420635873866,False,True,,1.0,0.0,0.0,10.52920208390458,9.84375,10.004342162396874,expert_labels,10,21,17,20.15625,11.0,7.0,10.15625,11.0,9,1,12,13,7218.75,2.108468169272028,True,19.385416666666668,9.385416666666668,20.15625,10.15625,1,w10s_nonoverlap,10 s / 0% overlap
CapnoBase,0016,early_fusion_identity_noresidual_rawppg_eventdecoder,0,1,6,300.0,360.0,10,19,10.0,19.0,9.0,0.5252281922020043,False,False,ref_artifact_label,0.9841145833333332,0.0158854166666666,0.0,10.52920208390458,9.84375,10.005790387955994,expert_labels,10,24,17,4.6875,14.0,7.0,5.3125,14.0,10,0,14,14,5398.4375,9.77727222098952,False,,,17.0,7.0,1,w10s_nonoverlap,10 s / 0% overlap
CapnoBase,0016,early_fusion_identity_noresidual_rawppg_eventdecoder,0,1,7,360.0,420.0,10,18,10.0,18.0,8.0,0.4049213533955367,False,True,,1.0,0.0,0.0,10.533534494582362,9.84375,10.005790387955994,expert_labels,10,19,18,9.375,9.0,8.0,0.625,9.0,7,3,12,15,5750.0,5.291994740486175,False,,,18.0,8.0,1,w10s_nonoverlap,10 s / 0% overlap
CapnoBase,0016,early_fusion_identity_noresidual_rawppg_eventdecoder,0,1,8,420.0,480.0,10,20,10.0,20.0,10.0,0.3146586412493327,False,True,,1.0,0.0,0.046484375,10.540763107329123,9.84375,10.00723903286521,expert_labels,10,22,19,7.96875,12.0,9.0,2.03125,12.0,8,2,14,16,6531.25,7.388780381147713,False,,,19.0,9.0,1,w10s_nonoverlap,10 s / 0% overlap
CapnoBase,0018,early_fusion_identity_noresidual_rawppg_eventdecoder,0,1,1,0.0,60.0,30,20,30.0,20.0,10.0,0.094986628979445,False,True,,1.0,0.0,0.0,38.58248472505092,38.90625,38.61338978565758,expert_labels,39,21,20,4.21875,18.0,19.0,34.78125,-18.0,20,19,1,20,2460.9375,9.413272572322196,False,,,20.0,19.0,1,w10s_nonoverlap,10 s / 0% overlap
CapnoBase,0018,early_fusion_identity_noresidual_rawppg_eventdecoder,0,1,2,60.0,120.0,33,20,33.0,20.0,13.0,0.1246697631755849,False,True,,1.0,0.0,0.0,36.9329414907828,37.03125,36.908289947937526,expert_labels,37,30,21,5.625,7.0,16.0,31.375,-7.0,29,8,1,9,3437.5,12.32565921157972,False,,,21.0,16.0,1,w10s_nonoverlap,10 s / 0% overlap
CapnoBase,0018,early_fusion_identity_noresidual_rawppg_eventdecoder,0,1,3,120.0,180.0,34,24,34.0,24.0,10.0,0.3016277126241427,False,True,,1.0,0.0,0.0,34.77890250399574,35.625,34.751131221719454,expert_labels,35,30,24,11.71875,5.0,11.0,23.28125,-5.0,31,4,0,4,3679.6875,9.3187374245388,False,,,24.0,11.0,1,w10s_nonoverlap,10 s / 0% overlap
CapnoBase,0018,early_fusion_identity_noresidual_rawppg_eventdecoder,0,1,4,180.0,240.0,34,17,34.0,17.0,17.0,0.1556809182741219,False,True,,1.0,0.0,0.0,35.20560873668599,35.15625,35.25789900081016,expert_labels,35,21,15,5.625,14.0,20.0,29.375,-14.0,20,15,0,15,2171.875,7.748991869914434,False,,,15.0,20.0,1,w10s_nonoverlap,10 s / 0% overlap
CapnoBase,0018,early_fusion_identity_noresidual_rawppg_eventdecoder,0,1,5,240.0,300.0,33,25,33.0,25.0,8.0,0.0964060247877745,False,True,,1.0,0.0,0.0,34.92776886035313,35.15625,33.873295910184446,expert_labels,34,29,28,35.15625,5.0,6.0,1.15625,-5.0,27,7,2,9,2921.875,3.8753780057563416,True,30.71875,3.28125,29.0,5.0,1,w10s_nonoverlap,10 s / 0% overlap
CapnoBase,0018,early_fusion_identity_noresidual_rawppg_eventdecoder,0,1,6,300.0,360.0,32,28,32.0,28.0,4.0,0.5673114436540634,False,True,,1.0,0.0,0.0427083333333333,33.26025172553796,34.21875,33.22877230935641,expert_labels,33,31,28,34.21875,2.0,5.0,1.21875,-2.0,30,3,1,4,2445.3125,3.110016160863692,True,31.072916666666668,1.927083333333332,31.0,2.0,1,w10s_nonoverlap,10 s / 0% overlap
CapnoBase,0018,early_fusion_identity_noresidual_rawppg_eventdecoder,0,1,7,360.0,420.0,31,27,31.0,27.0,4.0,0.6541245562526518,False,True,,1.0,0.0,0.0,31.75670268107243,31.875,31.748233097746365,expert_labels,32,31,29,31.875,1.0,3.0,0.125,-1.0,31,1,0,1,2367.1875,1.4737282653189494,True,30.625,1.375,31.0,1.0,1,w10s_nonoverlap,10 s / 0% overlap
CapnoBase,0018,early_fusion_identity_noresidual_rawppg_eventdecoder,0,1,8,420.0,480.0,29,23,29.0,23.0,6.0,0.376785294387987,False,True,,0.9970052083333332,0.0,0.0,30.42622950819672,30.46875,30.368148350149987,expert_labels,30,25,21,9.375,5.0,9.0,20.625,-5.0,24,6,1,7,3023.4375,8.116662388773685,False,,,21.0,9.0,1,w10s_nonoverlap,10 s / 0% overlap
CapnoBase,0023,early_fusion_identity_noresidual_rawppg_eventdecoder,0,1,1,0.0,60.0,23,23,23.0,23.0,0.0,0.9784880138987117,False,True,,1.0,0.0,0.0,23.02848575712144,22.96875,23.01907356948229,expert_labels,23,23,23,22.96875,0.0,0.0,0.03125,0.0,23,0,0,0,2882.8125,0.0180421959121758,True,22.98958333333333,0.0104166666666678,23.0,0.0,1,w10s_nonoverlap,10 s / 0% overlap
CapnoBase,0023,early_fusion_identity_noresidual_rawppg_eventdecoder,0,1,2,60.0,120.0,24,24,24.0,24.0,0.0,0.9651782419570744,False,True,,1.0,0.0,0.0,23.77069035123133,23.90625,23.805929919137466,expert_labels,24,24,24,23.90625,0.0,0.0,0.09375,0.0,24,0,0,0,3054.6875,0.0541265877365274,True,23.96875,0.03125,24.0,0.0,1,w10s_nonoverlap,10 s / 0% overlap
CapnoBase,0023,early_fusion_identity_noresidual_rawppg_eventdecoder,0,1,3,120.0,180.0,21,21,21.0,21.0,0.0,0.9722159622290936,False,True,,1.0,0.0,0.0,21.71945701357465,21.5625,21.738778811160536,expert_labels,22,22,22,21.5625,0.0,0.0,0.4375,0.0,22,0,0,0,3187.5,0.2525907427704613,True,21.854166666666668,0.1458333333333321,22.0,0.0,1,w10s_nonoverlap,10 s / 0% overlap
CapnoBase,0023,early_fusion_identity_noresidual_rawppg_eventdecoder,0,1,4,180.0,240.0,21,21,21.0,21.0,0.0,0.9750085936604012,False,True,,1.0,0.0,0.0,21.88034188034188,22.03125,21.89816700610998,expert_labels,22,22,22,22.03125,0.0,0.0,0.03125,0.0,22,0,0,0,3132.8125,0.0180421959121758,True,22.010416666666668,0.0104166666666678,22.0,0.0,1,w10s_nonoverlap,10 s / 0% overlap
CapnoBase,0023,early_fusion_identity_noresidual_rawppg_eventdecoder,0,1,5,240.0,300.0,20,20,20.0,20.0,0.0,0.9615355119541716,False,True,,1.0,0.0,0.0,21.08731466227348,21.09375,21.110500274876305,expert_labels,21,21,21,21.09375,0.0,0.0,0.09375,0.0,21,0,0,0,1992.1875,0.0541265877365274,True,21.03125,0.03125,21.0,0.0,1,w10s_nonoverlap,10 s / 0% overlap
CapnoBase,0023,early_fusion_identity_noresidual_rawppg_eventdecoder,0,1,6,300.0,360.0,20,20,20.0,20.0,0.0,0.9599627143161518,False,True,,1.0,0.0,0.0,21.03245241681501,21.09375,21.03245241681501,expert_labels,21,21,21,21.09375,0.0,0.0,0.09375,0.0,21,0,0,0,2875.0,0.0541265877365274,True,21.03125,0.03125,21.0,0.0,1,w10s_nonoverlap,10 s / 0% overlap
CapnoBase,0023,early_fusion_identity_noresidual_rawppg_eventdecoder,0,1,7,360.0,420.0,20,20,20.0,20.0,0.0,0.971997252386311,False,True,,1.0,0.0,0.0,20.647936550611643,20.625,20.63406770553465,expert_labels,21,21,21,20.625,0.0,0.0,0.375,0.0,21,0,0,0,2281.25,0.2165063509461096,True,20.875,0.125,21.0,0.0,1,w10s_nonoverlap,10 s / 0% overlap
CapnoBase,0023,early_fusion_identity_noresidual_rawppg_eventdecoder,0,1,8,420.0,480.0,22,22,22.0,22.0,0.0,0.967766227271562,False,True,,0.9994791666666668,0.0,0.0,21.542776998597475,21.5625,21.50959249404845,expert_labels,21,21,21,21.5625,0.0,0.0,0.5625,0.0,21,0,0,0,2734.375,0.3247595264191645,True,21.1875,0.1875,21.0,0.0,1,w10s_nonoverlap,10 s / 0% overlap
CapnoBase,0028,early_fusion_identity_noresidual_rawppg_eventdecoder,0,1,1,0.0,60.0,12,13,12.0,13.0,1.0,0.9257105266191454,False,True,,0.9963541666666668,0.0,0.0,12.187252049722296,12.1875,12.029047415634343,expert_labels,12,13,12,12.1875,1.0,0.0,0.1875,1.0,12,0,1,1,1679.6875,0.5315562842572114,True,12.395833333333334,0.3958333333333339,12.1875,0.1875,1,w10s_nonoverlap,10 s / 0% overlap
CapnoBase,0028,early_fusion_identity_noresidual_rawppg_eventdecoder,0,1,2,60.0,120.0,12,13,12.0,13.0,1.0,0.916130991025962,False,True,,1.0,0.0,0.0,11.960923120487044,12.1875,12.06684759320097,expert_labels,12,13,13,12.1875,1.0,1.0,0.1875,1.0,12,0,1,1,1523.4375,0.4690970937165709,True,12.729166666666666,0.7291666666666661,13.0,1.0,1,w10s_nonoverlap,10 s / 0% overlap
CapnoBase,0028,early_fusion_identity_noresidual_rawppg_eventdecoder,0,1,3,120.0,180.0,12,12,12.0,12.0,0.0,0.9482331247364998,False,True,,1.0,0.0,0.0,12.029047415634343,11.25,11.53625563293732,expert_labels,12,13,12,11.25,1.0,0.0,0.75,1.0,12,0,1,1,2101.5625,0.8779711460710615,True,12.083333333333334,0.0833333333333339,12.0,0.0,1,w10s_nonoverlap,10 s / 0% overlap
CapnoBase,0028,early_fusion_identity_noresidual_rawppg_eventdecoder,0,1,4,180.0,240.0,11,11,11.0,11.0,0.0,0.9558195495961216,False,True,,1.0,0.0,0.0,11.356365102836405,11.25,11.320754716981131,expert_labels,11,11,11,11.25,0.0,0.0,0.25,0.0,11,0,0,0,2117.1875,0.1443375672974064,True,11.083333333333334,0.0833333333333339,11.0,0.0,1,w10s_nonoverlap,10 s / 0% overlap
CapnoBase,0028,early_fusion_identity_noresidual_rawppg_eventdecoder,0,1,5,240.0,300.0,12,13,12.0,13.0,1.0,0.9520802953072404,False,True,,1.0,0.0,0.0,12.314868804664725,11.71875,11.782426778242677,expert_labels,12,12,12,11.71875,0.0,0.0,0.28125,0.0,12,0,0,0,1585.9375,0.1623797632095822,True,11.90625,0.09375,12.0,0.0,1,w10s_nonoverlap,10 s / 0% overlap
CapnoBase,0028,early_fusion_identity_noresidual_rawppg_eventdecoder,0,1,6,300.0,360.0,11,11,11.0,11.0,0.0,0.9751700736913816,False,True,,1.0,0.0,0.0,11.687880464858882,11.71875,11.70893970893971,expert_labels,12,11,12,11.71875,1.0,0.0,0.28125,-1.0,12,0,0,0,2617.1875,0.5157039081036068,True,11.572916666666666,0.4270833333333339,11.71875,0.28125,1,w10s_nonoverlap,10 s / 0% overlap
CapnoBase,0028,early_fusion_identity_noresidual_rawppg_eventdecoder,0,1,7,360.0,420.0,12,12,12.0,12.0,0.0,0.9527497800283288,False,True,,1.0,0.0,0.0,11.851851851851851,11.71875,11.739529195964536,expert_labels,11,12,11,11.71875,1.0,0.0,0.71875,1.0,11,0,0,0,2023.4375,0.5157039081036068,True,11.572916666666666,0.5729166666666661,11.71875,0.71875,1,w10s_nonoverlap,10 s / 0% overlap
CapnoBase,0028,early_fusion_identity_noresidual_rawppg_eventdecoder,0,1,8,420.0,480.0,11,11,11.0,11.0,0.0,0.9409117513147336,False,True,,1.0,0.0,0.0,11.40234849507356,11.71875,11.451809678731191,expert_labels,12,11,11,11.71875,1.0,1.0,0.28125,-1.0,11,1,0,1,2648.4375,0.4149705059800435,True,11.239583333333334,0.7604166666666661,11.0,1.0,1,w10s_nonoverlap,10 s / 0% overlap
CapnoBase,0029,early_fusion_identity_noresidual_rawppg_eventdecoder,0,1,1,0.0,60.0,9,17,9.0,17.0,8.0,0.6028575987108333,False,True,,1.0,0.0,0.0,10.199203187250996,7.96875,10.009775171065494,expert_labels,9,14,12,11.71875,5.0,3.0,2.71875,5.0,9,0,5,5,1382.8125,1.243865153798165,True,12.572916666666666,3.572916666666666,12.0,3.0,1,w10s_nonoverlap,10 s / 0% overlap
CapnoBase,0029,early_fusion_identity_noresidual_rawppg_eventdecoder,0,1,2,60.0,120.0,10,17,10.0,17.0,7.0,0.7095264554195042,False,True,,1.0,0.0,0.0,10.260521042084168,9.84375,9.804255319148936,expert_labels,10,11,11,9.84375,1.0,1.0,0.15625,1.0,10,0,1,1,1335.9375,0.6675612487505048,True,10.614583333333334,0.6145833333333339,11.0,1.0,1,w10s_nonoverlap,10 s / 0% overlap
CapnoBase,0029,early_fusion_identity_noresidual_rawppg_eventdecoder,0,1,3,120.0,180.0,10,16,10.0,16.0,6.0,0.7534422362251367,False,True,,1.0,0.0,0.0,10.83725305738476,9.375,10.224852071005918,expert_labels,10,13,12,9.375,3.0,2.0,0.625,3.0,10,0,3,3,1046.875,1.8722201615550809,True,11.458333333333334,1.458333333333334,12.0,2.0,1,w10s_nonoverlap,10 s / 0% overlap
CapnoBase,0029,early_fusion_identity_noresidual_rawppg_eventdecoder,0,1,4,180.0,240.0,11,15,11.0,15.0,4.0,0.7839596877679593,False,True,,1.0,0.0,0.0,11.411589895988111,10.78125,11.365990824330323,expert_labels,11,13,13,10.78125,2.0,2.0,0.21875,2.0,11,0,3,3,2578.125,1.280995909764482,True,12.260416666666666,1.260416666666666,13.0,2.0,1,w10s_nonoverlap,10 s / 0% overlap
CapnoBase,0029,early_fusion_identity_noresidual_rawppg_eventdecoder,0,1,5,240.0,300.0,11,17,11.0,17.0,6.0,0.772733190346818,False,True,,1.0,0.0,0.0,12.356296621325145,9.375,11.25604572768577,expert_labels,11,13,11,10.78125,2.0,0.0,0.21875,2.0,11,0,1,1,1031.25,1.2227498466571156,True,11.59375,0.59375,11.0,0.0,1,w10s_nonoverlap,10 s / 0% overlap
CapnoBase,0029,early_fusion_identity_noresidual_rawppg_eventdecoder,0,1,6,300.0,360.0,12,15,12.0,15.0,3.0,0.8452942311903899,True,True,,1.0,0.0,0.0,11.713810316139767,14.0625,12.511848341232229,expert_labels,12,15,13,14.0625,3.0,1.0,2.0625,3.0,12,0,3,3,2531.25,1.0006508298769023,True,14.020833333333334,2.020833333333334,14.0625,2.0625,1,w10s_nonoverlap,10 s / 0% overlap
CapnoBase,0029,early_fusion_identity_noresidual_rawppg_eventdecoder,0,1,7,360.0,420.0,12,15,12.0,15.0,3.0,0.7955455544253126,False,True,,1.0,0.0,0.0,12.010235996588,13.125,12.327447833065811,expert_labels,12,15,12,7.03125,3.0,0.0,4.96875,3.0,12,0,3,3,1710.9375,4.024703987562315,False,,,12.0,0.0,1,w10s_nonoverlap,10 s / 0% overlap
CapnoBase,0029,early_fusion_identity_noresidual_rawppg_eventdecoder,0,1,8,420.0,480.0,13,15,13.0,15.0,2.0,0.8635005563326472,False,True,,0.9983072916666668,0.0,0.0,14.785817423391626,17.34375,14.00476925234956,expert_labels,14,15,13,17.34375,1.0,1.0,3.34375,1.0,14,0,1,1,2078.125,2.174140754604755,True,15.114583333333334,1.114583333333334,15.0,1.0,1,w10s_nonoverlap,10 s / 0% overlap
CapnoBase,0030,early_fusion_identity_noresidual_rawppg_eventdecoder,0,2,1,40.0,100.0,30,17,30.0,17.0,13.0,0.0230946096722257,False,False,ref_artifact_label,0.8651041666666667,0.1348958333333333,0.0,31.50873478030704,35.15625,31.64694935531038,expert_labels,32,20,15,3.28125,12.0,17.0,28.71875,-12.0,16,16,5,21,3437.5,8.581430563771598,False,,,15.0,17.0,1,w10s_nonoverlap,10 s / 0% overlap
CapnoBase,0030,early_fusion_identity_noresidual_rawppg_eventdecoder,0,2,2,100.0,160.0,29,23,29.0,23.0,6.0,0.5241522857746999,False,False,ref_artifact_label,0.9595052083333332,0.0404947916666666,0.0,29.55414012738853,30.46875,29.441401971522456,expert_labels,29,29,25,30.0,0.0,4.0,1.0,0.0,25,4,3,7,3976.5625,2.6457513110645907,True,28.0,1.0,29.0,0.0,1,w10s_nonoverlap,10 s / 0% overlap
CapnoBase,0030,early_fusion_identity_noresidual_rawppg_eventdecoder,0,2,3,160.0,220.0,29,23,29.0,23.0,6.0,0.52689648143408,False,True,,1.0,0.0,0.0,30.80497925311203,31.875,30.732292917166863,expert_labels,31,29,22,4.21875,2.0,9.0,26.78125,-2.0,29,2,0,2,5054.6875,12.77551827471199,False,,,22.0,9.0,1,w10s_nonoverlap,10 s / 0% overlap
CapnoBase,0030,early_fusion_identity_noresidual_rawppg_eventdecoder,0,2,4,220.0,280.0,25,24,25.0,24.0,1.0,0.6827310742077504,False,True,,1.0,0.0,0.0385416666666666,25.699370900816493,24.375,25.63204005006257,expert_labels,25,23,21,13.125,2.0,4.0,11.875,-2.0,22,3,1,4,4179.6875,5.220652098477099,False,,,21.0,4.0,1,w10s_nonoverlap,10 s / 0% overlap
CapnoBase,0030,early_fusion_identity_noresidual_rawppg_eventdecoder,0,2,5,280.0,340.0,28,26,28.0,26.0,2.0,0.6593691516963006,False,True,,1.0,0.0,0.0,27.983805668016192,28.59375,27.964935940660823,expert_labels,28,27,24,28.125,1.0,4.0,0.125,-1.0,25,3,1,4,4015.625,2.132340263653997,True,26.375,1.625,27.0,1.0,1,w10s_nonoverlap,10 s / 0% overlap
CapnoBase,0030,early_fusion_identity_noresidual_rawppg_eventdecoder,0,2,6,340.0,400.0,29,21,29.0,21.0,8.0,0.3134892618404742,False,True,,1.0,0.0,0.0,30.79802165485897,31.40625,31.7017310252996,expert_labels,32,25,18,5.15625,7.0,14.0,26.84375,-7.0,24,8,2,10,4375.0,10.064262914929902,False,,,18.0,14.0,1,w10s_nonoverlap,10 s / 0% overlap
CapnoBase,0030,early_fusion_identity_noresidual_rawppg_eventdecoder,0,2,7,400.0,460.0,31,25,31.0,25.0,6.0,0.4286986441742558,False,True,,1.0,0.0,0.0,32.560175054704594,30.9375,32.650458349940216,expert_labels,33,31,22,5.15625,2.0,11.0,27.84375,-2.0,29,4,2,6,3867.1875,13.118760917892867,False,,,22.0,11.0,1,w10s_nonoverlap,10 s / 0% overlap
CapnoBase,0031,early_fusion_identity_noresidual_rawppg_eventdecoder,0,1,1,0.0,60.0,18,16,18.0,16.0,2.0,0.2211529837550975,False,False,ref_rr_undefined,1.0,0.0,0.0266927083333333,6.013153773880363,4.21875,,expert_labels,0,19,15,5.15625,19.0,15.0,5.15625,19.0,0,0,19,19,0.0,7.124474578580047,False,,,15.0,15.0,1,w10s_nonoverlap,10 s / 0% overlap
CapnoBase,0031,early_fusion_identity_noresidual_rawppg_eventdecoder,0,1,2,60.0,120.0,18,16,18.0,16.0,2.0,-0.0871727590939373,False,False,ref_rr_undefined,1.0,0.0,0.0,9.985372988785958,4.6875,,expert_labels,0,16,15,4.21875,16.0,15.0,4.21875,16.0,0,0,16,16,0.0,6.532396231156935,False,,,15.0,15.0,1,w10s_nonoverlap,10 s / 0% overlap
CapnoBase,0031,early_fusion_identity_noresidual_rawppg_eventdecoder,0,1,3,120.0,180.0,8,15,8.0,15.0,7.0,0.1803972342230744,False,True,,1.0,0.0,0.0680989583333333,6.192299939528321,4.21875,4.747334260547056,expert_labels,5,15,13,7.03125,10.0,8.0,2.03125,10.0,5,0,10,10,1054.6875,4.145820247048023,False,,,13.0,8.0,1,w10s_nonoverlap,10 s / 0% overlap
CapnoBase,0031,early_fusion_identity_noresidual_rawppg_eventdecoder,0,1,4,180.0,240.0,13,15,13.0,15.0,2.0,0.3360023916881413,False,True,,1.0,0.0,0.030078125,16.029219932168015,4.21875,9.791755206119849,expert_labels,10,16,13,7.96875,6.0,3.0,2.03125,6.0,6,4,10,14,2039.0625,4.058210876831481,False,,,13.0,3.0,1,w10s_nonoverlap,10 s / 0% overlap
CapnoBase,0031,early_fusion_identity_noresidual_rawppg_eventdecoder,0,1,5,240.0,300.0,13,17,13.0,17.0,4.0,-0.0895288715612938,False,True,,1.0,0.0,0.0,12.864321608040202,13.59375,25.134545454545457,expert_labels,10,16,16,6.09375,6.0,6.0,3.90625,6.0,6,4,10,14,1687.5,5.71937610415973,False,,,16.0,6.0,1,w10s_nonoverlap,10 s / 0% overlap
CapnoBase,0031,early_fusion_identity_noresidual_rawppg_eventdecoder,0,1,6,300.0,360.0,7,15,7.0,15.0,8.0,0.207165211513617,False,True,,1.0,0.0,0.0731770833333333,12.57470323372902,3.75,7.396468699839487,expert_labels,7,14,12,8.90625,7.0,5.0,1.90625,7.0,6,1,8,9,2078.125,2.566371567180663,True,11.635416666666666,4.635416666666666,12.0,5.0,1,w10s_nonoverlap,10 s / 0% overlap
CapnoBase,0031,early_fusion_identity_noresidual_rawppg_eventdecoder,0,1,7,360.0,420.0,12,15,12.0,15.0,3.0,0.5106974967691926,False,True,,1.0,0.0,0.159765625,12.78837420526794,3.75,14.946480700616284,expert_labels,13,15,13,8.90625,2.0,0.0,4.09375,2.0,10,3,5,8,2882.8125,3.1062458081796,True,12.302083333333334,0.6979166666666661,13.0,0.0,1,w10s_nonoverlap,10 s / 0% overlap
CapnoBase,0031,early_fusion_identity_noresidual_rawppg_eventdecoder,0,1,8,420.0,480.0,9,13,9.0,13.0,4.0,0.8180695232043225,True,True,,0.9940104166666668,0.0,0.1990885416666666,8.847926267281107,9.375,8.821249102656138,expert_labels,9,14,11,8.90625,5.0,2.0,0.09375,5.0,9,0,5,5,812.5,2.5602759657570773,True,11.302083333333334,2.302083333333334,11.0,2.0,1,w10s_nonoverlap,10 s / 0% overlap
CapnoBase,0032,early_fusion_identity_noresidual_rawppg_eventdecoder,0,1,1,0.0,60.0,10,17,10.0,17.0,7.0,0.5547114276974234,False,True,,0.998046875,0.0,0.0,9.47888096544158,8.90625,9.743101807802091,expert_labels,9,15,13,9.375,6.0,4.0,0.375,6.0,9,0,6,6,554.6875,2.851352018487604,True,12.458333333333334,3.458333333333334,13.0,4.0,1,w10s_nonoverlap,10 s / 0% overlap
CapnoBase,0032,early_fusion_identity_noresidual_rawppg_eventdecoder,0,1,2,60.0,120.0,12,17,12.0,17.0,5.0,0.7473148323339183,False,True,,1.0,0.0,0.0,12.405438147799163,12.1875,12.392093586123435,expert_labels,13,16,15,12.1875,3.0,2.0,0.8125,3.0,13,0,4,4,1882.8125,1.9767529140824185,True,14.395833333333334,1.395833333333334,15.0,2.0,1,w10s_nonoverlap,10 s / 0% overlap
CapnoBase,0032,early_fusion_identity_noresidual_rawppg_eventdecoder,0,1,3,120.0,180.0,12,14,12.0,14.0,2.0,0.7979567656854603,False,True,,1.0,0.0,0.0,11.817037347880824,11.25,11.764705882352942,expert_labels,11,13,12,11.71875,2.0,1.0,0.71875,2.0,11,0,1,1,1367.1875,0.6733873482872494,True,12.239583333333334,1.239583333333334,12.0,1.0,1,w10s_nonoverlap,10 s / 0% overlap
CapnoBase,0032,early_fusion_identity_noresidual_rawppg_eventdecoder,0,1,4,180.0,240.0,14,14,14.0,14.0,0.0,0.92329017245907,False,True,,1.0,0.0,0.0,15.210072145989532,14.53125,14.56515849363316,expert_labels,15,17,15,14.53125,2.0,0.0,0.46875,2.0,15,0,2,2,3265.625,1.311135203109631,True,15.510416666666666,0.5104166666666661,15.0,0.0,1,w10s_nonoverlap,10 s / 0% overlap
CapnoBase,0032,early_fusion_identity_noresidual_rawppg_eventdecoder,0,1,5,240.0,300.0,10,16,10.0,16.0,6.0,0.7392563254513127,False,True,,1.0,0.0,0.033203125,12.816614129427036,13.125,12.854751720290125,expert_labels,10,15,14,13.125,5.0,4.0,3.125,5.0,10,0,5,5,1031.25,0.938194187433142,True,14.041666666666666,4.041666666666666,14.0,4.0,1,w10s_nonoverlap,10 s / 0% overlap
CapnoBase,0032,early_fusion_identity_noresidual_rawppg_eventdecoder,0,1,6,300.0,360.0,7,16,7.0,16.0,9.0,0.0803099299716272,False,True,,1.0,0.0,0.0404947916666666,7.068568798895536,6.5625,6.679422508262307,expert_labels,6,17,15,4.21875,11.0,9.0,1.78125,11.0,6,0,11,11,1132.8125,6.875023674201663,False,,,15.0,9.0,1,w10s_nonoverlap,10 s / 0% overlap
CapnoBase,0032,early_fusion_identity_noresidual_rawppg_eventdecoder,0,1,7,360.0,420.0,12,15,12.0,15.0,3.0,0.8588677316608733,True,True,,1.0,0.0,0.0,12.179930795847753,11.71875,11.756192596715836,expert_labels,12,13,12,11.71875,1.0,0.0,0.28125,1.0,12,0,1,1,1828.125,0.6733873482872494,True,12.239583333333334,0.2395833333333339,12.0,0.0,1,w10s_nonoverlap,10 s / 0% overlap
CapnoBase,0032,early_fusion_identity_noresidual_rawppg_eventdecoder,0,1,8,420.0,480.0,14,14,14.0,14.0,0.0,0.9664027712009996,False,True,,1.0,0.0,0.0,14.10767274268758,14.0625,14.13434994084396,expert_labels,15,14,14,14.0625,1.0,1.0,0.9375,-1.0,14,1,0,1,2046.875,0.0360843918243516,True,14.020833333333334,0.979166666666666,14.0,1.0,1,w10s_nonoverlap,10 s / 0% overlap
CapnoBase,0035,early_fusion_identity_noresidual_rawppg_eventdecoder,0,1,1,0.0,60.0,24,21,24.0,21.0,3.0,0.6625354143099984,False,True,,0.9981770833333332,0.0,0.040234375,24.625250501002004,24.84375,24.6016713091922,expert_labels,24,20,18,4.6875,4.0,6.0,19.3125,-4.0,20,4,0,4,3664.0625,8.32361412388473,False,,,18.0,6.0,1,w10s_nonoverlap,10 s / 0% overlap
CapnoBase,0035,early_fusion_identity_noresidual_rawppg_eventdecoder,0,1,2,60.0,120.0,23,18,23.0,18.0,5.0,0.3666950153368762,False,True,,1.0,0.0,0.0,22.813934647583043,22.03125,22.770889487870623,expert_labels,23,17,11,5.625,6.0,12.0,17.375,-6.0,11,12,6,18,3054.6875,5.690361002022045,False,,,11.0,12.0,1,w10s_nonoverlap,10 s / 0% overlap
CapnoBase,0035,early_fusion_identity_noresidual_rawppg_eventdecoder,0,1,3,120.0,180.0,23,18,23.0,18.0,5.0,0.5463753441920617,False,True,,1.0,0.0,0.0,23.382230833102685,23.4375,23.423949078371567,expert_labels,24,21,17,3.75,3.0,7.0,20.25,-3.0,18,6,3,9,3101.5625,9.028888820521235,False,,,17.0,7.0,1,w10s_nonoverlap,10 s / 0% overlap
CapnoBase,0035,early_fusion_identity_noresidual_rawppg_eventdecoder,0,1,4,180.0,240.0,23,22,23.0,22.0,1.0,0.8908898048854748,False,True,,1.0,0.0,0.0,23.42112558913224,23.4375,23.20560362587557,expert_labels,23,23,23,23.4375,0.0,0.0,0.4375,0.0,22,1,1,2,2617.1875,0.2525907427704613,True,23.14583333333333,0.1458333333333321,23.0,0.0,1,w10s_nonoverlap,10 s / 0% overlap
CapnoBase,0035,early_fusion_identity_noresidual_rawppg_eventdecoder,0,1,5,240.0,300.0,22,18,22.0,18.0,4.0,0.5552263880881303,False,True,,1.0,0.0,0.0,22.919153553988064,23.4375,22.92537313432836,expert_labels,23,17,15,6.09375,6.0,8.0,16.90625,-6.0,14,9,3,12,2164.0625,5.806140113778975,False,,,15.0,8.0,1,w10s_nonoverlap,10 s / 0% overlap
CapnoBase,0035,early_fusion_identity_noresidual_rawppg_eventdecoder,0,1,6,300.0,360.0,23,19,23.0,19.0,4.0,0.5242199848136171,False,True,,1.0,0.0,0.0,24.489116872313875,26.25,24.340636626705248,expert_labels,24,21,15,7.5,3.0,9.0,16.5,-3.0,20,4,1,5,3812.5,6.7638746292343415,False,,,15.0,9.0,1,w10s_nonoverlap,10 s / 0% overlap
CapnoBase,0035,early_fusion_identity_noresidual_rawppg_eventdecoder,0,1,7,360.0,420.0,25,20,25.0,20.0,5.0,0.3944609958774606,False,True,,1.0,0.0,0.0,25.75798229138717,25.3125,25.695931477516066,expert_labels,26,18,15,6.5625,8.0,11.0,19.4375,-8.0,16,10,2,12,2968.75,5.930258742247255,False,,,15.0,11.0,1,w10s_nonoverlap,10 s / 0% overlap
CapnoBase,0038,early_fusion_identity_noresidual_rawppg_eventdecoder,0,1,1,0.0,60.0,17,17,17.0,17.0,0.0,0.9748676260116867,False,True,,1.0,0.0,0.0,17.887381833127826,17.8125,17.877584554292756,expert_labels,18,18,18,17.8125,0.0,0.0,0.1875,0.0,18,0,0,0,2789.0625,0.1082531754730548,True,17.9375,0.0625,18.0,0.0,1,w10s_nonoverlap,10 s / 0% overlap
CapnoBase,0038,early_fusion_identity_noresidual_rawppg_eventdecoder,0,1,2,60.0,120.0,18,18,18.0,18.0,0.0,0.9647238882520062,False,True,,1.0,0.0,0.0,17.588576047420183,17.8125,17.60458452722063,expert_labels,17,18,17,17.8125,1.0,0.0,0.8125,1.0,17,0,1,1,2054.6875,0.5315562842572114,True,17.604166666666668,0.6041666666666679,17.8125,0.8125,1,w10s_nonoverlap,10 s / 0% overlap
CapnoBase,0038,early_fusion_identity_noresidual_rawppg_eventdecoder,0,1,3,120.0,180.0,19,19,19.0,19.0,0.0,0.959701097762599,False,True,,1.0,0.0,0.0,19.02652287962693,19.21875,19.020363236103467,expert_labels,19,19,19,19.21875,0.0,0.0,0.21875,0.0,19,0,0,0,2492.1875,0.1262953713852306,True,19.072916666666668,0.0729166666666678,19.0,0.0,1,w10s_nonoverlap,10 s / 0% overlap
CapnoBase,0038,early_fusion_identity_noresidual_rawppg_eventdecoder,0,1,4,180.0,240.0,18,18,18.0,18.0,0.0,0.958847080430424,False,True,,1.0,0.0,0.0,18.828657041678017,19.21875,18.83892068683565,expert_labels,19,20,18,19.21875,1.0,1.0,0.21875,1.0,19,0,1,1,3109.375,1.0079437091590646,True,19.072916666666668,0.0729166666666678,19.21875,0.21875,1,w10s_nonoverlap,10 s / 0% overlap
CapnoBase,0038,early_fusion_identity_noresidual_rawppg_eventdecoder,0,1,5,240.0,300.0,18,18,18.0,18.0,0.0,0.971845704669578,False,True,,1.0,0.0,0.0,18.13585220169468,18.28125,18.13081516456048,expert_labels,18,18,18,18.28125,0.0,0.0,0.28125,0.0,18,0,0,0,1484.375,0.1623797632095822,True,18.09375,0.09375,18.0,0.0,1,w10s_nonoverlap,10 s / 0% overlap
CapnoBase,0038,early_fusion_identity_noresidual_rawppg_eventdecoder,0,1,6,300.0,360.0,18,19,18.0,19.0,1.0,0.9272934499905964,False,True,,1.0,0.0,0.0,18.620689655172413,18.28125,18.6709886547812,expert_labels,19,19,20,18.28125,0.0,1.0,0.71875,0.0,19,0,1,1,3093.75,0.8632017073083208,True,19.09375,0.09375,19.0,0.0,1,w10s_nonoverlap,10 s / 0% overlap
CapnoBase,0038,early_fusion_identity_noresidual_rawppg_eventdecoder,0,1,7,360.0,420.0,22,23,22.0,23.0,1.0,0.9239971434036364,False,True,,1.0,0.0,0.0,23.094587206123563,23.4375,23.09774436090225,expert_labels,23,24,22,23.4375,1.0,1.0,0.4375,1.0,23,0,0,0,4906.25,1.0314078162072136,True,23.14583333333333,0.1458333333333321,23.4375,0.4375,1,w10s_nonoverlap,10 s / 0% overlap
CapnoBase,0038,early_fusion_identity_noresidual_rawppg_eventdecoder,0,1,8,420.0,480.0,21,21,21.0,21.0,0.0,0.8572560284439803,False,True,,1.0,0.0,0.0,22.029777352820656,21.5625,22.02376075378943,expert_labels,22,22,21,21.5625,0.0,1.0,0.4375,0.0,22,0,0,0,3851.5625,0.5013003923131651,True,21.52083333333333,0.4791666666666678,21.5625,0.4375,1,w10s_nonoverlap,10 s / 0% overlap
CapnoBase,0103,early_fusion_identity_noresidual_rawppg_eventdecoder,0,1,1,0.0,60.0,18,18,18.0,18.0,0.0,0.9444768797165628,False,True,,1.0,0.0,0.0,17.99090533278214,17.8125,17.976042957455597,expert_labels,18,18,18,17.8125,0.0,0.0,0.1875,0.0,18,0,0,0,6828.125,0.1082531754730548,True,17.9375,0.0625,18.0,0.0,1,w10s_nonoverlap,10 s / 0% overlap
CapnoBase,0103,early_fusion_identity_noresidual_rawppg_eventdecoder,0,1,2,60.0,120.0,18,18,18.0,18.0,0.0,0.9482625307560604,False,True,,1.0,0.0,0.0,17.985948477751755,17.8125,17.988426563791677,expert_labels,18,18,18,17.8125,0.0,0.0,0.1875,0.0,18,0,0,0,7093.75,0.1082531754730548,True,17.9375,0.0625,18.0,0.0,1,w10s_nonoverlap,10 s / 0% overlap
CapnoBase,0103,early_fusion_identity_noresidual_rawppg_eventdecoder,0,1,3,120.0,180.0,18,18,18.0,18.0,0.0,0.9440959655410064,False,True,,1.0,0.0,0.0,17.988757026858213,17.8125,17.99090533278214,expert_labels,18,18,18,18.28125,0.0,0.0,0.28125,0.0,18,0,0,0,6953.125,0.1623797632095822,True,18.09375,0.09375,18.0,0.0,1,w10s_nonoverlap,10 s / 0% overlap
CapnoBase,0103,early_fusion_identity_noresidual_rawppg_eventdecoder,0,1,4,180.0,240.0,18,18,18.0,18.0,0.0,0.9778383428786768,False,True,,1.0,0.0,0.0,17.995864920744314,17.8125,17.97851831451391,expert_labels,18,18,18,17.8125,0.0,0.0,0.1875,0.0,18,0,0,0,6101.5625,0.1082531754730548,True,17.9375,0.0625,18.0,0.0,1,w10s_nonoverlap,10 s / 0% overlap
CapnoBase,0103,early_fusion_identity_noresidual_rawppg_eventdecoder,0,1,5,240.0,300.0,18,18,18.0,18.0,0.0,0.9452662127255926,False,True,,1.0,0.0,0.0,17.97851831451391,17.8125,17.963676389653276,expert_labels,18,18,18,18.28125,0.0,0.0,0.28125,0.0,18,0,0,0,6078.125,0.1623797632095822,True,18.09375,0.09375,18.0,0.0,1,w10s_nonoverlap,10 s / 0% overlap
CapnoBase,0103,early_fusion_identity_noresidual_rawppg_eventdecoder,0,1,6,300.0,360.0,18,18,18.0,18.0,0.0,0.9444394445255446,False,True,,1.0,0.0,0.0,17.998345740281223,17.8125,17.985948477751755,expert_labels,18,18,18,17.8125,0.0,0.0,0.1875,0.0,18,0,0,0,4851.5625,0.1082531754730548,True,17.9375,0.0625,18.0,0.0,1,w10s_nonoverlap,10 s / 0% overlap
CapnoBase,0103,early_fusion_identity_noresidual_rawppg_eventdecoder,0,1,7,360.0,420.0,18,18,18.0,18.0,0.0,0.9789126495453132,False,True,,1.0,0.0,0.0,17.99090533278214,17.8125,17.993384785005514,expert_labels,18,18,18,17.8125,0.0,0.0,0.1875,0.0,18,0,0,0,4953.125,0.1082531754730548,True,17.9375,0.0625,18.0,0.0,1,w10s_nonoverlap,10 s / 0% overlap
CapnoBase,0103,early_fusion_identity_noresidual_rawppg_eventdecoder,0,1,8,420.0,480.0,18,18,18.0,18.0,0.0,0.959089173050494,False,True,,0.970703125,0.0,0.0,18.01231310466139,17.8125,17.993384785005514,expert_labels,18,18,18,17.8125,0.0,0.0,0.1875,0.0,18,0,0,0,5015.625,0.1082531754730548,True,17.9375,0.0625,18.0,0.0,1,w10s_nonoverlap,10 s / 0% overlap
CapnoBase,0104,early_fusion_identity_noresidual_rawppg_eventdecoder,0,1,1,0.0,60.0,11,17,11.0,17.0,6.0,0.8142696827841551,True,True,,0.9563802083333334,0.0,0.0,10.742761225346202,10.78125,11.01689512272872,expert_labels,10,18,14,11.25,8.0,4.0,1.25,8.0,9,1,9,10,5085.9375,3.3942353090693835,True,14.416666666666666,4.416666666666666,14.0,4.0,1,w10s_nonoverlap,10 s / 0% overlap
CapnoBase,0104,early_fusion_identity_noresidual_rawppg_eventdecoder,0,1,2,60.0,120.0,11,15,11.0,15.0,4.0,0.7291549479371836,False,True,,1.0,0.0,0.0,11.004441897119932,10.78125,11.002865329512892,expert_labels,11,15,13,10.78125,4.0,2.0,0.21875,4.0,11,0,4,4,9460.9375,2.110320004367426,True,12.927083333333334,1.927083333333334,13.0,2.0,1,w10s_nonoverlap,10 s / 0% overlap
CapnoBase,0104,early_fusion_identity_noresidual_rawppg_eventdecoder,0,1,3,120.0,180.0,11,15,11.0,15.0,4.0,0.7643448862539255,False,True,,1.0,0.0,0.0,11.001289213579716,10.78125,10.999713549126325,expert_labels,11,14,12,11.25,3.0,1.0,0.25,3.0,10,1,4,5,6367.1875,1.4215601757693317,True,12.416666666666666,1.416666666666666,12.0,1.0,1,w10s_nonoverlap,10 s / 0% overlap
CapnoBase,0104,early_fusion_identity_noresidual_rawppg_eventdecoder,0,1,4,180.0,240.0,11,14,11.0,14.0,3.0,0.7963529072650144,False,True,,1.0,0.0,0.0,11.004441897119932,10.78125,10.999713549126325,expert_labels,11,14,13,11.25,3.0,2.0,0.25,3.0,11,0,3,3,6679.6875,1.3919410907075054,True,12.75,1.75,13.0,2.0,1,w10s_nonoverlap,10 s / 0% overlap
CapnoBase,0104,early_fusion_identity_noresidual_rawppg_eventdecoder,0,1,5,240.0,300.0,11,17,11.0,17.0,6.0,0.7952957256884422,False,True,,1.0,0.0,0.0,11.004441897119932,10.78125,11.002865329512892,expert_labels,11,12,13,11.25,1.0,2.0,0.25,1.0,11,0,1,1,6093.75,0.8779711460710615,True,12.083333333333334,1.083333333333334,12.0,1.0,1,w10s_nonoverlap,10 s / 0% overlap
CapnoBase,0104,early_fusion_identity_noresidual_rawppg_eventdecoder,0,1,6,300.0,360.0,11,17,11.0,17.0,6.0,0.7809487981261048,False,True,,1.0,0.0,0.0,11.004441897119932,10.78125,11.009174311926603,expert_labels,11,12,12,11.25,1.0,1.0,0.25,1.0,10,1,2,3,6773.4375,0.4330127018922193,True,11.75,0.75,12.0,1.0,1,w10s_nonoverlap,10 s / 0% overlap
CapnoBase,0104,early_fusion_identity_noresidual_rawppg_eventdecoder,0,1,7,360.0,420.0,11,17,11.0,17.0,6.0,0.7527089765708757,False,True,,1.0,0.0,0.0,11.004441897119932,10.78125,10.999713549126325,expert_labels,11,15,14,11.25,4.0,3.0,0.25,4.0,10,1,5,6,6789.0625,1.9418633662885072,True,13.416666666666666,2.416666666666666,14.0,3.0,1,w10s_nonoverlap,10 s / 0% overlap
CapnoBase,0104,early_fusion_identity_noresidual_rawppg_eventdecoder,0,1,8,420.0,480.0,11,15,11.0,15.0,4.0,0.81058119102161,True,True,,1.0,0.0,0.0,11.010752688172044,10.78125,11.004441897119932,expert_labels,11,12,12,11.25,1.0,1.0,0.25,1.0,10,1,2,3,6687.5,0.4330127018922193,True,11.75,0.75,12.0,1.0,1,w10s_nonoverlap,10 s / 0% overlap
CapnoBase,0105,early_fusion_identity_noresidual_rawppg_eventdecoder,0,1,1,0.0,60.0,10,12,10.0,12.0,2.0,0.6695580135554073,False,True,,1.0,0.0,0.08125,9.722886481924322,9.84375,10.005790387955994,expert_labels,10,12,11,10.3125,2.0,1.0,0.3125,2.0,10,0,2,2,5039.0625,0.8485588272673459,True,11.104166666666666,1.104166666666666,11.0,1.0,1,w10s_nonoverlap,10 s / 0% overlap
CapnoBase,0105,early_fusion_identity_noresidual_rawppg_eventdecoder,0,1,2,60.0,120.0,10,12,10.0,12.0,2.0,0.7077380680250815,False,True,,1.0,0.0,0.0,10.026109660574413,9.84375,10.004342162396874,expert_labels,10,11,9,9.84375,1.0,1.0,0.15625,1.0,10,0,1,1,8406.25,1.0040607655084095,True,9.947916666666666,0.0520833333333339,9.84375,0.15625,1,w10s_nonoverlap,10 s / 0% overlap
CapnoBase,0105,early_fusion_identity_noresidual_rawppg_eventdecoder,0,1,3,120.0,180.0,10,11,10.0,11.0,1.0,0.8397893025209611,False,True,,1.0,0.0,0.0,10.105263157894736,9.84375,10.005790387955994,expert_labels,10,10,11,10.3125,0.0,1.0,0.3125,0.0,10,0,0,0,4875.0,0.5115845482420281,True,10.4375,0.4375,10.3125,0.3125,1,w10s_nonoverlap,10 s / 0% overlap
CapnoBase,0105,early_fusion_identity_noresidual_rawppg_eventdecoder,0,1,4,180.0,240.0,9,13,9.0,13.0,4.0,0.8688916608699255,True,True,,1.0,0.0,0.0,10.018843310624728,9.84375,10.002894356005788,expert_labels,10,9,10,9.84375,1.0,0.0,0.15625,-1.0,10,0,0,0,4992.1875,0.5379479722364732,True,9.614583333333334,0.3854166666666661,9.84375,0.15625,1,w10s_nonoverlap,10 s / 0% overlap
CapnoBase,0105,early_fusion_identity_noresidual_rawppg_eventdecoder,0,1,5,240.0,300.0,9,12,9.0,12.0,3.0,0.8732551059033442,True,True,,1.0,0.0,0.0,9.978345604157644,9.84375,10.004342162396874,expert_labels,10,11,11,9.84375,1.0,1.0,0.15625,1.0,10,0,0,0,2984.375,0.6675612487505048,True,10.614583333333334,0.6145833333333339,11.0,1.0,1,w10s_nonoverlap,10 s / 0% overlap
CapnoBase,0105,early_fusion_identity_noresidual_rawppg_eventdecoder,0,1,6,300.0,360.0,9,13,9.0,13.0,4.0,0.8519921312324903,True,True,,1.0,0.0,0.0,9.962525223407322,9.84375,10.004342162396874,expert_labels,10,10,10,9.84375,0.0,0.0,0.15625,0.0,10,0,1,1,5406.25,0.090210979560879,True,9.947916666666666,0.0520833333333339,10.0,0.0,1,w10s_nonoverlap,10 s / 0% overlap
CapnoBase,0105,early_fusion_identity_noresidual_rawppg_eventdecoder,0,1,7,360.0,420.0,9,11,9.0,11.0,2.0,0.8587648895941823,False,True,,1.0,0.0,0.0,9.96396136658498,9.84375,10.004342162396874,expert_labels,10,11,10,9.84375,1.0,0.0,0.15625,1.0,10,0,0,0,3570.3125,0.6273393718713979,True,10.28125,0.28125,10.0,0.0,1,w10s_nonoverlap,10 s / 0% overlap
CapnoBase,0105,early_fusion_identity_noresidual_rawppg_eventdecoder,0,1,8,420.0,480.0,9,11,9.0,11.0,2.0,0.8616687559763578,False,True,,0.9643229166666668,0.0,0.0,9.945323741007195,9.84375,10.003256268316507,expert_labels,9,12,9,10.3125,3.0,0.0,1.3125,3.0,9,0,3,3,3429.6875,1.5039011769394957,True,10.4375,1.4375,10.3125,1.3125,1,w10s_nonoverlap,10 s / 0% overlap
CapnoBase,0115,early_fusion_identity_noresidual_rawppg_eventdecoder,0,1,1,0.0,60.0,25,16,25.0,16.0,9.0,0.0357871622091282,False,False,ref_artifact_label,0.9506510416666668,0.0493489583333333,0.0822916666666666,40.34071550255536,40.3125,40.4104183109708,expert_labels,41,14,16,6.5625,27.0,25.0,34.4375,-27.0,12,29,3,32,1656.25,4.972973833633152,False,,,14.0,27.0,1,w10s_nonoverlap,10 s / 0% overlap
CapnoBase,0115,early_fusion_identity_noresidual_rawppg_eventdecoder,0,1,2,60.0,120.0,29,21,29.0,21.0,8.0,0.0025757999527872,False,False,ref_artifact_label,0.9653645833333332,0.0346354166666666,0.1091145833333333,37.96900053447354,38.4375,37.941539728283246,expert_labels,37,23,17,7.03125,14.0,20.0,29.96875,-14.0,19,18,3,21,2523.4375,8.066153080671933,False,,,17.0,20.0,1,w10s_nonoverlap,10 s / 0% overlap
CapnoBase,0115,early_fusion_identity_noresidual_rawppg_eventdecoder,0,1,3,120.0,180.0,27,17,27.0,17.0,10.0,-0.0638058833436424,False,True,,1.0,0.0,0.0678385416666666,39.86159169550173,39.84375,39.81390402764855,expert_labels,40,18,18,7.96875,22.0,22.0,32.03125,-22.0,17,23,1,24,2750.0,5.791544887808433,False,,,18.0,22.0,1,w10s_nonoverlap,10 s / 0% overlap
CapnoBase,0115,early_fusion_identity_noresidual_rawppg_eventdecoder,0,1,4,180.0,240.0,26,16,26.0,16.0,10.0,0.0442454621068843,False,True,,1.0,0.0,0.0,41.37931034482759,40.78125,41.38257326849783,expert_labels,42,16,16,6.09375,26.0,26.0,35.90625,-26.0,14,28,2,30,1468.75,5.71937610415973,False,,,16.0,26.0,1,w10s_nonoverlap,10 s / 0% overlap
CapnoBase,0115,early_fusion_identity_noresidual_rawppg_eventdecoder,0,1,5,240.0,300.0,23,14,23.0,14.0,9.0,-0.0931494515426328,False,True,,1.0,0.0,0.0,41.02564102564103,40.78125,41.04756814537681,expert_labels,41,14,15,13.125,27.0,26.0,27.875,-27.0,12,29,2,31,1218.75,0.938194187433142,True,14.041666666666666,26.958333333333336,14.0,27.0,1,w10s_nonoverlap,10 s / 0% overlap
CapnoBase,0115,early_fusion_identity_noresidual_rawppg_eventdecoder,0,1,6,300.0,360.0,23,17,23.0,17.0,6.0,-0.0511264844716026,False,True,,1.0,0.0,0.0,39.31740614334471,35.15625,39.173154362416106,expert_labels,39,17,13,4.6875,22.0,26.0,34.3125,-22.0,12,27,5,32,1609.375,6.280861306381475,False,,,13.0,26.0,1,w10s_nonoverlap,10 s / 0% overlap
CapnoBase,0115,early_fusion_identity_noresidual_rawppg_eventdecoder,0,2,1,390.0,450.0,23,18,23.0,18.0,5.0,-0.1129040125762616,False,True,,1.0,0.0,0.0123697916666666,41.18514546185816,40.78125,41.23489932885906,expert_labels,41,19,18,5.625,22.0,23.0,35.375,-22.0,13,28,6,34,1343.75,7.450181765120455,False,,,18.0,23.0,1,w10s_nonoverlap,10 s / 0% overlap
CapnoBase,0121,early_fusion_identity_noresidual_rawppg_eventdecoder,0,1,1,0.0,60.0,9,12,9.0,12.0,3.0,0.7916444783630658,False,True,,0.9444010416666668,0.0,0.0,8.989027066569129,8.90625,9.01011878574571,expert_labels,9,11,11,8.90625,2.0,2.0,0.09375,2.0,9,0,2,2,6492.1875,1.208827126115779,True,10.302083333333334,1.302083333333334,11.0,2.0,1,w10s_nonoverlap,10 s / 0% overlap
CapnoBase,0121,early_fusion_identity_noresidual_rawppg_eventdecoder,0,1,2,60.0,120.0,9,14,9.0,14.0,5.0,0.5386042899392728,False,True,,1.0,0.0,0.0,9.541689674213142,8.90625,9.006156552330696,expert_labels,9,12,10,3.75,3.0,1.0,5.25,3.0,7,2,5,7,3132.8125,4.303583777891786,False,,,10.0,1.0,1,w10s_nonoverlap,10 s / 0% overlap
CapnoBase,0121,early_fusion_identity_noresidual_rawppg_eventdecoder,0,1,3,120.0,180.0,9,11,9.0,11.0,2.0,0.8240863757785546,False,True,,1.0,0.0,0.0,9.537739754381125,8.90625,9.004836582148615,expert_labels,9,10,9,9.375,1.0,0.0,0.375,1.0,9,0,1,1,4289.0625,0.5051814855409226,True,9.458333333333334,0.4583333333333339,9.375,0.375,1,w10s_nonoverlap,10 s / 0% overlap
CapnoBase,0121,early_fusion_identity_noresidual_rawppg_eventdecoder,0,1,4,180.0,240.0,9,15,9.0,15.0,6.0,0.3925501807052292,False,True,,1.0,0.0,0.0,9.541689674213142,8.90625,9.008797653958943,expert_labels,9,9,9,5.15625,0.0,0.0,3.84375,0.0,4,5,5,10,2023.4375,2.219190097197624,True,7.71875,1.28125,9.0,0.0,1,w10s_nonoverlap,10 s / 0% overlap
CapnoBase,0121,early_fusion_identity_noresidual_rawppg_eventdecoder,0,1,5,240.0,300.0,9,15,9.0,15.0,6.0,0.5146798861606263,False,True,,1.0,0.0,0.0,9.533793103448277,8.90625,9.007476909544057,expert_labels,9,13,10,4.6875,4.0,1.0,4.3125,4.0,8,1,5,6,5804.6875,4.209519222349903,False,,,10.0,1.0,1,w10s_nonoverlap,10 s / 0% overlap
CapnoBase,0121,early_fusion_identity_noresidual_rawppg_eventdecoder,0,1,6,300.0,360.0,9,12,9.0,12.0,3.0,0.7657466650392908,False,True,,1.0,0.0,0.0,9.536423841059602,8.90625,9.00087899208907,expert_labels,9,8,8,8.90625,1.0,1.0,0.09375,-1.0,7,2,1,3,4070.3125,0.5232236814530983,True,8.302083333333334,0.6979166666666661,8.0,1.0,1,w10s_nonoverlap,10 s / 0% overlap
CapnoBase,0121,early_fusion_identity_noresidual_rawppg_eventdecoder,0,1,7,360.0,420.0,9,11,9.0,11.0,2.0,0.7019396742180366,False,True,,1.0,0.0,0.0,9.540372670807454,8.90625,9.003516998827667,expert_labels,9,9,9,8.90625,0.0,0.0,0.09375,0.0,6,3,3,6,2929.6875,0.0541265877365274,True,8.96875,0.03125,9.0,0.0,1,w10s_nonoverlap,10 s / 0% overlap
CapnoBase,0121,early_fusion_identity_noresidual_rawppg_eventdecoder,0,1,8,420.0,480.0,9,12,9.0,12.0,3.0,0.7827204215445259,False,True,,1.0,0.0,0.0,9.612015018773468,8.90625,9.004836582148615,expert_labels,9,9,10,9.375,0.0,1.0,0.375,0.0,9,0,0,0,5148.4375,0.5051814855409226,True,9.458333333333334,0.4583333333333339,9.375,0.375,1,w10s_nonoverlap,10 s / 0% overlap
CapnoBase,0122,early_fusion_identity_noresidual_rawppg_eventdecoder,0,1,1,0.0,60.0,9,11,9.0,11.0,2.0,0.9088192432535812,False,True,,0.94765625,0.0,0.0,9.003516998827667,8.90625,9.003516998827667,expert_labels,8,9,9,8.90625,1.0,1.0,0.90625,1.0,7,1,2,3,3015.625,0.0541265877365274,True,8.96875,0.96875,9.0,1.0,1,w10s_nonoverlap,10 s / 0% overlap
CapnoBase,0122,early_fusion_identity_noresidual_rawppg_eventdecoder,0,1,2,60.0,120.0,9,10,9.0,10.0,1.0,0.951948669869425,False,True,,1.0,0.0,0.0,9.004836582148615,8.90625,9.004836582148615,expert_labels,9,9,9,8.90625,0.0,0.0,0.09375,0.0,8,1,1,2,5062.5,0.0541265877365274,True,8.96875,0.03125,9.0,0.0,1,w10s_nonoverlap,10 s / 0% overlap
CapnoBase,0122,early_fusion_identity_noresidual_rawppg_eventdecoder,0,1,3,120.0,180.0,9,11,9.0,11.0,2.0,0.9532381903836936,False,True,,1.0,0.0,0.0,9.006156552330696,8.90625,9.006156552330696,expert_labels,9,9,9,8.90625,0.0,0.0,0.09375,0.0,8,1,1,2,5492.1875,0.0541265877365274,True,8.96875,0.03125,9.0,0.0,1,w10s_nonoverlap,10 s / 0% overlap
CapnoBase,0122,early_fusion_identity_noresidual_rawppg_eventdecoder,0,1,4,180.0,240.0,9,10,9.0,10.0,1.0,0.9642999680125436,False,True,,1.0,0.0,0.0,9.007476909544057,8.90625,9.004836582148615,expert_labels,9,10,9,8.90625,1.0,0.0,0.09375,1.0,9,0,0,0,6382.8125,0.6062285219563109,True,9.302083333333334,0.3020833333333339,9.0,0.0,1,w10s_nonoverlap,10 s / 0% overlap
CapnoBase,0122,early_fusion_identity_noresidual_rawppg_eventdecoder,0,1,5,240.0,300.0,9,9,9.0,9.0,0.0,0.965449201202444,False,True,,1.0,0.0,0.0,9.004836582148615,8.90625,9.002197802197802,expert_labels,9,10,9,8.90625,1.0,0.0,0.09375,1.0,9,0,1,1,7976.5625,0.6062285219563109,True,9.302083333333334,0.3020833333333339,9.0,0.0,1,w10s_nonoverlap,10 s / 0% overlap
CapnoBase,0122,early_fusion_identity_noresidual_rawppg_eventdecoder,0,1,6,300.0,360.0,9,10,9.0,10.0,1.0,0.9584755187840108,False,True,,1.0,0.0,0.0,9.007476909544057,8.90625,9.007476909544057,expert_labels,9,8,9,8.90625,1.0,0.0,0.09375,-1.0,6,3,3,6,3414.0625,0.5522798392421484,True,8.635416666666666,0.3645833333333339,8.90625,0.09375,1,w10s_nonoverlap,10 s / 0% overlap
CapnoBase,0122,early_fusion_identity_noresidual_rawppg_eventdecoder,0,1,7,360.0,420.0,9,9,9.0,9.0,0.0,0.959349419391721,False,True,,1.0,0.0,0.0,9.007476909544057,8.90625,9.008797653958943,expert_labels,9,10,9,8.90625,1.0,0.0,0.09375,1.0,6,3,3,6,4335.9375,0.6062285219563109,True,9.302083333333334,0.3020833333333339,9.0,0.0,1,w10s_nonoverlap,10 s / 0% overlap
CapnoBase,0122,early_fusion_identity_noresidual_rawppg_eventdecoder,0,1,8,420.0,480.0,9,12,9.0,12.0,3.0,0.5144099604521595,False,True,,1.0,0.0,0.0,9.003516998827667,8.90625,9.006156552330696,expert_labels,9,10,10,8.4375,1.0,1.0,0.5625,1.0,6,3,5,8,6101.5625,0.9021097956087902,True,9.479166666666666,0.4791666666666661,10.0,1.0,1,w10s_nonoverlap,10 s / 0% overlap
CapnoBase,0123,early_fusion_identity_noresidual_rawppg_eventdecoder,0,1,1,0.0,60.0,11,12,11.0,12.0,1.0,0.8863832703053569,False,True,,1.0,0.0,0.0,11.002865329512892,10.78125,11.001289213579716,expert_labels,11,12,11,11.25,1.0,0.0,0.25,1.0,11,0,1,1,2125.0,0.5204164998665332,True,11.416666666666666,0.4166666666666661,11.25,0.25,1,w10s_nonoverlap,10 s / 0% overlap
CapnoBase,0123,early_fusion_identity_noresidual_rawppg_eventdecoder,0,1,2,60.0,120.0,11,13,11.0,13.0,2.0,0.9206082680172584,False,True,,1.0,0.0,0.0,10.99813833595876,10.78125,11.009174311926603,expert_labels,11,12,10,11.25,1.0,1.0,0.25,1.0,11,0,1,1,5171.875,1.0103629710818451,True,11.083333333333334,0.0833333333333339,11.25,0.25,1,w10s_nonoverlap,10 s / 0% overlap
CapnoBase,0123,early_fusion_identity_noresidual_rawppg_eventdecoder,0,1,3,120.0,180.0,11,14,11.0,14.0,3.0,0.890127619606514,True,True,,1.0,0.0,0.0,11.004441897119932,10.78125,11.006018916595014,expert_labels,11,12,12,10.78125,1.0,1.0,0.21875,1.0,11,0,1,1,4718.75,0.7036456405748563,True,11.59375,0.59375,12.0,1.0,1,w10s_nonoverlap,10 s / 0% overlap
CapnoBase,0123,early_fusion_identity_noresidual_rawppg_eventdecoder,0,1,4,180.0,240.0,11,11,11.0,11.0,0.0,0.8900350546163318,False,False,ref_artifact_label,0.7983072916666667,0.2016927083333333,0.09453125,11.28913714537704,11.25,11.309085554410249,expert_labels,11,13,12,11.25,2.0,1.0,0.25,2.0,11,0,2,2,5343.75,0.8779711460710615,True,12.083333333333334,1.083333333333334,12.0,1.0,1,w10s_nonoverlap,10 s / 0% overlap
CapnoBase,0123,early_fusion_identity_noresidual_rawppg_eventdecoder,0,1,5,240.0,300.0,11,12,11.0,12.0,1.0,0.8849007895885411,False,True,,1.0,0.0,0.0,11.002865329512892,10.78125,11.010752688172044,expert_labels,11,12,11,11.25,1.0,0.0,0.25,1.0,10,1,2,3,5898.4375,0.5204164998665332,True,11.416666666666666,0.4166666666666661,11.25,0.25,1,w10s_nonoverlap,10 s / 0% overlap
CapnoBase,0123,early_fusion_identity_noresidual_rawppg_eventdecoder,0,1,6,300.0,360.0,11,14,11.0,14.0,3.0,0.8733951040773443,True,True,,1.0,0.0,0.0,10.9949892627058,10.78125,10.993415402233037,expert_labels,11,12,11,10.78125,1.0,0.0,0.21875,1.0,11,0,1,1,8023.4375,0.6497695905729456,True,11.260416666666666,0.2604166666666661,11.0,0.0,1,w10s_nonoverlap,10 s / 0% overlap
CapnoBase,0123,early_fusion_identity_noresidual_rawppg_eventdecoder,0,1,7,360.0,420.0,11,12,11.0,12.0,1.0,0.913745179072234,False,True,,1.0,0.0,0.0,11.001289213579716,10.78125,11.002865329512892,expert_labels,11,11,11,10.78125,0.0,0.0,0.21875,0.0,11,0,0,0,4289.0625,0.1262953713852306,True,10.927083333333334,0.072916666666666,11.0,0.0,1,w10s_nonoverlap,10 s / 0% overlap
CapnoBase,0123,early_fusion_identity_noresidual_rawppg_eventdecoder,0,1,8,420.0,480.0,11,12,11.0,12.0,1.0,0.9087048204817724,False,True,,0.9720052083333334,0.0,0.0,11.355907141800976,10.78125,11.002865329512892,expert_labels,11,11,11,10.78125,0.0,0.0,0.21875,0.0,11,0,0,0,4921.875,0.1262953713852306,True,10.927083333333334,0.072916666666666,11.0,0.0,1,w10s_nonoverlap,10 s / 0% overlap
CapnoBase,0125,early_fusion_identity_noresidual_rawppg_eventdecoder,0,1,1,0.0,60.0,15,15,15.0,15.0,0.0,0.9578937968486452,False,True,,1.0,0.0,0.0,15.157894736842104,15.46875,15.207920792079207,expert_labels,15,15,15,15.46875,0.0,0.0,0.46875,0.0,15,0,0,0,1593.75,0.2706329386826371,True,15.15625,0.15625,15.0,0.0,1,w10s_nonoverlap,10 s / 0% overlap
CapnoBase,0125,early_fusion_identity_noresidual_rawppg_eventdecoder,0,1,2,60.0,120.0,14,14,14.0,14.0,0.0,0.956538774611528,False,True,,1.0,0.0,0.0,14.384094510877397,14.53125,14.451612903225806,expert_labels,15,15,15,14.53125,0.0,0.0,0.46875,0.0,15,0,0,0,2234.375,0.2706329386826371,True,14.84375,0.15625,15.0,0.0,1,w10s_nonoverlap,10 s / 0% overlap
CapnoBase,0125,early_fusion_identity_noresidual_rawppg_eventdecoder,0,1,3,120.0,180.0,15,15,15.0,15.0,0.0,0.9714289197972482,False,True,,1.0,0.0,0.0,14.666484790615195,14.0625,14.307824591573516,expert_labels,14,14,14,14.0625,0.0,0.0,0.0625,0.0,14,0,0,0,2117.1875,0.0360843918243516,True,14.020833333333334,0.0208333333333339,14.0,0.0,1,w10s_nonoverlap,10 s / 0% overlap
CapnoBase,0125,early_fusion_identity_noresidual_rawppg_eventdecoder,0,1,4,180.0,240.0,14,14,14.0,14.0,0.0,0.9697385282511554,False,True,,1.0,0.0,0.0,14.370489174017642,14.53125,14.390314211588352,expert_labels,14,14,14,14.53125,0.0,0.0,0.53125,0.0,14,0,0,0,1476.5625,0.3067173305069887,True,14.177083333333334,0.1770833333333339,14.0,0.0,1,w10s_nonoverlap,10 s / 0% overlap
CapnoBase,0125,early_fusion_identity_noresidual_rawppg_eventdecoder,0,1,5,240.0,300.0,14,14,14.0,14.0,0.0,0.9565888428586988,False,True,,1.0,0.0,0.0,14.197952218430034,14.0625,14.231634679020518,expert_labels,15,15,14,14.0625,0.0,1.0,0.9375,0.0,15,0,0,0,1742.1875,0.5601804024895314,True,14.354166666666666,0.6458333333333339,14.0625,0.9375,1,w10s_nonoverlap,10 s / 0% overlap
CapnoBase,0125,early_fusion_identity_noresidual_rawppg_eventdecoder,0,1,6,300.0,360.0,15,15,15.0,15.0,0.0,0.9610490244851432,False,True,,1.0,0.0,0.0,14.883720930232558,14.53125,14.547573947253388,expert_labels,14,14,15,14.53125,0.0,1.0,0.53125,0.0,14,0,0,0,1875.0,0.5003254149384512,True,14.510416666666666,0.5104166666666661,14.53125,0.53125,1,w10s_nonoverlap,10 s / 0% overlap
CapnoBase,0125,early_fusion_identity_noresidual_rawppg_eventdecoder,0,1,7,360.0,420.0,14,14,14.0,14.0,0.0,0.9668185732843856,False,True,,1.0,0.0,0.0,14.229751191106407,14.53125,14.175777367599036,expert_labels,14,14,14,14.53125,0.0,0.0,0.53125,0.0,14,0,0,0,1281.25,0.3067173305069887,True,14.177083333333334,0.1770833333333339,14.0,0.0,1,w10s_nonoverlap,10 s / 0% overlap
CapnoBase,0125,early_fusion_identity_noresidual_rawppg_eventdecoder,0,1,8,420.0,480.0,14,14,14.0,14.0,0.0,0.9666705496510536,False,True,,0.9962239583333332,0.0,0.0,14.075849429014522,14.0625,14.240479246897731,expert_labels,14,14,14,14.0625,0.0,0.0,0.0625,0.0,14,0,0,0,1242.1875,0.0360843918243516,True,14.020833333333334,0.0208333333333339,14.0,0.0,1,w10s_nonoverlap,10 s / 0% overlap
CapnoBase,0127,early_fusion_identity_noresidual_rawppg_eventdecoder,0,1,1,0.0,60.0,19,19,19.0,19.0,0.0,0.7935715606864486,False,True,,1.0,0.0,0.0,18.805604679635422,19.21875,18.736785036595283,expert_labels,19,18,17,5.625,1.0,2.0,13.375,-1.0,16,3,2,5,3429.6875,6.874242382498113,False,,,17.0,2.0,1,w10s_nonoverlap,10 s / 0% overlap
CapnoBase,0127,early_fusion_identity_noresidual_rawppg_eventdecoder,0,1,2,60.0,120.0,17,17,17.0,17.0,0.0,0.8162174744615078,False,True,,1.0,0.0,0.0364583333333333,17.62181131056823,17.8125,17.600431383122135,expert_labels,18,21,13,17.34375,3.0,5.0,0.65625,3.0,18,0,3,3,6210.9375,4.00492047621839,False,,,17.34375,0.65625,1,w10s_nonoverlap,10 s / 0% overlap
CapnoBase,0127,early_fusion_identity_noresidual_rawppg_eventdecoder,0,1,3,120.0,180.0,18,18,18.0,18.0,0.0,0.8722634858682696,False,True,,1.0,0.0,0.0,17.855579868708972,17.34375,17.793223284100783,expert_labels,17,17,17,17.34375,0.0,0.0,0.34375,0.0,15,2,1,3,2296.875,0.1984641550339338,True,17.114583333333332,0.1145833333333321,17.0,0.0,1,w10s_nonoverlap,10 s / 0% overlap
CapnoBase,0127,early_fusion_identity_noresidual_rawppg_eventdecoder,0,1,4,180.0,240.0,18,17,18.0,17.0,1.0,0.8220338022799177,False,True,,1.0,0.0,0.0,18.592993449159785,18.75,18.50354704858788,expert_labels,19,17,16,18.28125,2.0,3.0,0.71875,-2.0,18,1,0,1,3875.0,1.1435109039707492,True,17.09375,1.90625,17.0,2.0,1,w10s_nonoverlap,10 s / 0% overlap
CapnoBase,0127,early_fusion_identity_noresidual_rawppg_eventdecoder,0,1,5,240.0,300.0,18,18,18.0,18.0,0.0,0.8180467020232403,False,True,,1.0,0.0,0.0,18.091872791519435,17.8125,18.048106165330385,expert_labels,18,18,18,17.8125,0.0,0.0,0.1875,0.0,18,0,0,0,3843.75,0.1082531754730548,True,17.9375,0.0625,18.0,0.0,1,w10s_nonoverlap,10 s / 0% overlap
CapnoBase,0127,early_fusion_identity_noresidual_rawppg_eventdecoder,0,1,6,300.0,360.0,18,18,18.0,18.0,0.0,0.878386577660865,False,True,,1.0,0.0,0.0,18.03813208068528,17.8125,17.911922074358625,expert_labels,18,19,18,17.8125,1.0,0.0,0.1875,1.0,18,0,1,1,3781.25,0.6383980602518567,True,18.27083333333333,0.2708333333333321,18.0,0.0,1,w10s_nonoverlap,10 s / 0% overlap
CapnoBase,0127,early_fusion_identity_noresidual_rawppg_eventdecoder,0,1,7,360.0,420.0,17,17,17.0,17.0,0.0,0.8823664437661709,False,True,,1.0,0.0,0.0,17.47089522280209,17.8125,17.52174533010124,expert_labels,17,19,16,17.8125,2.0,1.0,0.8125,2.0,16,1,2,3,4960.9375,1.510811729942991,True,17.604166666666668,0.6041666666666679,17.8125,0.8125,1,w10s_nonoverlap,10 s / 0% overlap
CapnoBase,0127,early_fusion_identity_noresidual_rawppg_eventdecoder,0,1,8,420.0,480.0,17,17,17.0,17.0,0.0,0.9142383757800928,False,True,,0.9990885416666668,0.0,0.0,17.04063236721675,16.875,16.925619834710744,expert_labels,17,17,17,16.875,0.0,0.0,0.125,0.0,17,0,1,1,3398.4375,0.0721687836487032,True,16.958333333333332,0.0416666666666678,17.0,0.0,1,w10s_nonoverlap,10 s / 0% overlap
CapnoBase,0128,early_fusion_identity_noresidual_rawppg_eventdecoder,0,1,1,0.0,60.0,11,12,11.0,12.0,1.0,0.9052108325222792,False,True,,1.0,0.0,0.0,11.870170015455953,11.71875,11.89691592733418,expert_labels,12,12,12,11.71875,0.0,0.0,0.28125,0.0,12,0,0,0,3296.875,0.1623797632095822,True,11.90625,0.09375,12.0,0.0,1,w10s_nonoverlap,10 s / 0% overlap
CapnoBase,0128,early_fusion_identity_noresidual_rawppg_eventdecoder,0,1,2,60.0,120.0,12,13,12.0,13.0,1.0,0.965169389994387,False,True,,1.0,0.0,0.0,12.849972113775795,13.125,12.837442540743837,expert_labels,13,12,12,13.125,1.0,1.0,0.125,-1.0,13,0,0,0,3867.1875,0.649519052838329,True,12.375,0.625,12.0,1.0,1,w10s_nonoverlap,10 s / 0% overlap
CapnoBase,0128,early_fusion_identity_noresidual_rawppg_eventdecoder,0,1,3,120.0,180.0,12,12,12.0,12.0,0.0,0.916417622595186,False,True,,1.0,0.0,0.0,12.037617554858937,11.71875,11.63460081805787,expert_labels,11,13,12,11.71875,2.0,1.0,0.71875,2.0,11,0,1,1,3289.0625,0.6733873482872494,True,12.239583333333334,1.239583333333334,12.0,1.0,1,w10s_nonoverlap,10 s / 0% overlap
CapnoBase,0128,early_fusion_identity_noresidual_rawppg_eventdecoder,0,1,4,180.0,240.0,11,13,11.0,13.0,2.0,0.91918270904727,False,True,,1.0,0.0,0.0,11.69921063564603,12.1875,11.752921535893154,expert_labels,12,12,12,12.1875,0.0,0.0,0.1875,0.0,12,0,0,0,2640.625,0.1082531754730548,True,12.0625,0.0625,12.0,0.0,1,w10s_nonoverlap,10 s / 0% overlap
CapnoBase,0128,early_fusion_identity_noresidual_rawppg_eventdecoder,0,1,5,240.0,300.0,11,11,11.0,11.0,0.0,0.913345558244976,False,True,,1.0,0.0,0.0,11.650806785270998,11.25,11.481536851547316,expert_labels,11,11,11,11.25,0.0,0.0,0.25,0.0,11,0,0,0,3632.8125,0.1443375672974064,True,11.083333333333334,0.0833333333333339,11.0,0.0,1,w10s_nonoverlap,10 s / 0% overlap
CapnoBase,0128,early_fusion_identity_noresidual_rawppg_eventdecoder,0,1,6,300.0,360.0,12,12,12.0,12.0,0.0,0.9786791165677736,False,True,,1.0,0.0,0.0,12.81067556296914,12.65625,12.38210399032648,expert_labels,13,13,13,12.65625,0.0,0.0,0.34375,0.0,13,0,0,0,2726.5625,0.1984641550339338,True,12.885416666666666,0.1145833333333339,13.0,0.0,1,w10s_nonoverlap,10 s / 0% overlap
CapnoBase,0128,early_fusion_identity_noresidual_rawppg_eventdecoder,0,1,7,360.0,420.0,12,12,12.0,12.0,0.0,0.9685181616420256,False,True,,1.0,0.0,0.0,12.657601977750309,12.65625,12.661079818656408,expert_labels,13,12,12,12.65625,1.0,1.0,0.34375,-1.0,13,0,0,0,1773.4375,0.3788861141556919,True,12.21875,0.78125,12.0,1.0,1,w10s_nonoverlap,10 s / 0% overlap
CapnoBase,0128,early_fusion_identity_noresidual_rawppg_eventdecoder,0,1,8,420.0,480.0,14,14,14.0,14.0,0.0,0.9485603777484312,False,True,,0.9997395833333332,0.0,0.0,13.83975602994178,13.59375,13.499340852497438,expert_labels,13,14,14,13.59375,1.0,1.0,0.59375,1.0,13,0,0,0,2085.9375,0.2345485468582854,True,13.864583333333334,0.8645833333333339,14.0,1.0,1,w10s_nonoverlap,10 s / 0% overlap
CapnoBase,0133,early_fusion_identity_noresidual_rawppg_eventdecoder,0,1,1,0.0,60.0,11,11,11.0,11.0,0.0,0.9229148528978413,False,True,,1.0,0.0,0.0,10.835554162094372,10.78125,10.77642656688494,expert_labels,10,10,11,10.78125,0.0,1.0,0.78125,0.0,10,0,0,0,2132.8125,0.5257063700393976,True,10.59375,0.59375,10.78125,0.78125,1,w10s_nonoverlap,10 s / 0% overlap
CapnoBase,0133,early_fusion_identity_noresidual_rawppg_eventdecoder,0,1,2,60.0,120.0,10,10,10.0,10.0,0.0,0.926325933174078,False,True,,1.0,0.0,0.0,10.898254576415496,9.84375,9.815393354160747,expert_labels,10,11,10,9.84375,1.0,0.0,0.15625,1.0,10,0,1,1,1390.625,0.6273393718713979,True,10.28125,0.28125,10.0,0.0,1,w10s_nonoverlap,10 s / 0% overlap
CapnoBase,0133,early_fusion_identity_noresidual_rawppg_eventdecoder,0,1,3,120.0,180.0,9,11,9.0,11.0,2.0,0.8966157652087023,False,True,,1.0,0.0,0.0,9.35064935064935,9.375,9.357295156868718,expert_labels,9,9,10,9.375,0.0,1.0,0.375,0.0,9,0,0,0,2304.6875,0.5051814855409226,True,9.458333333333334,0.4583333333333339,9.375,0.375,1,w10s_nonoverlap,10 s / 0% overlap
CapnoBase,0133,early_fusion_identity_noresidual_rawppg_eventdecoder,0,1,4,180.0,240.0,10,11,10.0,11.0,1.0,0.9241384575229462,False,True,,1.0,0.0,0.0,10.361265177634538,10.3125,10.24956626184439,expert_labels,11,10,11,10.3125,1.0,0.0,0.6875,-1.0,11,0,0,0,2679.6875,0.5115845482420281,True,10.4375,0.5625,10.3125,0.6875,1,w10s_nonoverlap,10 s / 0% overlap
CapnoBase,0133,early_fusion_identity_noresidual_rawppg_eventdecoder,0,1,5,240.0,300.0,11,11,11.0,11.0,0.0,0.9282931583102988,False,True,,1.0,0.0,0.0,10.682987898177773,10.3125,10.172185430463577,expert_labels,10,11,10,10.3125,1.0,0.0,0.3125,1.0,10,0,0,0,2085.9375,0.5115845482420281,True,10.4375,0.4375,10.3125,0.3125,1,w10s_nonoverlap,10 s / 0% overlap
CapnoBase,0133,early_fusion_identity_noresidual_rawppg_eventdecoder,0,1,6,300.0,360.0,9,11,9.0,11.0,2.0,0.8683255216845636,False,True,,1.0,0.0,0.0,9.602667407613223,9.375,9.601333518544244,expert_labels,10,12,12,9.375,2.0,2.0,0.625,2.0,10,0,2,2,1328.125,1.5155444566227676,True,11.125,1.125,12.0,2.0,1,w10s_nonoverlap,10 s / 0% overlap
CapnoBase,0133,early_fusion_identity_noresidual_rawppg_eventdecoder,0,1,7,360.0,420.0,10,10,10.0,10.0,0.0,0.897737797386184,False,True,,1.0,0.0,0.0,10.40650406504065,9.84375,9.865125240847783,expert_labels,9,9,9,9.84375,0.0,0.0,0.84375,0.0,9,0,0,0,679.6875,0.4871392896287467,True,9.28125,0.28125,9.0,0.0,1,w10s_nonoverlap,10 s / 0% overlap
CapnoBase,0133,early_fusion_identity_noresidual_rawppg_eventdecoder,0,1,8,420.0,480.0,10,11,10.0,11.0,1.0,0.9040824195436696,False,True,,0.9958333333333332,0.0,0.0,10.517346317711503,9.84375,9.953917050691244,expert_labels,10,10,10,9.84375,0.0,0.0,0.15625,0.0,10,0,0,0,1125.0,0.090210979560879,True,9.947916666666666,0.0520833333333339,10.0,0.0,1,w10s_nonoverlap,10 s / 0% overlap
CapnoBase,0134,early_fusion_identity_noresidual_rawppg_eventdecoder,0,1,1,0.0,60.0,14,14,14.0,14.0,0.0,0.974400473806024,False,True,,1.0,0.0,0.0,14.00476925234956,14.0625,14.00869931247369,expert_labels,14,14,14,14.0625,0.0,0.0,0.0625,0.0,14,0,0,0,2335.9375,0.0360843918243516,True,14.020833333333334,0.0208333333333339,14.0,0.0,1,w10s_nonoverlap,10 s / 0% overlap
CapnoBase,0134,early_fusion_identity_noresidual_rawppg_eventdecoder,0,1,2,60.0,120.0,14,14,14.0,14.0,0.0,0.9797562857168908,False,True,,1.0,0.0,0.0,14.006734006734009,14.0625,14.00869931247369,expert_labels,14,14,14,14.0625,0.0,0.0,0.0625,0.0,14,0,0,0,1859.375,0.0360843918243516,True,14.020833333333334,0.0208333333333339,14.0,0.0,1,w10s_nonoverlap,10 s / 0% overlap
CapnoBase,0134,early_fusion_identity_noresidual_rawppg_eventdecoder,0,1,3,120.0,180.0,14,14,14.0,14.0,0.0,0.9767236258972476,False,True,,1.0,0.0,0.0,14.00280504908836,14.0625,14.01066516980073,expert_labels,14,14,14,14.0625,0.0,0.0,0.0625,0.0,14,0,0,0,1976.5625,0.0360843918243516,True,14.020833333333334,0.0208333333333339,14.0,0.0,1,w10s_nonoverlap,10 s / 0% overlap
CapnoBase,0134,early_fusion_identity_noresidual_rawppg_eventdecoder,0,1,4,180.0,240.0,14,14,14.0,14.0,0.0,0.9752469117265106,False,True,,1.0,0.0,0.0,14.00869931247369,14.0625,14.00476925234956,expert_labels,14,14,14,14.0625,0.0,0.0,0.0625,0.0,14,0,0,0,2593.75,0.0360843918243516,True,14.020833333333334,0.0208333333333339,14.0,0.0,1,w10s_nonoverlap,10 s / 0% overlap
CapnoBase,0134,early_fusion_identity_noresidual_rawppg_eventdecoder,0,1,5,240.0,300.0,14,14,14.0,14.0,0.0,0.9636028139804396,False,True,,1.0,0.0,0.0,14.006734006734009,14.0625,14.00869931247369,expert_labels,14,14,14,14.0625,0.0,0.0,0.0625,0.0,14,0,0,0,1773.4375,0.0360843918243516,True,14.020833333333334,0.0208333333333339,14.0,0.0,1,w10s_nonoverlap,10 s / 0% overlap
CapnoBase,0134,early_fusion_identity_noresidual_rawppg_eventdecoder,0,1,6,300.0,360.0,14,14,14.0,14.0,0.0,0.9630363626413744,False,True,,1.0,0.0,0.0,13.998878295008412,14.0625,14.01066516980073,expert_labels,14,14,14,14.0625,0.0,0.0,0.0625,0.0,14,0,0,0,2789.0625,0.0360843918243516,True,14.020833333333334,0.0208333333333339,14.0,0.0,1,w10s_nonoverlap,10 s / 0% overlap
CapnoBase,0134,early_fusion_identity_noresidual_rawppg_eventdecoder,0,1,7,360.0,420.0,14,14,14.0,14.0,0.0,0.9699889155577688,False,True,,1.0,0.0,0.0,13.977320453590927,14.0625,14.006734006734009,expert_labels,14,14,14,14.0625,0.0,0.0,0.0625,0.0,14,0,0,0,2156.25,0.0360843918243516,True,14.020833333333334,0.0208333333333339,14.0,0.0,1,w10s_nonoverlap,10 s / 0% overlap
CapnoBase,0134,early_fusion_identity_noresidual_rawppg_eventdecoder,0,1,8,420.0,480.0,14,14,14.0,14.0,0.0,0.9535794603950316,False,True,,0.9690104166666668,0.0,0.0,14.012467690436369,14.0625,14.00869931247369,expert_labels,14,14,14,14.0625,0.0,0.0,0.0625,0.0,14,0,0,0,2843.75,0.0360843918243516,True,14.020833333333334,0.0208333333333339,14.0,0.0,1,w10s_nonoverlap,10 s / 0% overlap
CapnoBase,0142,early_fusion_identity_noresidual_rawppg_eventdecoder,0,1,1,0.0,60.0,14,18,14.0,18.0,4.0,0.4051867908444756,False,True,,0.9682291666666668,0.0,0.0,15.342465753424658,15.0,15.012566322256353,expert_labels,15,17,15,6.5625,2.0,0.0,8.4375,2.0,10,5,7,12,3570.3125,5.539747474689919,False,,,15.0,0.0,1,w10s_nonoverlap,10 s / 0% overlap
CapnoBase,0142,early_fusion_identity_noresidual_rawppg_eventdecoder,0,1,2,60.0,120.0,15,17,15.0,17.0,2.0,0.5366253776412905,False,True,,1.0,0.0,0.0,15.325262737794333,15.0,15.008375209380237,expert_labels,15,17,17,15.46875,2.0,2.0,0.46875,2.0,13,2,4,6,7335.9375,0.8840675996966144,True,16.489583333333332,1.489583333333332,17.0,2.0,1,w10s_nonoverlap,10 s / 0% overlap
CapnoBase,0142,early_fusion_identity_noresidual_rawppg_eventdecoder,0,1,3,120.0,180.0,15,17,15.0,17.0,2.0,0.6521706281928223,False,True,,1.0,0.0,0.0,15.323224261771747,15.0,15.0,expert_labels,15,19,15,15.0,4.0,0.0,0.0,4.0,14,1,5,6,6242.1875,2.309401076758504,True,16.333333333333332,1.333333333333332,15.0,0.0,1,w10s_nonoverlap,10 s / 0% overlap
CapnoBase,0142,early_fusion_identity_noresidual_rawppg_eventdecoder,0,1,4,180.0,240.0,15,17,15.0,17.0,2.0,0.742572308285667,False,True,,1.0,0.0,0.0,15.337504992677406,15.0,15.006280530355896,expert_labels,15,19,16,15.0,4.0,1.0,0.0,4.0,13,2,6,8,6007.8125,2.081665999466133,True,16.666666666666668,1.666666666666668,16.0,1.0,1,w10s_nonoverlap,10 s / 0% overlap
CapnoBase,0142,early_fusion_identity_noresidual_rawppg_eventdecoder,0,1,5,240.0,300.0,15,16,15.0,16.0,1.0,0.7831323754743171,False,True,,1.0,0.0,0.0,15.33138142134682,15.0,15.010470473265393,expert_labels,15,17,15,15.0,2.0,0.0,0.0,2.0,13,2,4,6,6289.0625,1.1547005383792517,True,15.666666666666666,0.6666666666666661,15.0,0.0,1,w10s_nonoverlap,10 s / 0% overlap
CapnoBase,0142,early_fusion_identity_noresidual_rawppg_eventdecoder,0,1,6,300.0,360.0,15,17,15.0,17.0,2.0,0.6498187081688215,False,True,,1.0,0.0,0.013671875,15.333422068414748,15.0,15.004186435947531,expert_labels,15,16,14,5.625,1.0,1.0,9.375,1.0,14,1,2,3,5500.0,5.504259714076,False,,,14.0,1.0,1,w10s_nonoverlap,10 s / 0% overlap
CapnoBase,0142,early_fusion_identity_noresidual_rawppg_eventdecoder,0,1,7,360.0,420.0,15,15,15.0,15.0,0.0,0.8781078333440873,False,True,,1.0,0.0,0.0,15.325262737794333,15.0,15.006280530355896,expert_labels,15,15,15,15.0,0.0,0.0,0.0,0.0,14,1,1,2,6109.375,0.0,True,15.0,0.0,15.0,0.0,1,w10s_nonoverlap,10 s / 0% overlap
CapnoBase,0142,early_fusion_identity_noresidual_rawppg_eventdecoder,0,1,8,420.0,480.0,15,17,15.0,17.0,2.0,0.5828281251226508,False,True,,1.0,0.0,0.0,15.0,15.0,15.004186435947531,expert_labels,15,14,13,6.09375,1.0,2.0,8.90625,-1.0,11,4,3,7,5992.1875,4.305134107957614,False,,,13.0,2.0,1,w10s_nonoverlap,10 s / 0% overlap
CapnoBase,0147,early_fusion_identity_noresidual_rawppg_eventdecoder,0,1,1,0.0,60.0,11,12,11.0,12.0,1.0,0.9063303433185992,False,True,,1.0,0.0,0.0,11.006018916595014,10.78125,11.004441897119932,expert_labels,11,12,11,10.78125,1.0,0.0,0.21875,1.0,11,0,1,1,4328.125,0.6497695905729456,True,11.260416666666666,0.2604166666666661,11.0,0.0,1,w10s_nonoverlap,10 s / 0% overlap
CapnoBase,0147,early_fusion_identity_noresidual_rawppg_eventdecoder,0,1,2,60.0,120.0,11,11,11.0,11.0,0.0,0.9550393498225818,False,False,ref_artifact_label,0.9786458333333332,0.0213541666666666,0.0,10.99184199227136,10.78125,11.002865329512892,expert_labels,11,11,11,10.78125,0.0,0.0,0.21875,0.0,11,0,0,0,2734.375,0.1262953713852306,True,10.927083333333334,0.072916666666666,11.0,0.0,1,w10s_nonoverlap,10 s / 0% overlap
CapnoBase,0147,early_fusion_identity_noresidual_rawppg_eventdecoder,0,1,3,120.0,180.0,11,12,11.0,12.0,1.0,0.8879049284573022,False,False,ref_artifact_label,0.9609375,0.0390625,0.0,11.006018916595014,10.78125,10.999713549126325,expert_labels,11,11,11,11.25,0.0,0.0,0.25,0.0,11,0,0,0,3679.6875,0.1443375672974064,True,11.083333333333334,0.0833333333333339,11.0,0.0,1,w10s_nonoverlap,10 s / 0% overlap
CapnoBase,0147,early_fusion_identity_noresidual_rawppg_eventdecoder,0,1,4,180.0,240.0,11,11,11.0,11.0,0.0,0.9278612111069852,False,True,,1.0,0.0,0.0,11.006018916595014,10.78125,11.004441897119932,expert_labels,11,11,11,10.78125,0.0,0.0,0.21875,0.0,11,0,0,0,3734.375,0.1262953713852306,True,10.927083333333334,0.072916666666666,11.0,0.0,1,w10s_nonoverlap,10 s / 0% overlap
CapnoBase,0147,early_fusion_identity_noresidual_rawppg_eventdecoder,0,2,1,250.0,310.0,11,18,11.0,18.0,7.0,0.6683891662939692,False,False,ref_artifact_label,0.9859375,0.0140625,0.0626302083333333,11.270010672358593,10.78125,11.006018916595014,expert_labels,11,9,12,10.78125,2.0,1.0,0.21875,-2.0,7,4,2,6,2257.8125,1.5087634630716638,True,10.59375,0.40625,10.78125,0.21875,1,w10s_nonoverlap,10 s / 0% overlap
CapnoBase,0147,early_fusion_identity_noresidual_rawppg_eventdecoder,0,2,2,310.0,370.0,11,13,11.0,13.0,2.0,0.9048809037630628,False,False,ref_artifact_label,0.9657552083333332,0.0342447916666666,0.0,11.271514342895264,10.78125,11.004441897119932,expert_labels,11,11,11,10.78125,0.0,0.0,0.21875,0.0,11,0,0,0,4117.1875,0.1262953713852306,True,10.927083333333334,0.072916666666666,11.0,0.0,1,w10s_nonoverlap,10 s / 0% overlap
CapnoBase,0147,early_fusion_identity_noresidual_rawppg_eventdecoder,0,2,3,370.0,430.0,11,12,11.0,12.0,1.0,0.9366968954906736,False,False,ref_artifact_label,0.9295572916666668,0.0704427083333333,0.0,11.270010672358593,10.78125,11.001289213579716,expert_labels,11,11,11,10.78125,0.0,0.0,0.21875,0.0,11,0,0,0,1835.9375,0.1262953713852306,True,10.927083333333334,0.072916666666666,11.0,0.0,1,w10s_nonoverlap,10 s / 0% overlap
CapnoBase,0148,early_fusion_identity_noresidual_rawppg_eventdecoder,0,1,1,0.0,60.0,10,12,10.0,12.0,2.0,0.6452648088370125,False,True,,0.9536458333333332,0.0,0.0,10.049432974701949,9.84375,10.002894356005788,expert_labels,10,12,10,3.28125,2.0,0.0,6.71875,2.0,9,1,4,5,5757.8125,4.567242113226902,False,,,10.0,0.0,1,w10s_nonoverlap,10 s / 0% overlap
CapnoBase,0148,early_fusion_identity_noresidual_rawppg_eventdecoder,0,1,2,60.0,120.0,10,15,10.0,15.0,5.0,0.4864505643450239,False,True,,1.0,0.0,0.0,10.004342162396874,9.84375,10.004342162396874,expert_labels,10,13,10,4.21875,3.0,0.0,5.78125,3.0,7,3,5,8,3937.5,4.46342923331751,False,,,10.0,0.0,1,w10s_nonoverlap,10 s / 0% overlap
CapnoBase,0148,early_fusion_identity_noresidual_rawppg_eventdecoder,0,1,3,120.0,180.0,10,12,10.0,12.0,2.0,0.7867107729670849,False,True,,1.0,0.0,0.0,10.002894356005788,9.84375,10.002894356005788,expert_labels,10,11,10,4.6875,1.0,0.0,5.3125,1.0,8,2,3,5,5882.8125,3.392892387034991,True,8.5625,1.4375,10.0,0.0,1,w10s_nonoverlap,10 s / 0% overlap
CapnoBase,0148,early_fusion_identity_noresidual_rawppg_eventdecoder,0,1,4,180.0,240.0,10,11,10.0,11.0,1.0,0.8400515228525522,False,True,,1.0,0.0,0.0,10.00723903286521,9.84375,10.00144696860078,expert_labels,10,9,9,9.84375,1.0,1.0,0.15625,-1.0,9,1,1,2,5500.0,0.4871392896287467,True,9.28125,0.71875,9.0,1.0,1,w10s_nonoverlap,10 s / 0% overlap
CapnoBase,0148,early_fusion_identity_noresidual_rawppg_eventdecoder,0,1,5,240.0,300.0,10,12,10.0,12.0,2.0,0.520468899598876,False,True,,1.0,0.0,0.0,10.005790387955994,9.84375,10.0,expert_labels,10,9,7,9.375,1.0,3.0,0.625,-1.0,8,2,1,3,5359.375,1.2767961205037135,True,8.458333333333334,1.541666666666666,9.0,1.0,1,w10s_nonoverlap,10 s / 0% overlap
CapnoBase,0148,early_fusion_identity_noresidual_rawppg_eventdecoder,0,1,6,300.0,360.0,10,13,10.0,13.0,3.0,0.5025921648202314,False,True,,1.0,0.0,0.0,10.004342162396874,9.84375,10.004342162396874,expert_labels,10,10,10,6.5625,0.0,0.0,3.4375,0.0,9,1,1,2,8882.8125,1.9846415503393384,True,8.854166666666666,1.145833333333334,10.0,0.0,1,w10s_nonoverlap,10 s / 0% overlap
CapnoBase,0148,early_fusion_identity_noresidual_rawppg_eventdecoder,0,1,7,360.0,420.0,10,11,10.0,11.0,1.0,0.7042723957598639,False,True,,1.0,0.0,0.0,10.004342162396874,9.84375,10.00868809730669,expert_labels,10,11,9,9.84375,1.0,1.0,0.15625,1.0,8,2,3,5,6937.5,1.0040607655084095,True,9.947916666666666,0.0520833333333339,9.84375,0.15625,1,w10s_nonoverlap,10 s / 0% overlap
CapnoBase,0148,early_fusion_identity_noresidual_rawppg_eventdecoder,0,1,8,420.0,480.0,10,11,10.0,11.0,1.0,0.6515031986656434,False,True,,1.0,0.0,0.0,10.005790387955994,9.84375,10.00868809730669,expert_labels,10,12,10,9.84375,2.0,0.0,0.15625,2.0,8,2,3,5,5718.75,1.2023468804106965,True,10.614583333333334,0.6145833333333339,10.0,0.0,1,w10s_nonoverlap,10 s / 0% overlap
CapnoBase,0149,early_fusion_identity_noresidual_rawppg_eventdecoder,0,1,1,0.0,60.0,9,14,9.0,14.0,5.0,0.6757045126368814,False,True,,1.0,0.0,0.0,9.991326973113615,9.84375,10.002894356005788,expert_labels,10,11,12,9.84375,1.0,2.0,0.15625,1.0,9,1,2,3,1906.25,1.0790681261316792,True,10.947916666666666,0.947916666666666,11.0,1.0,1,w10s_nonoverlap,10 s / 0% overlap
CapnoBase,0149,early_fusion_identity_noresidual_rawppg_eventdecoder,0,1,2,60.0,120.0,9,17,9.0,17.0,8.0,0.6906795097132121,False,True,,1.0,0.0,0.0,9.9851411589896,9.84375,10.00144696860078,expert_labels,10,12,12,9.84375,2.0,2.0,0.15625,2.0,9,1,3,4,1976.5625,1.2449115179401309,True,11.28125,1.28125,12.0,2.0,1,w10s_nonoverlap,10 s / 0% overlap
CapnoBase,0149,early_fusion_identity_noresidual_rawppg_eventdecoder,0,1,3,120.0,180.0,9,12,9.0,12.0,3.0,0.8835929063479929,True,True,,1.0,0.0,0.0,9.654979745774549,9.84375,10.004342162396874,expert_labels,10,10,10,9.84375,0.0,0.0,0.15625,0.0,10,0,0,0,1718.75,0.090210979560879,True,9.947916666666666,0.0520833333333339,10.0,0.0,1,w10s_nonoverlap,10 s / 0% overlap
CapnoBase,0149,early_fusion_identity_noresidual_rawppg_eventdecoder,0,1,4,180.0,240.0,9,17,9.0,17.0,8.0,0.8508345081857387,True,True,,1.0,0.0,0.0,10.005790387955994,9.84375,10.005790387955994,expert_labels,10,10,12,10.3125,0.0,2.0,0.3125,0.0,10,0,0,0,2984.375,1.0758959444729466,True,10.770833333333334,0.7708333333333339,10.3125,0.3125,1,w10s_nonoverlap,10 s / 0% overlap
CapnoBase,0149,early_fusion_identity_noresidual_rawppg_eventdecoder,0,1,5,240.0,300.0,9,18,9.0,18.0,9.0,0.7241741401209496,False,True,,1.0,0.0,0.0,10.005790387955994,9.84375,10.00723903286521,expert_labels,10,17,14,9.84375,7.0,4.0,0.15625,7.0,10,0,7,7,2945.3125,3.593659419148305,True,13.614583333333334,3.614583333333334,14.0,4.0,1,w10s_nonoverlap,10 s / 0% overlap
CapnoBase,0149,early_fusion_identity_noresidual_rawppg_eventdecoder,0,1,6,300.0,360.0,10,14,10.0,14.0,4.0,0.7007894442812397,False,True,,1.0,0.0,0.0,10.335082761404925,9.84375,10.004342162396874,expert_labels,10,11,12,9.84375,1.0,2.0,0.15625,1.0,10,0,1,1,2609.375,1.0790681261316792,True,10.947916666666666,0.947916666666666,11.0,1.0,1,w10s_nonoverlap,10 s / 0% overlap
CapnoBase,0149,early_fusion_identity_noresidual_rawppg_eventdecoder,0,1,7,360.0,420.0,10,17,10.0,17.0,7.0,0.585411391921744,False,True,,1.0,0.0,0.0184895833333333,10.336473755047106,9.84375,10.0,expert_labels,10,15,12,9.84375,5.0,2.0,0.15625,5.0,9,1,6,7,3015.625,2.5896051219249627,True,12.28125,2.28125,12.0,2.0,1,w10s_nonoverlap,10 s / 0% overlap
CapnoBase,0149,early_fusion_identity_noresidual_rawppg_eventdecoder,0,1,8,420.0,480.0,10,16,10.0,16.0,6.0,0.6164700169069348,False,True,,0.9973958333333334,0.0,0.0,10.00868809730669,9.84375,10.004342162396874,expert_labels,10,11,11,5.625,1.0,1.0,4.375,1.0,8,2,3,5,2843.75,3.1032576968942385,True,9.208333333333334,0.7916666666666661,11.0,1.0,1,w10s_nonoverlap,10 s / 0% overlap
CapnoBase,0150,early_fusion_identity_noresidual_rawppg_eventdecoder,0,1,1,0.0,60.0,11,11,11.0,11.0,0.0,0.9349779110228976,False,True,,1.0,0.0,0.0,10.999713549126325,10.78125,11.001289213579716,expert_labels,11,12,11,11.25,1.0,0.0,0.25,1.0,10,1,1,2,4062.5,0.5204164998665332,True,11.416666666666666,0.4166666666666661,11.25,0.25,1,w10s_nonoverlap,10 s / 0% overlap
CapnoBase,0150,early_fusion_identity_noresidual_rawppg_eventdecoder,0,1,2,60.0,120.0,11,12,11.0,12.0,1.0,0.9668171781865804,False,True,,1.0,0.0,0.0,11.006018916595014,10.78125,11.004441897119932,expert_labels,11,10,11,11.25,1.0,0.0,0.25,-1.0,11,0,0,0,3429.6875,0.6614378277661477,True,10.75,0.25,11.0,0.0,1,w10s_nonoverlap,10 s / 0% overlap
CapnoBase,0150,early_fusion_identity_noresidual_rawppg_eventdecoder,0,1,3,120.0,180.0,11,12,11.0,12.0,1.0,0.9674056412746288,False,True,,1.0,0.0,0.0,11.27422196124486,10.78125,11.001289213579716,expert_labels,11,11,11,11.25,0.0,0.0,0.25,0.0,11,0,0,0,3195.3125,0.1443375672974064,True,11.083333333333334,0.0833333333333339,11.0,0.0,1,w10s_nonoverlap,10 s / 0% overlap
CapnoBase,0150,early_fusion_identity_noresidual_rawppg_eventdecoder,0,1,4,180.0,240.0,11,12,11.0,12.0,1.0,0.9608747482781556,False,True,,1.0,0.0,0.0,11.002865329512892,10.78125,11.004441897119932,expert_labels,11,12,11,11.25,1.0,0.0,0.25,1.0,11,0,0,0,3242.1875,0.5204164998665332,True,11.416666666666666,0.4166666666666661,11.25,0.25,1,w10s_nonoverlap,10 s / 0% overlap
CapnoBase,0150,early_fusion_identity_noresidual_rawppg_eventdecoder,0,1,5,240.0,300.0,11,12,11.0,12.0,1.0,0.9617727775492844,False,True,,1.0,0.0,0.0080729166666666,11.004441897119932,10.78125,11.006018916595014,expert_labels,11,11,12,11.25,0.0,1.0,0.25,0.0,11,0,1,1,3257.8125,0.5204164998665332,True,11.416666666666666,0.4166666666666661,11.25,0.25,1,w10s_nonoverlap,10 s / 0% overlap
CapnoBase,0150,early_fusion_identity_noresidual_rawppg_eventdecoder,0,2,1,320.0,380.0,11,14,11.0,14.0,3.0,0.9070877220531436,True,True,,1.0,0.0,0.029296875,11.001289213579716,10.78125,11.009174311926603,expert_labels,11,11,11,10.78125,0.0,0.0,0.21875,0.0,11,0,0,0,4835.9375,0.1262953713852306,True,10.927083333333334,0.072916666666666,11.0,0.0,1,w10s_nonoverlap,10 s / 0% overlap
CapnoBase,0150,early_fusion_identity_noresidual_rawppg_eventdecoder,0,2,2,380.0,440.0,11,11,11.0,11.0,0.0,0.97324795762226,False,True,,1.0,0.0,0.0,11.002865329512892,10.78125,11.002865329512892,expert_labels,11,11,11,10.78125,0.0,0.0,0.21875,0.0,11,0,0,0,4507.8125,0.1262953713852306,True,10.927083333333334,0.072916666666666,11.0,0.0,1,w10s_nonoverlap,10 s / 0% overlap
CapnoBase,0309,early_fusion_identity_noresidual_rawppg_eventdecoder,0,1,1,10.0,70.0,9,16,9.0,16.0,7.0,0.6498441466469671,False,False,ref_artifact_label,0.9515625,0.0385416666666666,0.0,8.981143107732787,8.90625,8.981143107732787,expert_labels,9,16,14,8.90625,7.0,5.0,0.09375,7.0,9,0,7,7,3671.875,3.657585226279765,True,12.96875,3.96875,14.0,5.0,1,w10s_nonoverlap,10 s / 0% overlap
CapnoBase,0309,early_fusion_identity_noresidual_rawppg_eventdecoder,0,2,1,90.0,150.0,9,16,9.0,16.0,7.0,0.669067958501169,False,False,ref_artifact_label,0.8979166666666667,0.1020833333333333,0.0,8.98376955695277,8.90625,8.986397542781923,expert_labels,9,17,12,8.90625,8.0,3.0,0.09375,8.0,8,1,9,10,2976.5625,4.084117165414495,False,,,12.0,3.0,1,w10s_nonoverlap,10 s / 0% overlap
CapnoBase,0309,early_fusion_identity_noresidual_rawppg_eventdecoder,0,2,2,150.0,210.0,9,15,9.0,15.0,6.0,0.8114288820950128,True,False,ref_artifact_label,0.8432291666666667,0.1567708333333333,0.0,8.982456140350877,8.90625,8.981143107732787,expert_labels,9,10,12,8.90625,1.0,3.0,0.09375,1.0,8,1,1,2,3351.5625,1.5688412988040994,True,10.302083333333334,1.302083333333334,10.0,1.0,1,w10s_nonoverlap,10 s / 0% overlap
CapnoBase,0309,early_fusion_identity_noresidual_rawppg_eventdecoder,0,2,3,210.0,270.0,9,16,9.0,16.0,7.0,0.820604445044104,True,False,ref_artifact_label,0.928125,0.071875,0.0,8.977206312098188,8.90625,8.979830458930138,expert_labels,9,17,11,8.90625,8.0,2.0,0.09375,8.0,9,0,9,9,2875.0,4.201043087238375,False,,,11.0,2.0,1,w10s_nonoverlap,10 s / 0% overlap
CapnoBase,0309,early_fusion_identity_noresidual_rawppg_eventdecoder,0,2,4,270.0,330.0,9,18,9.0,18.0,9.0,0.6282503193463918,False,True,,1.0,0.0,0.0,8.977206312098188,8.90625,8.981143107732787,expert_labels,9,18,13,8.90625,9.0,4.0,0.09375,9.0,9,0,8,8,4296.875,4.554394912700626,False,,,13.0,4.0,1,w10s_nonoverlap,10 s / 0% overlap
CapnoBase,0309,early_fusion_identity_noresidual_rawppg_eventdecoder,0,2,5,330.0,390.0,9,17,9.0,17.0,8.0,0.6723300735738424,False,False,ref_artifact_label,0.978125,0.021875,0.06171875,8.98376955695277,8.90625,8.986397542781923,expert_labels,9,17,12,8.90625,8.0,3.0,0.09375,8.0,9,0,9,9,3679.6875,4.084117165414495,False,,,12.0,3.0,1,w10s_nonoverlap,10 s / 0% overlap
CapnoBase,0309,early_fusion_identity_noresidual_rawppg_eventdecoder,0,2,6,390.0,450.0,9,16,9.0,16.0,7.0,0.6651000800761915,False,True,,1.0,0.0,0.0,8.97545773276198,8.90625,8.973272966262597,expert_labels,9,18,14,8.90625,9.0,5.0,0.09375,9.0,9,0,9,9,5031.25,4.557824373627547,False,,,14.0,5.0,1,w10s_nonoverlap,10 s / 0% overlap
CapnoBase,0311,early_fusion_identity_noresidual_rawppg_eventdecoder,0,1,1,0.0,60.0,12,12,12.0,12.0,0.0,0.9552176565526376,False,True,,0.965625,0.0,0.0,11.95889131111803,12.1875,11.977881752445768,expert_labels,12,12,12,12.1875,0.0,0.0,0.1875,0.0,12,0,0,0,2218.75,0.1082531754730548,True,12.0625,0.0625,12.0,0.0,1,w10s_nonoverlap,10 s / 0% overlap
CapnoBase,0311,early_fusion_identity_noresidual_rawppg_eventdecoder,0,1,2,60.0,120.0,12,12,12.0,12.0,0.0,0.9688428008374363,False,True,,1.0,0.0,0.0,11.972789115646258,12.1875,11.977881752445768,expert_labels,12,12,12,12.1875,0.0,0.0,0.1875,0.0,12,0,0,0,2507.8125,0.1082531754730548,True,12.0625,0.0625,12.0,0.0,1,w10s_nonoverlap,10 s / 0% overlap
CapnoBase,0311,early_fusion_identity_noresidual_rawppg_eventdecoder,0,1,3,120.0,180.0,12,12,12.0,12.0,0.0,0.9681256530712355,False,True,,1.0,0.0,0.0,11.974486180014177,12.1875,11.97618372554579,expert_labels,12,12,12,12.1875,0.0,0.0,0.1875,0.0,12,0,0,0,1789.0625,0.1082531754730548,True,12.0625,0.0625,12.0,0.0,1,w10s_nonoverlap,10 s / 0% overlap
CapnoBase,0311,early_fusion_identity_noresidual_rawppg_eventdecoder,0,1,4,180.0,240.0,11,12,11.0,12.0,1.0,0.9681150916215744,False,True,,1.0,0.0,0.0,11.97618372554579,12.1875,11.972789115646258,expert_labels,12,12,12,11.71875,0.0,0.0,0.28125,0.0,12,0,0,0,1914.0625,0.1623797632095822,True,11.90625,0.09375,12.0,0.0,1,w10s_nonoverlap,10 s / 0% overlap
CapnoBase,0311,early_fusion_identity_noresidual_rawppg_eventdecoder,0,1,5,240.0,300.0,11,13,11.0,13.0,2.0,0.9716675818648433,False,True,,1.0,0.0,0.0,11.967700807479812,12.1875,11.969396429583451,expert_labels,12,11,12,11.71875,1.0,0.0,0.28125,-1.0,11,1,0,1,976.5625,0.5157039081036068,True,11.572916666666666,0.4270833333333339,11.71875,0.28125,1,w10s_nonoverlap,10 s / 0% overlap
CapnoBase,0311,early_fusion_identity_noresidual_rawppg_eventdecoder,0,1,6,300.0,360.0,11,12,11.0,12.0,1.0,0.9675421720002872,False,True,,1.0,0.0,0.0,11.974486180014177,12.1875,11.97618372554579,expert_labels,12,13,12,12.1875,1.0,0.0,0.1875,1.0,12,0,1,1,1695.3125,0.5315562842572114,True,12.395833333333334,0.3958333333333339,12.1875,0.1875,1,w10s_nonoverlap,10 s / 0% overlap
CapnoBase,0311,early_fusion_identity_noresidual_rawppg_eventdecoder,0,1,7,360.0,420.0,11,13,11.0,13.0,2.0,0.9494274793083212,False,True,,1.0,0.0,0.0,11.971092532237495,12.1875,11.972789115646258,expert_labels,12,11,13,12.1875,1.0,1.0,0.1875,-1.0,11,1,1,2,3164.0625,1.0058423087144426,True,12.0625,0.0625,12.1875,0.1875,1,w10s_nonoverlap,10 s / 0% overlap
CapnoBase,0311,early_fusion_identity_noresidual_rawppg_eventdecoder,0,1,8,420.0,480.0,11,12,11.0,12.0,1.0,0.931467613246946,False,True,,1.0,0.0,0.0,11.97618372554579,12.1875,11.977881752445768,expert_labels,12,13,11,11.71875,1.0,1.0,0.28125,1.0,12,0,0,0,3367.1875,1.013097817340458,True,11.90625,0.09375,11.71875,0.28125,1,w10s_nonoverlap,10 s / 0% overlap
CapnoBase,0312,early_fusion_identity_noresidual_rawppg_eventdecoder,0,1,1,0.0,60.0,7,14,7.0,14.0,7.0,0.7022873523899396,False,True,,0.940234375,0.0,0.0,6.984993178717599,7.03125,6.9907154560349545,expert_labels,6,13,9,7.03125,7.0,3.0,1.03125,7.0,6,0,7,7,8453.125,3.041434779973645,True,9.677083333333334,3.677083333333334,9.0,3.0,1,w10s_nonoverlap,10 s / 0% overlap
CapnoBase,0312,early_fusion_identity_noresidual_rawppg_eventdecoder,0,2,1,90.0,150.0,7,14,7.0,14.0,7.0,0.572167963117016,False,True,,1.0,0.0,0.0,7.373474146207653,7.03125,6.9881710646041855,expert_labels,7,13,12,7.03125,6.0,5.0,0.03125,6.0,7,0,6,6,10875.0,3.1967288782180656,True,10.677083333333334,3.677083333333334,12.0,5.0,1,w10s_nonoverlap,10 s / 0% overlap
CapnoBase,0312,early_fusion_identity_noresidual_rawppg_eventdecoder,0,2,2,150.0,210.0,8,15,8.0,15.0,7.0,0.3502186960045376,False,True,,1.0,0.0,0.0731770833333333,7.373474146207653,7.03125,6.992412746585736,expert_labels,7,14,11,14.0625,7.0,4.0,7.0625,7.0,7,0,7,7,10453.125,1.7503719842745806,True,13.020833333333334,6.020833333333334,14.0,7.0,1,w10s_nonoverlap,10 s / 0% overlap
CapnoBase,0312,early_fusion_identity_noresidual_rawppg_eventdecoder,0,2,3,210.0,270.0,8,14,8.0,14.0,6.0,0.5628493992351241,False,True,,1.0,0.0,0.0350260416666666,7.370441458733206,7.03125,6.992412746585736,expert_labels,7,8,10,6.5625,1.0,3.0,0.4375,1.0,7,0,1,1,9695.3125,1.7264034146166416,True,8.1875,1.1875,8.0,1.0,1,w10s_nonoverlap,10 s / 0% overlap
CapnoBase,0312,early_fusion_identity_noresidual_rawppg_eventdecoder,0,2,4,270.0,330.0,8,15,8.0,15.0,7.0,0.5119057307368144,False,True,,1.0,0.0,0.0412760416666666,7.37448559670782,7.03125,6.990291262135922,expert_labels,7,15,10,7.03125,8.0,3.0,0.03125,8.0,7,0,8,8,8945.3125,4.027291337963189,False,,,10.0,3.0,1,w10s_nonoverlap,10 s / 0% overlap
CapnoBase,0312,early_fusion_identity_noresidual_rawppg_eventdecoder,0,3,1,390.0,450.0,8,15,8.0,15.0,7.0,0.5983680496733179,False,True,,1.0,0.0,0.0213541666666666,7.219983883964544,7.03125,6.987111448066717,expert_labels,7,14,9,7.03125,7.0,2.0,0.03125,7.0,7,0,7,7,8500.0,3.5925722707877896,True,10.010416666666666,3.010416666666666,9.0,2.0,1,w10s_nonoverlap,10 s / 0% overlap
CapnoBase,0313,early_fusion_identity_noresidual_rawppg_eventdecoder,0,1,1,0.0,60.0,10,10,10.0,10.0,0.0,0.9589622224475254,False,True,,0.96171875,0.0,0.0,9.955350712948292,9.84375,9.98699609882965,expert_labels,9,10,10,9.84375,1.0,1.0,0.84375,1.0,8,1,2,3,2445.3125,0.090210979560879,True,9.947916666666666,0.947916666666666,10.0,1.0,1,w10s_nonoverlap,10 s / 0% overlap
CapnoBase,0313,early_fusion_identity_noresidual_rawppg_eventdecoder,0,1,2,60.0,120.0,10,10,10.0,10.0,0.0,0.9574195740547912,False,True,,1.0,0.0,0.0,9.9855533082924,9.84375,9.9855533082924,expert_labels,10,10,10,9.84375,0.0,0.0,0.15625,0.0,9,1,1,2,5273.4375,0.090210979560879,True,9.947916666666666,0.0520833333333339,10.0,0.0,1,w10s_nonoverlap,10 s / 0% overlap
CapnoBase,0313,early_fusion_identity_noresidual_rawppg_eventdecoder,0,1,3,120.0,180.0,10,11,10.0,11.0,1.0,0.9650963826626364,False,True,,1.0,0.0,0.0,9.99277143270204,9.84375,9.989882931059402,expert_labels,10,10,10,9.84375,0.0,0.0,0.15625,0.0,8,2,2,4,4445.3125,0.090210979560879,True,9.947916666666666,0.0520833333333339,10.0,0.0,1,w10s_nonoverlap,10 s / 0% overlap
CapnoBase,0313,early_fusion_identity_noresidual_rawppg_eventdecoder,0,1,4,180.0,240.0,10,10,10.0,10.0,0.0,0.9655910115109986,False,True,,1.0,0.0,0.0,9.972586928293175,9.84375,9.98699609882965,expert_labels,10,10,10,9.84375,0.0,0.0,0.15625,0.0,9,1,1,2,4523.4375,0.090210979560879,True,9.947916666666666,0.0520833333333339,10.0,0.0,1,w10s_nonoverlap,10 s / 0% overlap
CapnoBase,0313,early_fusion_identity_noresidual_rawppg_eventdecoder,0,1,5,240.0,300.0,10,10,10.0,10.0,0.0,0.9626573810623812,False,True,,1.0,0.0,0.0,9.989882931059402,9.84375,9.9855533082924,expert_labels,10,10,10,9.84375,0.0,0.0,0.15625,0.0,10,0,0,0,6812.5,0.090210979560879,True,9.947916666666666,0.0520833333333339,10.0,0.0,1,w10s_nonoverlap,10 s / 0% overlap
CapnoBase,0313,early_fusion_identity_noresidual_rawppg_eventdecoder,0,1,6,300.0,360.0,10,10,10.0,10.0,0.0,0.959470432849564,False,True,,1.0,0.0,0.0,9.979786312445857,9.84375,9.9855533082924,expert_labels,10,10,10,9.84375,0.0,0.0,0.15625,0.0,9,1,1,2,5945.3125,0.090210979560879,True,9.947916666666666,0.0520833333333339,10.0,0.0,1,w10s_nonoverlap,10 s / 0% overlap
CapnoBase,0313,early_fusion_identity_noresidual_rawppg_eventdecoder,0,1,7,360.0,420.0,10,12,10.0,12.0,2.0,0.9616777930277804,False,True,,1.0,0.0,0.0,9.988439306358382,9.84375,9.988439306358382,expert_labels,10,10,10,9.84375,0.0,0.0,0.15625,0.0,9,1,1,2,3492.1875,0.090210979560879,True,9.947916666666666,0.0520833333333339,10.0,0.0,1,w10s_nonoverlap,10 s / 0% overlap
CapnoBase,0313,early_fusion_identity_noresidual_rawppg_eventdecoder,0,1,8,420.0,480.0,10,12,10.0,12.0,2.0,0.9522559286645744,False,True,,1.0,0.0,0.0,10.01303780964798,9.84375,9.989882931059402,expert_labels,10,10,10,9.84375,0.0,0.0,0.15625,0.0,9,1,1,2,4664.0625,0.090210979560879,True,9.947916666666666,0.0520833333333339,10.0,0.0,1,w10s_nonoverlap,10 s / 0% overlap
CapnoBase,0322,early_fusion_identity_noresidual_rawppg_eventdecoder,0,1,1,0.0,60.0,17,18,17.0,18.0,1.0,0.9201714071016158,False,True,,0.9591145833333332,0.0,0.0,17.42731527442916,17.34375,17.457025145617276,expert_labels,17,17,17,17.34375,0.0,0.0,0.34375,0.0,17,0,0,0,2929.6875,0.1984641550339338,True,17.114583333333332,0.1145833333333321,17.0,0.0,1,w10s_nonoverlap,10 s / 0% overlap
CapnoBase,0322,early_fusion_identity_noresidual_rawppg_eventdecoder,0,1,2,60.0,120.0,17,17,17.0,17.0,0.0,0.9491892706629376,False,True,,1.0,0.0,0.0,17.42731527442916,17.34375,17.412498228709083,expert_labels,17,18,18,17.34375,1.0,1.0,0.34375,1.0,17,0,0,0,2203.125,0.3788861141556919,True,17.78125,0.78125,18.0,1.0,1,w10s_nonoverlap,10 s / 0% overlap
CapnoBase,0322,early_fusion_identity_noresidual_rawppg_eventdecoder,0,1,3,120.0,180.0,18,18,18.0,18.0,0.0,0.9332448896709122,False,True,,1.0,0.0,0.0,18.1282976950847,18.28125,18.110834534259137,expert_labels,19,18,18,18.28125,1.0,1.0,0.71875,-1.0,19,0,0,0,4000.0,0.1623797632095822,True,18.09375,0.90625,18.0,1.0,1,w10s_nonoverlap,10 s / 0% overlap
CapnoBase,0322,early_fusion_identity_noresidual_rawppg_eventdecoder,0,1,4,180.0,240.0,18,18,18.0,18.0,0.0,0.9359429786732956,False,True,,1.0,0.0,0.0,17.85313824695747,17.8125,17.824194952132288,expert_labels,17,18,18,17.8125,1.0,1.0,0.8125,1.0,17,0,0,0,3835.9375,0.1082531754730548,True,17.9375,0.9375,18.0,1.0,1,w10s_nonoverlap,10 s / 0% overlap
CapnoBase,0322,early_fusion_identity_noresidual_rawppg_eventdecoder,0,1,5,240.0,300.0,18,18,18.0,18.0,0.0,0.9342269820612756,False,True,,1.0,0.0,0.0,17.671900378992962,17.8125,17.671900378992962,expert_labels,18,17,17,17.8125,1.0,1.0,0.1875,-1.0,18,0,0,0,3835.9375,0.4690970937165709,True,17.270833333333332,0.7291666666666679,17.0,1.0,1,w10s_nonoverlap,10 s / 0% overlap
CapnoBase,0322,early_fusion_identity_noresidual_rawppg_eventdecoder,0,1,6,300.0,360.0,18,18,18.0,18.0,0.0,0.9497566930031786,False,True,,1.0,0.0,0.0,18.04311774461028,17.8125,18.0555939704052,expert_labels,18,18,18,17.8125,0.0,0.0,0.1875,0.0,18,0,0,0,2914.0625,0.1082531754730548,True,17.9375,0.0625,18.0,0.0,1,w10s_nonoverlap,10 s / 0% overlap
CapnoBase,0322,early_fusion_identity_noresidual_rawppg_eventdecoder,0,1,7,360.0,420.0,18,18,18.0,18.0,0.0,0.93802188863512,False,True,,1.0,0.0,0.0,18.283153619941185,18.28125,18.293400588482555,expert_labels,18,19,18,18.28125,1.0,0.0,0.28125,1.0,18,0,0,0,2820.3125,0.5157039081036068,True,18.42708333333333,0.4270833333333321,18.28125,0.28125,1,w10s_nonoverlap,10 s / 0% overlap
CapnoBase,0322,early_fusion_identity_noresidual_rawppg_eventdecoder,0,1,8,420.0,480.0,19,19,19.0,19.0,0.0,0.96930996290881,False,False,ref_artifact_label,0.992578125,0.007421875,0.0,18.7012987012987,18.28125,18.640776699029125,expert_labels,19,18,19,18.28125,1.0,0.0,0.71875,-1.0,19,0,0,0,1500.0,0.5157039081036068,True,18.42708333333333,0.5729166666666679,18.28125,0.71875,1,w10s_nonoverlap,10 s / 0% overlap
CapnoBase,0325,early_fusion_identity_noresidual_rawppg_eventdecoder,0,1,1,0.0,60.0,10,13,10.0,13.0,3.0,0.8463167616970637,True,True,,0.971875,0.0,0.0,9.991326973113615,9.84375,10.0,expert_labels,9,11,10,9.84375,2.0,1.0,0.84375,2.0,9,0,2,2,2070.3125,0.6273393718713979,True,10.28125,1.28125,10.0,1.0,1,w10s_nonoverlap,10 s / 0% overlap
CapnoBase,0325,early_fusion_identity_noresidual_rawppg_eventdecoder,0,1,2,60.0,120.0,10,16,10.0,16.0,6.0,0.7718484835748765,False,True,,1.0,0.0,0.0,9.989882931059402,9.84375,9.9855533082924,expert_labels,10,11,12,9.84375,1.0,2.0,0.15625,1.0,10,0,1,1,3195.3125,1.0790681261316792,True,10.947916666666666,0.947916666666666,11.0,1.0,1,w10s_nonoverlap,10 s / 0% overlap
CapnoBase,0325,early_fusion_identity_noresidual_rawppg_eventdecoder,0,1,3,120.0,180.0,10,16,10.0,16.0,6.0,0.7914113877329736,False,True,,1.0,0.0,0.0,9.988439306358382,9.84375,9.98266897746967,expert_labels,10,13,13,9.84375,3.0,3.0,0.15625,3.0,10,0,3,3,3054.6875,1.8222617871297564,True,11.947916666666666,1.947916666666666,13.0,3.0,1,w10s_nonoverlap,10 s / 0% overlap
CapnoBase,0325,early_fusion_identity_noresidual_rawppg_eventdecoder,0,1,4,180.0,240.0,10,14,10.0,14.0,4.0,0.8328114812330002,True,True,,1.0,0.0,0.0,9.978345604157644,9.84375,9.988439306358382,expert_labels,10,11,11,9.84375,1.0,1.0,0.15625,1.0,9,1,2,3,2414.0625,0.6675612487505048,True,10.614583333333334,0.6145833333333339,11.0,1.0,1,w10s_nonoverlap,10 s / 0% overlap
CapnoBase,0325,early_fusion_identity_noresidual_rawppg_eventdecoder,0,1,5,240.0,300.0,10,13,10.0,13.0,3.0,0.8779988674483453,True,True,,1.0,0.0,0.0,9.988439306358382,9.84375,9.97690531177829,expert_labels,10,10,12,9.84375,0.0,2.0,0.15625,0.0,10,0,0,0,2617.1875,1.2023468804106965,True,10.614583333333334,0.6145833333333339,10.0,0.0,1,w10s_nonoverlap,10 s / 0% overlap
CapnoBase,0325,early_fusion_identity_noresidual_rawppg_eventdecoder,0,1,6,300.0,360.0,10,11,10.0,11.0,1.0,0.8330393125799846,False,True,,1.0,0.0,0.0,9.988439306358382,9.84375,9.988439306358382,expert_labels,10,11,11,9.84375,1.0,1.0,0.15625,1.0,10,0,1,1,1765.625,0.6675612487505048,True,10.614583333333334,0.6145833333333339,11.0,1.0,1,w10s_nonoverlap,10 s / 0% overlap
CapnoBase,0325,early_fusion_identity_noresidual_rawppg_eventdecoder,0,1,7,360.0,420.0,10,11,10.0,11.0,1.0,0.8663861419748398,False,True,,1.0,0.0,0.0,9.981227436823104,9.84375,9.9855533082924,expert_labels,10,10,11,9.84375,0.0,1.0,0.15625,0.0,10,0,0,0,1351.5625,0.6273393718713979,True,10.28125,0.28125,10.0,0.0,1,w10s_nonoverlap,10 s / 0% overlap
CapnoBase,0325,early_fusion_identity_noresidual_rawppg_eventdecoder,0,1,8,420.0,480.0,10,11,10.0,11.0,1.0,0.62944510421246,False,True,,1.0,0.0,0.0,9.974025974025974,9.84375,9.981227436823104,expert_labels,10,10,11,9.84375,0.0,1.0,0.15625,0.0,10,0,0,0,7140.625,0.6273393718713979,True,10.28125,0.28125,10.0,0.0,1,w10s_nonoverlap,10 s / 0% overlap
CapnoBase,0328,early_fusion_identity_noresidual_rawppg_eventdecoder,0,1,1,0.0,60.0,10,16,10.0,16.0,6.0,0.8730296596416521,True,True,,0.962109375,0.0,0.0,9.979786312445857,9.84375,9.99186859651976,expert_labels,9,10,13,9.84375,1.0,4.0,0.84375,1.0,8,1,2,3,4390.625,1.7788726825811154,True,10.947916666666666,1.947916666666666,10.0,1.0,1,w10s_nonoverlap,10 s / 0% overlap
CapnoBase,0328,early_fusion_identity_noresidual_rawppg_eventdecoder,0,2,1,80.0,140.0,10,13,10.0,13.0,3.0,0.9047659028511968,True,True,,1.0,0.0,0.0,9.988439306358382,9.84375,9.9855533082924,expert_labels,10,11,12,9.84375,1.0,2.0,0.15625,1.0,10,0,1,1,3640.625,1.0790681261316792,True,10.947916666666666,0.947916666666666,11.0,1.0,1,w10s_nonoverlap,10 s / 0% overlap
CapnoBase,0328,early_fusion_identity_noresidual_rawppg_eventdecoder,0,2,2,140.0,200.0,10,14,10.0,14.0,4.0,0.8863481302244897,True,False,ref_artifact_label,0.992578125,0.007421875,0.0,9.994216310005784,9.84375,10.0,expert_labels,10,10,13,9.84375,0.0,3.0,0.15625,0.0,10,0,0,0,4171.875,1.7788726825811154,True,10.947916666666666,0.947916666666666,10.0,0.0,1,w10s_nonoverlap,10 s / 0% overlap
CapnoBase,0328,early_fusion_identity_noresidual_rawppg_eventdecoder,0,2,3,200.0,260.0,10,13,10.0,13.0,3.0,0.8969084640397087,True,True,,1.0,0.0,0.0,9.98699609882965,9.84375,9.9855533082924,expert_labels,10,10,11,9.84375,0.0,1.0,0.15625,0.0,10,0,0,0,3609.375,0.6273393718713979,True,10.28125,0.28125,10.0,0.0,1,w10s_nonoverlap,10 s / 0% overlap
CapnoBase,0328,early_fusion_identity_noresidual_rawppg_eventdecoder,0,2,4,260.0,320.0,10,14,10.0,14.0,4.0,0.8922887367299126,True,True,,1.0,0.0,0.0,9.989882931059402,9.84375,10.0,expert_labels,10,9,11,9.84375,1.0,1.0,0.15625,-1.0,10,0,0,0,4914.0625,1.0040607655084095,True,9.947916666666666,0.0520833333333339,9.84375,0.15625,1,w10s_nonoverlap,10 s / 0% overlap
CapnoBase,0328,early_fusion_identity_noresidual_rawppg_eventdecoder,0,2,5,320.0,380.0,10,16,10.0,16.0,6.0,0.8794083019154142,True,True,,1.0,0.0,0.06640625,9.995661605206074,9.84375,9.990243902439024,expert_labels,9,11,13,9.84375,2.0,4.0,0.84375,2.0,9,0,0,0,3390.625,1.5968107863801522,True,11.28125,2.28125,11.0,2.0,1,w10s_nonoverlap,10 s / 0% overlap
CapnoBase,0328,early_fusion_identity_noresidual_rawppg_eventdecoder,0,2,6,380.0,440.0,11,14,11.0,14.0,3.0,0.7799373854139809,False,True,,1.0,0.0,0.0196614583333333,7.769908946379535,9.84375,12.213387306635823,expert_labels,12,11,11,9.84375,1.0,1.0,2.15625,-1.0,9,3,3,6,5046.875,0.6675612487505048,True,10.614583333333334,1.385416666666666,11.0,1.0,1,w10s_nonoverlap,10 s / 0% overlap
CapnoBase,0329,early_fusion_identity_noresidual_rawppg_eventdecoder,0,1,1,0.0,60.0,10,12,10.0,12.0,2.0,0.9343027062725268,False,True,,0.9677083333333332,0.0,0.0,9.98411093456594,9.84375,10.0,expert_labels,9,11,12,9.84375,2.0,3.0,0.84375,2.0,9,0,2,2,2710.9375,1.0790681261316792,True,10.947916666666666,1.947916666666666,11.0,2.0,1,w10s_nonoverlap,10 s / 0% overlap
CapnoBase,0329,early_fusion_identity_noresidual_rawppg_eventdecoder,0,2,1,80.0,140.0,10,16,10.0,16.0,6.0,0.6888466751978053,False,False,ref_artifact_label,0.9677083333333332,0.023828125,0.0,10.325356278569508,9.84375,9.9855533082924,expert_labels,10,16,13,9.84375,6.0,3.0,0.15625,6.0,10,0,6,6,5851.5625,3.078455460264665,True,12.947916666666666,2.947916666666666,13.0,3.0,1,w10s_nonoverlap,10 s / 0% overlap
CapnoBase,0329,early_fusion_identity_noresidual_rawppg_eventdecoder,0,2,2,140.0,200.0,10,15,10.0,15.0,5.0,0.7262442179520336,False,True,,1.0,0.0,0.0,10.319806503628056,9.84375,9.98411093456594,expert_labels,10,18,13,9.84375,8.0,3.0,0.15625,8.0,10,0,8,8,7031.25,4.11271054425586,False,,,13.0,3.0,1,w10s_nonoverlap,10 s / 0% overlap
CapnoBase,0330,early_fusion_identity_noresidual_rawppg_eventdecoder,0,1,1,0.0,60.0,14,14,14.0,14.0,0.0,0.9463953184187772,False,True,,1.0,0.0,0.0,13.644936449364495,13.59375,13.574900574458685,expert_labels,13,13,13,13.59375,0.0,0.0,0.59375,0.0,13,0,0,0,3671.875,0.3428017223313402,True,13.197916666666666,0.197916666666666,13.0,0.0,1,w10s_nonoverlap,10 s / 0% overlap
CapnoBase,0330,early_fusion_identity_noresidual_rawppg_eventdecoder,0,1,2,60.0,120.0,14,14,14.0,14.0,0.0,0.9702965253924268,False,True,,1.0,0.0,0.0,14.218171461122186,14.53125,14.121640735502124,expert_labels,14,14,14,14.53125,0.0,0.0,0.53125,0.0,14,0,0,0,2546.875,0.3067173305069887,True,14.177083333333334,0.1770833333333339,14.0,0.0,1,w10s_nonoverlap,10 s / 0% overlap
CapnoBase,0330,early_fusion_identity_noresidual_rawppg_eventdecoder,0,1,3,120.0,180.0,15,16,15.0,16.0,1.0,0.9581329424772712,False,True,,1.0,0.0,0.0,14.707947654005746,15.0,14.83853160364339,expert_labels,15,15,15,14.53125,0.0,0.0,0.46875,0.0,15,0,0,0,3164.0625,0.2706329386826371,True,14.84375,0.15625,15.0,0.0,1,w10s_nonoverlap,10 s / 0% overlap
CapnoBase,0330,early_fusion_identity_noresidual_rawppg_eventdecoder,0,1,4,180.0,240.0,15,15,15.0,15.0,0.0,0.9718151992349902,False,True,,1.0,0.0,0.0,15.320604160729554,15.46875,15.28865295288653,expert_labels,16,15,16,15.46875,1.0,0.0,0.53125,-1.0,16,0,0,0,2429.6875,0.5003254149384512,True,15.489583333333334,0.5104166666666661,15.46875,0.53125,1,w10s_nonoverlap,10 s / 0% overlap
CapnoBase,0330,early_fusion_identity_noresidual_rawppg_eventdecoder,0,1,5,240.0,300.0,16,16,16.0,16.0,0.0,0.978741752412408,False,True,,1.0,0.0,0.0,15.370246831220811,15.46875,15.390781563126252,expert_labels,15,16,15,15.46875,1.0,0.0,0.46875,1.0,15,0,0,0,1804.6875,0.5003254149384512,True,15.489583333333334,0.4895833333333339,15.46875,0.46875,1,w10s_nonoverlap,10 s / 0% overlap
CapnoBase,0330,early_fusion_identity_noresidual_rawppg_eventdecoder,0,1,6,300.0,360.0,15,15,15.0,15.0,0.0,0.9631977036605128,False,True,,1.0,0.0,0.0,15.338088445078458,15.46875,15.305338078291816,expert_labels,15,15,15,15.46875,0.0,0.0,0.46875,0.0,15,0,0,0,3343.75,0.2706329386826371,True,15.15625,0.15625,15.0,0.0,1,w10s_nonoverlap,10 s / 0% overlap
CapnoBase,0330,early_fusion_identity_noresidual_rawppg_eventdecoder,0,1,7,360.0,420.0,16,16,16.0,16.0,0.0,0.9379893127654172,False,True,,1.0,0.0,0.0,15.60069645966338,15.46875,15.578093306288032,expert_labels,16,16,16,15.46875,0.0,0.0,0.53125,0.0,16,0,0,0,3492.1875,0.3067173305069887,True,15.822916666666666,0.1770833333333339,16.0,0.0,1,w10s_nonoverlap,10 s / 0% overlap
CapnoBase,0330,early_fusion_identity_noresidual_rawppg_eventdecoder,0,1,8,420.0,480.0,15,15,15.0,15.0,0.0,0.9513995821510144,False,True,,0.9854166666666668,0.0,0.0,15.588633288227332,15.46875,15.618826263800116,expert_labels,15,15,15,15.46875,0.0,0.0,0.46875,0.0,15,0,0,0,3101.5625,0.2706329386826371,True,15.15625,0.15625,15.0,0.0,1,w10s_nonoverlap,10 s / 0% overlap
CapnoBase,0331,early_fusion_identity_noresidual_rawppg_eventdecoder,0,1,1,0.0,60.0,13,14,13.0,14.0,1.0,0.897225468179083,False,True,,1.0,0.0,0.0,13.269537480063796,13.125,13.28719723183391,expert_labels,13,13,13,13.125,0.0,0.0,0.125,0.0,13,0,0,0,1125.0,0.0721687836487032,True,13.041666666666666,0.041666666666666,13.0,0.0,1,w10s_nonoverlap,10 s / 0% overlap
CapnoBase,0331,early_fusion_identity_noresidual_rawppg_eventdecoder,0,1,2,60.0,120.0,13,13,13.0,13.0,0.0,0.9370943414473952,False,True,,1.0,0.0,0.0,13.732677693339294,13.59375,13.60959651035987,expert_labels,14,14,14,13.59375,0.0,0.0,0.40625,0.0,14,0,0,0,2234.375,0.2345485468582854,True,13.864583333333334,0.135416666666666,14.0,0.0,1,w10s_nonoverlap,10 s / 0% overlap
CapnoBase,0331,early_fusion_identity_noresidual_rawppg_eventdecoder,0,1,3,120.0,180.0,14,14,14.0,14.0,0.0,0.9563968299126604,False,True,,1.0,0.0,0.0,14.225985710505425,14.53125,14.228302693458744,expert_labels,14,14,14,14.0625,0.0,0.0,0.0625,0.0,14,0,0,0,2664.0625,0.0360843918243516,True,14.020833333333334,0.0208333333333339,14.0,0.0,1,w10s_nonoverlap,10 s / 0% overlap
CapnoBase,0331,early_fusion_identity_noresidual_rawppg_eventdecoder,0,1,4,180.0,240.0,14,14,14.0,14.0,0.0,0.9435109567469142,False,True,,1.0,0.0,0.0,14.68235294117647,15.0,14.688524590163931,expert_labels,15,14,15,15.0,1.0,0.0,0.0,-1.0,15,0,0,0,3820.3125,0.5773502691896257,True,14.666666666666666,0.3333333333333339,15.0,0.0,1,w10s_nonoverlap,10 s / 0% overlap
CapnoBase,0331,early_fusion_identity_noresidual_rawppg_eventdecoder,0,1,5,240.0,300.0,15,15,15.0,15.0,0.0,0.9354928202444318,False,True,,1.0,0.0,0.0,15.531886207361469,15.46875,15.5330829240104,expert_labels,15,16,15,15.46875,1.0,0.0,0.46875,1.0,15,0,0,0,3187.5,0.5003254149384512,True,15.489583333333334,0.4895833333333339,15.46875,0.46875,1,w10s_nonoverlap,10 s / 0% overlap
CapnoBase,0331,early_fusion_identity_noresidual_rawppg_eventdecoder,0,1,6,300.0,360.0,15,15,15.0,15.0,0.0,0.9627968778609736,False,True,,1.0,0.0,0.0,15.075715086932137,15.0,15.099002949024014,expert_labels,15,15,15,15.0,0.0,0.0,0.0,0.0,15,0,0,0,2648.4375,0.0,True,15.0,0.0,15.0,0.0,1,w10s_nonoverlap,10 s / 0% overlap
CapnoBase,0331,early_fusion_identity_noresidual_rawppg_eventdecoder,0,1,7,360.0,420.0,14,14,14.0,14.0,0.0,0.9415602788488844,False,True,,1.0,0.0,0.0,13.622595169873108,13.59375,13.761543762922122,expert_labels,14,14,14,13.59375,0.0,0.0,0.40625,0.0,14,0,0,0,1726.5625,0.2345485468582854,True,13.864583333333334,0.135416666666666,14.0,0.0,1,w10s_nonoverlap,10 s / 0% overlap
CapnoBase,0331,early_fusion_identity_noresidual_rawppg_eventdecoder,0,1,8,420.0,480.0,14,15,14.0,15.0,1.0,0.9274065451794804,False,True,,0.987890625,0.0,0.0,14.613583138173302,14.53125,14.413165872672153,expert_labels,14,14,14,14.53125,0.0,0.0,0.53125,0.0,13,1,1,2,1867.1875,0.3067173305069887,True,14.177083333333334,0.1770833333333339,14.0,0.0,1,w10s_nonoverlap,10 s / 0% overlap
CapnoBase,0332,early_fusion_identity_noresidual_rawppg_eventdecoder,0,1,1,0.0,60.0,26,21,26.0,21.0,5.0,0.499218885727696,False,True,,1.0,0.0,0.0,27.16734693877552,27.1875,27.20806649407276,expert_labels,27,24,19,20.625,3.0,8.0,6.375,-3.0,22,5,2,7,4406.25,2.5505309904671485,True,21.20833333333333,5.791666666666668,20.625,6.375,1,w10s_nonoverlap,10 s / 0% overlap
CapnoBase,0332,early_fusion_identity_noresidual_rawppg_eventdecoder,0,1,2,60.0,120.0,26,21,26.0,21.0,5.0,0.5653795946987311,False,True,,1.0,0.0,0.0,26.7739340305712,26.71875,26.741663318601848,expert_labels,27,25,20,21.09375,2.0,7.0,5.90625,-2.0,24,3,1,4,5015.625,2.628531850196988,True,22.03125,4.96875,21.09375,5.90625,1,w10s_nonoverlap,10 s / 0% overlap
CapnoBase,0332,early_fusion_identity_noresidual_rawppg_eventdecoder,0,1,3,120.0,180.0,27,22,27.0,22.0,5.0,0.4164453138033525,False,True,,1.0,0.0,0.0,28.37688044338876,28.59375,28.405479452054795,expert_labels,28,22,19,21.09375,6.0,9.0,6.90625,-6.0,20,8,2,10,3648.4375,1.538672486539398,True,20.697916666666668,7.302083333333332,21.09375,6.90625,1,w10s_nonoverlap,10 s / 0% overlap
CapnoBase,0332,early_fusion_identity_noresidual_rawppg_eventdecoder,0,1,4,180.0,240.0,29,21,29.0,21.0,8.0,0.3003896201465605,False,True,,1.0,0.0,0.0,29.60760016522098,29.53125,29.593409513685888,expert_labels,30,21,16,6.09375,9.0,14.0,23.90625,-9.0,22,8,0,8,4843.75,7.586502027999026,False,,,16.0,14.0,1,w10s_nonoverlap,10 s / 0% overlap
CapnoBase,0332,early_fusion_identity_noresidual_rawppg_eventdecoder,0,1,5,240.0,300.0,19,19,19.0,19.0,0.0,0.6937222325523837,False,True,,1.0,0.0,0.0,22.212581344902382,20.15625,19.443037974683545,expert_labels,19,19,19,19.21875,0.0,0.0,0.21875,0.0,17,2,1,3,4171.875,0.1262953713852306,True,19.072916666666668,0.0729166666666678,19.0,0.0,1,w10s_nonoverlap,10 s / 0% overlap
CapnoBase,0332,early_fusion_identity_noresidual_rawppg_eventdecoder,0,1,6,300.0,360.0,15,17,15.0,17.0,2.0,-0.0543628855841495,False,True,,1.0,0.0,0.0,13.83783783783784,8.4375,15.870110701107013,expert_labels,15,18,16,6.09375,3.0,1.0,8.90625,3.0,8,7,9,16,2250.0,6.375638244194328,False,,,16.0,1.0,1,w10s_nonoverlap,10 s / 0% overlap
CapnoBase,0332,early_fusion_identity_noresidual_rawppg_eventdecoder,0,1,7,360.0,420.0,10,16,10.0,16.0,6.0,0.2275078261660438,False,True,,1.0,0.0,0.0,10.047095761381476,10.3125,10.152015862524784,expert_labels,11,13,14,10.3125,2.0,3.0,0.6875,2.0,8,3,6,9,3015.625,1.9070182877990447,True,12.4375,1.4375,13.0,2.0,1,w10s_nonoverlap,10 s / 0% overlap
CapnoBase,0332,early_fusion_identity_noresidual_rawppg_eventdecoder,0,1,8,420.0,480.0,10,16,10.0,16.0,6.0,0.1631416758329106,False,True,,0.9940104166666668,0.0,0.0,9.790368271954677,9.375,9.74773917182294,expert_labels,9,12,9,9.375,3.0,0.0,0.375,3.0,4,5,8,13,1796.875,1.6345871038277526,True,10.125,1.125,9.375,0.375,1,w10s_nonoverlap,10 s / 0% overlap
CapnoBase,0333,early_fusion_identity_noresidual_rawppg_eventdecoder,0,1,1,0.0,60.0,9,11,9.0,11.0,2.0,0.9423462803506604,False,True,,0.959765625,0.0,0.0,10.06260008734896,9.84375,9.997107318484236,expert_labels,10,10,10,9.84375,0.0,0.0,0.15625,0.0,9,1,1,2,1656.25,0.090210979560879,True,9.947916666666666,0.0520833333333339,10.0,0.0,1,w10s_nonoverlap,10 s / 0% overlap
CapnoBase,0333,early_fusion_identity_noresidual_rawppg_eventdecoder,0,1,2,60.0,120.0,10,10,10.0,10.0,0.0,0.9245453045467557,False,True,,1.0,0.0,0.0,9.989882931059402,9.84375,10.002894356005788,expert_labels,10,12,10,9.84375,2.0,0.0,0.15625,2.0,9,1,3,4,2414.0625,1.2023468804106965,True,10.614583333333334,0.6145833333333339,10.0,0.0,1,w10s_nonoverlap,10 s / 0% overlap
CapnoBase,0333,early_fusion_identity_noresidual_rawppg_eventdecoder,0,1,3,120.0,180.0,10,10,10.0,10.0,0.0,0.9256145344947772,False,True,,1.0,0.0,0.0,9.989882931059402,9.84375,9.972586928293175,expert_labels,10,9,10,9.84375,1.0,0.0,0.15625,-1.0,9,1,0,1,2593.75,0.5379479722364732,True,9.614583333333334,0.3854166666666661,9.84375,0.15625,1,w10s_nonoverlap,10 s / 0% overlap
CapnoBase,0333,early_fusion_identity_noresidual_rawppg_eventdecoder,0,1,4,180.0,240.0,10,10,10.0,10.0,0.0,0.9419818131040144,False,True,,1.0,0.0,0.0,9.991326973113615,9.84375,9.9855533082924,expert_labels,10,10,10,9.84375,0.0,0.0,0.15625,0.0,10,0,1,1,5070.3125,0.090210979560879,True,9.947916666666666,0.0520833333333339,10.0,0.0,1,w10s_nonoverlap,10 s / 0% overlap
CapnoBase,0333,early_fusion_identity_noresidual_rawppg_eventdecoder,0,1,5,240.0,300.0,10,11,10.0,11.0,1.0,0.927865215679019,False,True,,1.0,0.0,0.0,10.0,9.84375,9.978345604157644,expert_labels,10,10,10,9.84375,0.0,0.0,0.15625,0.0,10,0,0,0,6062.5,0.090210979560879,True,9.947916666666666,0.0520833333333339,10.0,0.0,1,w10s_nonoverlap,10 s / 0% overlap
CapnoBase,0333,early_fusion_identity_noresidual_rawppg_eventdecoder,0,1,6,300.0,360.0,10,11,10.0,11.0,1.0,0.9240958297533152,False,True,,1.0,0.0,0.0,9.9985534500217,9.84375,9.997107318484236,expert_labels,10,11,10,9.84375,1.0,0.0,0.15625,1.0,10,0,0,0,5375.0,0.6273393718713979,True,10.28125,0.28125,10.0,0.0,1,w10s_nonoverlap,10 s / 0% overlap
CapnoBase,0333,early_fusion_identity_noresidual_rawppg_eventdecoder,0,1,7,360.0,420.0,10,16,10.0,16.0,6.0,0.620041073388423,False,True,,1.0,0.0,0.06171875,9.988439306358382,9.84375,10.0,expert_labels,10,12,12,9.84375,2.0,2.0,0.15625,2.0,8,2,4,6,5914.0625,1.2449115179401309,True,11.28125,1.28125,12.0,2.0,1,w10s_nonoverlap,10 s / 0% overlap
CapnoBase,0333,early_fusion_identity_noresidual_rawppg_eventdecoder,0,1,8,420.0,480.0,10,11,10.0,11.0,1.0,0.9182617725289536,False,True,,1.0,0.0,0.0,9.989882931059402,9.84375,9.989882931059402,expert_labels,10,10,9,9.84375,0.0,1.0,0.15625,0.0,10,0,0,0,5765.625,0.5379479722364732,True,9.614583333333334,0.3854166666666661,9.84375,0.15625,1,w10s_nonoverlap,10 s / 0% overlap
CapnoBase,0370,early_fusion_identity_noresidual_rawppg_eventdecoder,0,3,1,60.0,120.0,12,18,12.0,18.0,6.0,0.3609528694681382,False,True,,1.0,0.0,0.1263020833333333,15.53956834532374,15.9375,15.988896599583622,expert_labels,10,20,16,6.09375,10.0,6.0,3.90625,10.0,10,0,10,10,5046.875,7.159115146964742,False,,,16.0,6.0,1,w10s_nonoverlap,10 s / 0% overlap
CapnoBase,0370,early_fusion_identity_noresidual_rawppg_eventdecoder,0,3,2,120.0,180.0,9,15,9.0,15.0,6.0,-0.0556095966767119,False,True,,1.0,0.0,0.0,13.014191908493965,4.6875,8.452331820057779,expert_labels,9,14,13,12.65625,5.0,4.0,3.65625,5.0,6,3,8,11,3976.5625,0.6980721219902711,True,13.21875,4.21875,13.0,4.0,1,w10s_nonoverlap,10 s / 0% overlap
CapnoBase,0370,early_fusion_identity_noresidual_rawppg_eventdecoder,0,3,3,180.0,240.0,8,13,8.0,13.0,5.0,-0.2394249637388398,False,False,ref_rr_undefined,1.0,0.0,0.0,6.973893303064699,4.21875,,expert_labels,1,11,11,4.6875,10.0,10.0,3.6875,10.0,1,0,10,10,117.1875,3.644523574259513,True,8.895833333333334,7.895833333333334,11.0,10.0,1,w10s_nonoverlap,10 s / 0% overlap
CapnoBase,0370,early_fusion_identity_noresidual_rawppg_eventdecoder,0,3,4,240.0,300.0,9,14,9.0,14.0,5.0,0.4149205334455963,False,True,,1.0,0.0,0.0,8.757126567844926,11.71875,9.014084507042254,expert_labels,9,13,14,12.65625,4.0,5.0,3.65625,4.0,7,2,7,9,3789.0625,0.6980721219902711,True,13.21875,4.21875,13.0,4.0,1,w10s_nonoverlap,10 s / 0% overlap
CapnoBase,0370,early_fusion_identity_noresidual_rawppg_eventdecoder,0,3,5,300.0,360.0,10,20,10.0,20.0,10.0,0.5992149670891465,False,True,,1.0,0.0,0.0,9.892657793044224,9.84375,9.906836749319192,expert_labels,10,20,14,9.84375,10.0,4.0,0.15625,10.0,10,0,9,9,3593.75,5.105941443145753,False,,,14.0,4.0,1,w10s_nonoverlap,10 s / 0% overlap
CapnoBase,0370,early_fusion_identity_noresidual_rawppg_eventdecoder,0,3,6,360.0,420.0,9,17,9.0,17.0,8.0,0.202712787446041,False,True,,1.0,0.0,0.0,8.757126567844926,8.4375,8.650040225261463,expert_labels,8,17,16,17.34375,9.0,8.0,9.34375,9.0,8,0,9,9,3421.875,0.6980721219902711,True,16.78125,8.78125,17.0,9.0,1,w10s_nonoverlap,10 s / 0% overlap
CapnoBase,0370,early_fusion_identity_noresidual_rawppg_eventdecoder,0,3,7,420.0,480.0,10,19,10.0,19.0,9.0,0.3685474926160155,False,True,,0.9751302083333332,0.0,0.0,9.667977970102282,9.84375,9.70241437394722,expert_labels,10,19,17,19.21875,9.0,7.0,9.21875,9.0,10,0,9,9,4570.3125,1.2227498466571156,True,18.40625,8.40625,19.0,9.0,1,w10s_nonoverlap,10 s / 0% overlap
