Dataset,Subject,Model,Segment_ID,Coverage_Run_Index,RR_Window_Index,RR_Window_Start_Sec,RR_Window_End_Sec,Target_Breath_Count,Prediction_Breath_Count,Target_RR_BPM_Counting,Prediction_RR_BPM_Counting,RR_AE_BPM_Counting,PCC_60s_Counting,Discordant_Legacy,Ref_Valid,Ref_Exclusion_Reason,Ref_Structural_Fraction,Ref_Artifact_Label_Fraction,PPG_Artifact_Label_Fraction,Ref_RR_CtO,Ref_RR_FFT,Ref_RR_Label,GT_Source,GT_Breath_Count,Pred_Event_Count,Pred_Wave_CtO_Count,Pred_Wave_FFT_RR,AE_Event,AE_Wave_CtO,AE_Wave_FFT,Signed_Error_Event,Peak_TP,Peak_Missed,Peak_Extra,Peak_Wrong,Peak_Timing_Error_Sum_ms,SF_Estimates_SD,SF_Retained,SF_Fused_RR,AE_SmartFusion,Median3_RR,AE_Median3,Window_Order,Window_Config,Window_Label
CapnoBase,0009,early_fusion_identity_rawppg_kopt_fs64_speedaug_rrbal_eventdecoder,0,1,1,0.0,60.0,18,17,18.0,17.0,1.0,0.9435882005843504,False,True,,1.0,0.0,0.0,17.624190064794817,18.046875,17.973568281938324,expert_labels,18,21,22,18.046875,3.0,4.0,0.046875,3.0,18,0,3,3,1687.5,2.0554052532793463,True,20.34895833333333,2.348958333333332,21.0,3.0,1,w10s_nonoverlap,10 s / 0% overlap
CapnoBase,0009,early_fusion_identity_rawppg_kopt_fs64_speedaug_rrbal_eventdecoder,0,1,2,60.0,120.0,18,17,18.0,17.0,1.0,0.899771038766641,False,True,,1.0,0.0,0.0,17.70545158665582,17.34375,17.38539898132428,expert_labels,17,22,23,17.34375,5.0,6.0,0.34375,5.0,17,0,5,5,2250.0,3.0186594189308606,True,20.78125,3.78125,22.0,5.0,1,w10s_nonoverlap,10 s / 0% overlap
CapnoBase,0009,early_fusion_identity_rawppg_kopt_fs64_speedaug_rrbal_eventdecoder,0,1,3,120.0,180.0,18,18,18.0,18.0,0.0,0.9406887371727288,False,True,,1.0,0.0,0.0,18.427086110370567,18.28125,18.138371769936093,expert_labels,18,21,22,18.28125,3.0,4.0,0.28125,3.0,18,0,3,3,2343.75,1.924435117335301,True,20.42708333333333,2.427083333333332,21.0,3.0,1,w10s_nonoverlap,10 s / 0% overlap
CapnoBase,0009,early_fusion_identity_rawppg_kopt_fs64_speedaug_rrbal_eventdecoder,0,1,4,180.0,240.0,20,20,20.0,20.0,0.0,0.9338868991157032,False,True,,1.0,0.0,0.0,20.835594139989148,22.265625,20.880913539967374,expert_labels,21,22,22,22.5,1.0,1.0,1.5,1.0,21,0,1,1,2546.875,0.2886751345948129,True,22.166666666666668,1.166666666666668,22.0,1.0,1,w10s_nonoverlap,10 s / 0% overlap
CapnoBase,0009,early_fusion_identity_rawppg_kopt_fs64_speedaug_rrbal_eventdecoder,0,1,5,240.0,300.0,19,19,19.0,19.0,0.0,0.9609337851318736,False,True,,1.0,0.0,0.0,19.761646803900323,19.921875,19.82788296041308,expert_labels,19,21,20,19.921875,2.0,1.0,0.921875,2.0,19,0,1,1,1656.25,0.6011734402053482,True,20.307291666666668,1.307291666666668,20.0,1.0,1,w10s_nonoverlap,10 s / 0% overlap
CapnoBase,0009,early_fusion_identity_rawppg_kopt_fs64_speedaug_rrbal_eventdecoder,0,1,6,300.0,360.0,19,18,19.0,18.0,1.0,0.9495412762864596,False,True,,1.0,0.0,0.0,19.29109684621825,19.21875,19.2964824120603,expert_labels,20,20,20,19.21875,0.0,0.0,0.78125,0.0,20,0,1,1,2031.25,0.4510548978043951,True,19.73958333333333,0.2604166666666678,20.0,0.0,1,w10s_nonoverlap,10 s / 0% overlap
CapnoBase,0009,early_fusion_identity_rawppg_kopt_fs64_speedaug_rrbal_eventdecoder,0,1,7,360.0,420.0,19,19,19.0,19.0,0.0,0.9546295358399908,False,True,,1.0,0.0,0.0,19.4300932090546,19.453125,19.393939393939394,expert_labels,19,20,20,19.453125,1.0,1.0,0.453125,1.0,19,0,1,1,2109.375,0.3157384284630766,True,19.81770833333333,0.8177083333333321,20.0,1.0,1,w10s_nonoverlap,10 s / 0% overlap
CapnoBase,0009,early_fusion_identity_rawppg_kopt_fs64_speedaug_rrbal_eventdecoder,0,1,8,420.0,480.0,19,19,19.0,19.0,0.0,0.9531219806049148,False,True,,0.9997395833333332,0.0,0.0,20.043956043956044,19.6875,19.681683301861344,expert_labels,20,21,21,19.6875,1.0,1.0,0.3125,1.0,20,0,1,1,2250.0,0.7577722283113838,True,20.5625,0.5625,21.0,1.0,1,w10s_nonoverlap,10 s / 0% overlap
CapnoBase,0015,early_fusion_identity_rawppg_kopt_fs64_speedaug_rrbal_eventdecoder,0,1,1,0.0,60.0,29,28,29.0,28.0,1.0,0.8726994238855726,False,True,,1.0,0.0,0.0,28.75635196576625,28.828125,28.768035516093228,expert_labels,28,28,28,28.828125,0.0,0.0,0.828125,0.0,28,0,0,0,2812.5,0.4781181916726588,True,28.276041666666668,0.2760416666666678,28.0,0.0,1,w10s_nonoverlap,10 s / 0% overlap
CapnoBase,0015,early_fusion_identity_rawppg_kopt_fs64_speedaug_rrbal_eventdecoder,0,1,2,60.0,120.0,29,29,29.0,29.0,0.0,0.970539329048051,False,True,,1.0,0.0,0.0,28.965517241379303,29.0625,28.973322554567503,expert_labels,29,29,29,28.828125,0.0,0.0,0.171875,0.0,29,0,0,0,2031.25,0.0992320775169669,True,28.94270833333333,0.0572916666666678,29.0,0.0,1,w10s_nonoverlap,10 s / 0% overlap
CapnoBase,0015,early_fusion_identity_rawppg_kopt_fs64_speedaug_rrbal_eventdecoder,0,1,3,120.0,180.0,28,28,28.0,28.0,0.0,0.981855356587604,False,True,,1.0,0.0,0.0,28.77944325481799,28.828125,28.75635196576625,expert_labels,29,29,29,28.828125,0.0,0.0,0.171875,0.0,29,0,0,0,1890.625,0.0992320775169669,True,28.94270833333333,0.0572916666666678,29.0,0.0,1,w10s_nonoverlap,10 s / 0% overlap
CapnoBase,0015,early_fusion_identity_rawppg_kopt_fs64_speedaug_rrbal_eventdecoder,0,1,4,180.0,240.0,28,28,28.0,28.0,0.0,0.9506635653722072,False,True,,1.0,0.0,0.0,28.648798010500137,28.59375,28.664356171687547,expert_labels,29,29,29,28.59375,0.0,0.0,0.40625,0.0,29,0,0,0,2187.5,0.2345485468582854,True,28.86458333333333,0.1354166666666678,29.0,0.0,1,w10s_nonoverlap,10 s / 0% overlap
CapnoBase,0015,early_fusion_identity_rawppg_kopt_fs64_speedaug_rrbal_eventdecoder,0,1,5,240.0,300.0,28,28,28.0,28.0,0.0,0.947423959993014,False,True,,1.0,0.0,0.0,28.78714859437751,28.828125,28.784008883953355,expert_labels,28,28,28,28.828125,0.0,0.0,0.828125,0.0,28,0,0,0,2000.0,0.4781181916726588,True,28.276041666666668,0.2760416666666678,28.0,0.0,1,w10s_nonoverlap,10 s / 0% overlap
CapnoBase,0015,early_fusion_identity_rawppg_kopt_fs64_speedaug_rrbal_eventdecoder,0,1,6,300.0,360.0,29,29,29.0,29.0,0.0,0.8674785908146626,False,True,,1.0,0.0,0.0,28.934337997847145,28.828125,28.965517241379303,expert_labels,29,29,29,28.828125,0.0,0.0,0.171875,0.0,29,0,0,0,3546.875,0.0992320775169669,True,28.94270833333333,0.0572916666666678,29.0,0.0,1,w10s_nonoverlap,10 s / 0% overlap
CapnoBase,0015,early_fusion_identity_rawppg_kopt_fs64_speedaug_rrbal_eventdecoder,0,1,7,360.0,420.0,28,28,28.0,28.0,0.0,0.8958134759540743,False,True,,1.0,0.0,0.0,28.62619808306709,28.59375,28.58814145174156,expert_labels,29,29,28,28.59375,0.0,1.0,0.40625,0.0,28,1,1,2,2265.625,0.5029211543572213,True,28.53125,0.46875,28.59375,0.40625,1,w10s_nonoverlap,10 s / 0% overlap
CapnoBase,0015,early_fusion_identity_rawppg_kopt_fs64_speedaug_rrbal_eventdecoder,0,1,8,420.0,480.0,28,28,28.0,28.0,0.0,0.9479168703345264,False,True,,0.9986979166666666,0.0,0.0,28.65671641791045,28.828125,28.679647906108297,expert_labels,29,28,28,28.828125,1.0,1.0,0.171875,-1.0,28,1,0,1,2515.625,0.4781181916726588,True,28.276041666666668,0.7239583333333321,28.0,1.0,1,w10s_nonoverlap,10 s / 0% overlap
CapnoBase,0016,early_fusion_identity_rawppg_kopt_fs64_speedaug_rrbal_eventdecoder,0,1,1,0.0,60.0,10,19,10.0,19.0,9.0,0.3359612150615829,False,True,,1.0,0.0,0.0794270833333333,9.64824120603015,10.078125,10.0,expert_labels,10,24,22,10.3125,14.0,12.0,0.3125,14.0,7,3,17,20,3375.0,7.393074602851869,False,,,22.0,12.0,1,w10s_nonoverlap,10 s / 0% overlap
CapnoBase,0016,early_fusion_identity_rawppg_kopt_fs64_speedaug_rrbal_eventdecoder,0,1,2,60.0,120.0,10,21,10.0,21.0,11.0,0.304723203780796,False,True,,1.0,0.0,0.0,10.0,10.078125,10.0,expert_labels,10,29,26,19.921875,19.0,16.0,9.921875,19.0,9,1,20,21,4062.5,4.6252199412793695,False,,,26.0,16.0,1,w10s_nonoverlap,10 s / 0% overlap
CapnoBase,0016,early_fusion_identity_rawppg_kopt_fs64_speedaug_rrbal_eventdecoder,0,1,3,120.0,180.0,10,21,10.0,21.0,11.0,0.4010221436120107,False,True,,1.0,0.0,0.0,10.005790387955994,10.078125,10.102309266296404,expert_labels,10,28,22,19.921875,18.0,12.0,9.921875,18.0,10,0,18,18,4734.375,4.19473294802045,False,,,22.0,12.0,1,w10s_nonoverlap,10 s / 0% overlap
CapnoBase,0016,early_fusion_identity_rawppg_kopt_fs64_speedaug_rrbal_eventdecoder,0,1,4,180.0,240.0,10,19,10.0,19.0,9.0,0.3792108290685532,False,True,,1.0,0.0,0.0,10.002894356005788,10.078125,10.005790387955994,expert_labels,10,30,23,19.921875,20.0,13.0,9.921875,20.0,9,1,21,22,4046.875,5.164679032157597,False,,,23.0,13.0,1,w10s_nonoverlap,10 s / 0% overlap
CapnoBase,0016,early_fusion_identity_rawppg_kopt_fs64_speedaug_rrbal_eventdecoder,0,1,5,240.0,300.0,10,22,10.0,22.0,12.0,0.1132024139431972,False,True,,1.0,0.0,0.0,10.005790387955994,10.078125,10.117096018735364,expert_labels,10,29,26,19.921875,19.0,16.0,9.921875,19.0,9,1,20,21,4484.375,4.6252199412793695,False,,,26.0,16.0,1,w10s_nonoverlap,10 s / 0% overlap
CapnoBase,0016,early_fusion_identity_rawppg_kopt_fs64_speedaug_rrbal_eventdecoder,0,1,6,300.0,360.0,10,24,10.0,24.0,14.0,0.3809405543943284,False,False,ref_artifact_label,0.9838541666666668,0.0161458333333333,0.0,10.0,10.078125,10.005790387955994,expert_labels,10,30,24,33.984375,20.0,14.0,23.984375,20.0,10,0,20,20,6531.25,5.02598229671325,False,,,30.0,20.0,1,w10s_nonoverlap,10 s / 0% overlap
CapnoBase,0016,early_fusion_identity_rawppg_kopt_fs64_speedaug_rrbal_eventdecoder,0,1,7,360.0,420.0,10,21,10.0,21.0,11.0,0.2729620065088621,False,True,,1.0,0.0,0.0,10.52920208390458,10.078125,10.102309266296404,expert_labels,10,24,24,20.15625,14.0,14.0,10.15625,14.0,8,2,16,18,6046.875,2.219190097197624,True,22.71875,12.71875,24.0,14.0,1,w10s_nonoverlap,10 s / 0% overlap
CapnoBase,0016,early_fusion_identity_rawppg_kopt_fs64_speedaug_rrbal_eventdecoder,0,1,8,420.0,480.0,9,23,9.0,23.0,14.0,0.1649483914638155,False,True,,0.9541666666666668,0.0,0.0466145833333333,10.040674026728643,10.078125,10.006514657980455,expert_labels,9,27,25,19.921875,18.0,16.0,10.921875,18.0,9,0,18,18,5734.375,3.6489086731800144,True,23.97395833333333,14.973958333333332,25.0,16.0,1,w10s_nonoverlap,10 s / 0% overlap
CapnoBase,0018,early_fusion_identity_rawppg_kopt_fs64_speedaug_rrbal_eventdecoder,0,1,1,0.0,60.0,32,24,32.0,24.0,8.0,0.3551670790706749,False,True,,1.0,0.0,0.0,38.58772406300923,38.671875,38.61338978565758,expert_labels,39,37,34,38.671875,2.0,5.0,0.328125,-2.0,37,2,0,2,3968.75,2.36719179730083,True,36.55729166666666,2.442708333333336,37.0,2.0,1,w10s_nonoverlap,10 s / 0% overlap
CapnoBase,0018,early_fusion_identity_rawppg_kopt_fs64_speedaug_rrbal_eventdecoder,0,1,2,60.0,120.0,33,25,33.0,25.0,8.0,0.3852971124827611,False,True,,1.0,0.0,0.0,36.9329414907828,36.796875,36.903363587827016,expert_labels,37,36,33,36.796875,1.0,4.0,0.203125,-1.0,36,1,0,1,3640.625,2.0021350908155524,True,35.265625,1.734375,36.0,1.0,1,w10s_nonoverlap,10 s / 0% overlap
CapnoBase,0018,early_fusion_identity_rawppg_kopt_fs64_speedaug_rrbal_eventdecoder,0,1,3,120.0,180.0,34,28,34.0,28.0,6.0,0.5857154937544607,False,True,,1.0,0.0,0.0,34.77890250399574,35.625,34.751131221719454,expert_labels,35,35,32,35.390625,0.0,3.0,0.390625,0.0,35,0,0,0,3015.625,1.855124693978368,True,34.130208333333336,0.8697916666666643,35.0,0.0,1,w10s_nonoverlap,10 s / 0% overlap
CapnoBase,0018,early_fusion_identity_rawppg_kopt_fs64_speedaug_rrbal_eventdecoder,0,1,4,180.0,240.0,34,25,34.0,25.0,9.0,0.3949440163575315,False,True,,1.0,0.0,0.0,35.20086276624427,35.15625,35.26742301458671,expert_labels,35,33,32,34.921875,2.0,3.0,0.078125,-2.0,33,2,0,2,3437.5,1.484977947717855,True,33.307291666666664,1.6927083333333357,33.0,2.0,1,w10s_nonoverlap,10 s / 0% overlap
CapnoBase,0018,early_fusion_identity_rawppg_kopt_fs64_speedaug_rrbal_eventdecoder,0,1,5,240.0,300.0,33,28,33.0,28.0,5.0,0.3273818267086499,False,True,,1.0,0.0,0.0,34.92776886035313,35.15625,33.873295910184446,expert_labels,34,34,32,35.15625,0.0,2.0,1.15625,0.0,32,2,2,4,2468.75,1.5968107863801522,True,33.71875,0.28125,34.0,0.0,1,w10s_nonoverlap,10 s / 0% overlap
CapnoBase,0018,early_fusion_identity_rawppg_kopt_fs64_speedaug_rrbal_eventdecoder,0,1,6,300.0,360.0,32,29,32.0,29.0,3.0,0.81709022241587,True,True,,1.0,0.0,0.04296875,33.25575101488498,34.21875,33.22877230935641,expert_labels,33,32,32,34.21875,1.0,1.0,1.21875,-1.0,32,1,0,1,1656.25,1.280995909764482,True,32.739583333333336,0.2604166666666643,32.0,1.0,1,w10s_nonoverlap,10 s / 0% overlap
CapnoBase,0018,early_fusion_identity_rawppg_kopt_fs64_speedaug_rrbal_eventdecoder,0,1,7,360.0,420.0,31,30,31.0,30.0,1.0,0.8851318774351536,False,True,,1.0,0.0,0.0,31.760939167556028,32.109375,31.752467324619897,expert_labels,32,32,32,32.109375,0.0,0.0,0.109375,0.0,32,0,0,0,2250.0,0.0631476856926153,True,32.036458333333336,0.0364583333333357,32.0,0.0,1,w10s_nonoverlap,10 s / 0% overlap
CapnoBase,0018,early_fusion_identity_rawppg_kopt_fs64_speedaug_rrbal_eventdecoder,0,1,8,420.0,480.0,29,25,29.0,25.0,4.0,0.6451418961335764,False,True,,0.9971354166666668,0.0,0.0,30.548926014319807,30.46875,30.368148350149987,expert_labels,30,29,28,30.46875,1.0,2.0,0.46875,-1.0,27,3,2,5,2828.125,1.2417697803940957,True,29.15625,0.84375,29.0,1.0,1,w10s_nonoverlap,10 s / 0% overlap
CapnoBase,0023,early_fusion_identity_rawppg_kopt_fs64_speedaug_rrbal_eventdecoder,0,1,1,0.0,60.0,23,23,23.0,23.0,0.0,0.9809552897835192,False,True,,1.0,0.0,0.0,23.03162486368593,22.734375,23.0128030509398,expert_labels,23,22,23,22.734375,1.0,0.0,0.265625,-1.0,22,1,0,1,1984.375,0.5179870141953368,True,22.578125,0.421875,22.734375,0.265625,1,w10s_nonoverlap,10 s / 0% overlap
CapnoBase,0023,early_fusion_identity_rawppg_kopt_fs64_speedaug_rrbal_eventdecoder,0,1,2,60.0,120.0,24,24,24.0,24.0,0.0,0.9813414339051264,False,True,,1.0,0.0,0.0,23.773889636608345,23.90625,23.79951495553759,expert_labels,24,24,24,23.90625,0.0,0.0,0.09375,0.0,24,0,0,0,1828.125,0.0541265877365274,True,23.96875,0.03125,24.0,0.0,1,w10s_nonoverlap,10 s / 0% overlap
CapnoBase,0023,early_fusion_identity_rawppg_kopt_fs64_speedaug_rrbal_eventdecoder,0,1,3,120.0,180.0,21,21,21.0,21.0,0.0,0.9784980342933984,False,True,,1.0,0.0,0.0,21.71945701357465,21.5625,21.74170935562146,expert_labels,22,22,22,21.5625,0.0,0.0,0.4375,0.0,22,0,0,0,1765.625,0.2525907427704613,True,21.854166666666668,0.1458333333333321,22.0,0.0,1,w10s_nonoverlap,10 s / 0% overlap
CapnoBase,0023,early_fusion_identity_rawppg_kopt_fs64_speedaug_rrbal_eventdecoder,0,1,4,180.0,240.0,21,21,21.0,21.0,0.0,0.9866953057479146,False,True,,1.0,0.0,0.0,21.88331071913161,22.03125,21.895194135215856,expert_labels,22,22,22,22.03125,0.0,0.0,0.03125,0.0,22,0,0,0,1468.75,0.0180421959121758,True,22.010416666666668,0.0104166666666678,22.0,0.0,1,w10s_nonoverlap,10 s / 0% overlap
CapnoBase,0023,early_fusion_identity_rawppg_kopt_fs64_speedaug_rrbal_eventdecoder,0,1,5,240.0,300.0,20,20,20.0,20.0,0.0,0.9762755419761427,False,True,,1.0,0.0,0.0,21.09310628948091,21.09375,21.110500274876305,expert_labels,21,21,21,21.09375,0.0,0.0,0.09375,0.0,21,0,0,0,1328.125,0.0541265877365274,True,21.03125,0.03125,21.0,0.0,1,w10s_nonoverlap,10 s / 0% overlap
CapnoBase,0023,early_fusion_identity_rawppg_kopt_fs64_speedaug_rrbal_eventdecoder,0,1,6,300.0,360.0,20,20,20.0,20.0,0.0,0.989954566891952,False,True,,1.0,0.0,0.0,21.03533278553821,20.859375,21.03533278553821,expert_labels,21,21,21,20.859375,0.0,0.0,0.140625,0.0,21,0,0,0,1312.5,0.0811898816047911,True,20.953125,0.046875,21.0,0.0,1,w10s_nonoverlap,10 s / 0% overlap
CapnoBase,0023,early_fusion_identity_rawppg_kopt_fs64_speedaug_rrbal_eventdecoder,0,1,7,360.0,420.0,20,20,20.0,20.0,0.0,0.986671967016812,False,True,,1.0,0.0,0.0,20.64516129032258,20.390625,20.628525382755843,expert_labels,21,21,21,20.390625,0.0,0.0,0.609375,0.0,21,0,0,0,1093.75,0.3518228202874282,True,20.796875,0.203125,21.0,0.0,1,w10s_nonoverlap,10 s / 0% overlap
CapnoBase,0023,early_fusion_identity_rawppg_kopt_fs64_speedaug_rrbal_eventdecoder,0,1,8,420.0,480.0,22,22,22.0,22.0,0.0,0.9912431497030874,False,True,,0.9994791666666668,0.0,0.0,21.683248184995964,21.5625,21.51260504201681,expert_labels,21,21,21,21.5625,0.0,0.0,0.5625,0.0,21,0,0,0,937.5,0.3247595264191645,True,21.1875,0.1875,21.0,0.0,1,w10s_nonoverlap,10 s / 0% overlap
CapnoBase,0028,early_fusion_identity_rawppg_kopt_fs64_speedaug_rrbal_eventdecoder,0,1,1,0.0,60.0,12,14,12.0,14.0,2.0,0.9253010333259012,False,True,,0.9963541666666668,0.0,0.0,12.200158856235108,11.953125,12.02733485193622,expert_labels,12,12,12,11.953125,0.0,0.0,0.046875,0.0,12,0,0,0,4500.0,0.0270632938682637,True,11.984375,0.015625,12.0,0.0,1,w10s_nonoverlap,10 s / 0% overlap
CapnoBase,0028,early_fusion_identity_rawppg_kopt_fs64_speedaug_rrbal_eventdecoder,0,1,2,60.0,120.0,12,14,12.0,14.0,2.0,0.9025626881370258,False,True,,1.0,0.0,0.0,11.959229898074746,11.953125,12.065124250214224,expert_labels,12,12,13,11.953125,0.0,1.0,0.046875,0.0,12,0,0,0,3812.5,0.5913465610015275,True,12.317708333333334,0.3177083333333339,12.0,0.0,1,w10s_nonoverlap,10 s / 0% overlap
CapnoBase,0028,early_fusion_identity_rawppg_kopt_fs64_speedaug_rrbal_eventdecoder,0,1,3,120.0,180.0,12,13,12.0,13.0,1.0,0.8989960199677103,False,True,,1.0,0.0,0.0,12.03076046710339,11.484375,11.534680502457672,expert_labels,12,12,13,11.484375,0.0,1.0,0.515625,0.0,12,0,0,0,4484.375,0.7706045550140055,True,12.161458333333334,0.1614583333333339,12.0,0.0,1,w10s_nonoverlap,10 s / 0% overlap
CapnoBase,0028,early_fusion_identity_rawppg_kopt_fs64_speedaug_rrbal_eventdecoder,0,1,4,180.0,240.0,11,12,11.0,12.0,1.0,0.9230554338607028,False,True,,1.0,0.0,0.0,11.35789190642646,11.484375,11.320754716981131,expert_labels,11,11,11,11.484375,0.0,0.0,0.484375,0.0,11,0,0,0,4250.0,0.279654036638725,True,11.161458333333334,0.1614583333333339,11.0,0.0,1,w10s_nonoverlap,10 s / 0% overlap
CapnoBase,0028,early_fusion_identity_rawppg_kopt_fs64_speedaug_rrbal_eventdecoder,0,1,5,240.0,300.0,12,12,12.0,12.0,0.0,0.9507396215870444,False,True,,1.0,0.0,0.0,12.311279510346836,11.71875,11.782426778242677,expert_labels,12,12,12,11.953125,0.0,0.0,0.046875,0.0,12,0,0,0,5437.5,0.0270632938682637,True,11.984375,0.015625,12.0,0.0,1,w10s_nonoverlap,10 s / 0% overlap
CapnoBase,0028,early_fusion_identity_rawppg_kopt_fs64_speedaug_rrbal_eventdecoder,0,1,6,300.0,360.0,11,12,11.0,12.0,1.0,0.937570403894748,False,True,,1.0,0.0,0.0,11.687880464858882,11.71875,11.71056279456612,expert_labels,12,12,12,11.71875,0.0,0.0,0.28125,0.0,12,0,0,0,5906.25,0.1623797632095822,True,11.90625,0.09375,12.0,0.0,1,w10s_nonoverlap,10 s / 0% overlap
CapnoBase,0028,early_fusion_identity_rawppg_kopt_fs64_speedaug_rrbal_eventdecoder,0,1,7,360.0,420.0,12,12,12.0,12.0,0.0,0.9391422867502248,False,True,,1.0,0.0,0.0,11.851851851851851,11.71875,11.739529195964536,expert_labels,11,11,11,11.71875,0.0,0.0,0.71875,0.0,11,0,0,0,3968.75,0.4149705059800435,True,11.239583333333334,0.2395833333333339,11.0,0.0,1,w10s_nonoverlap,10 s / 0% overlap
CapnoBase,0028,early_fusion_identity_rawppg_kopt_fs64_speedaug_rrbal_eventdecoder,0,1,8,420.0,480.0,11,13,11.0,13.0,2.0,0.9213315966426204,False,True,,1.0,0.0,0.0,11.40696732379152,11.484375,11.453362255965294,expert_labels,12,12,12,11.71875,0.0,0.0,0.28125,0.0,12,0,0,0,4984.375,0.1623797632095822,True,11.90625,0.09375,12.0,0.0,1,w10s_nonoverlap,10 s / 0% overlap
CapnoBase,0029,early_fusion_identity_rawppg_kopt_fs64_speedaug_rrbal_eventdecoder,0,1,1,0.0,60.0,9,17,9.0,17.0,8.0,0.5239628624760402,False,True,,1.0,0.0,0.0,10.195818121473614,8.203125,10.009775171065494,expert_labels,9,14,13,11.484375,5.0,4.0,2.484375,5.0,9,0,5,5,1609.375,1.266589138937722,True,12.828125,3.828125,13.0,4.0,1,w10s_nonoverlap,10 s / 0% overlap
CapnoBase,0029,early_fusion_identity_rawppg_kopt_fs64_speedaug_rrbal_eventdecoder,0,1,2,60.0,120.0,10,18,10.0,18.0,8.0,0.655747838187887,False,True,,1.0,0.0,0.0,10.260521042084168,10.078125,9.804255319148936,expert_labels,10,12,14,9.84375,2.0,4.0,0.15625,2.0,9,1,3,4,2000.0,2.07861444737434,True,11.947916666666666,1.947916666666666,12.0,2.0,1,w10s_nonoverlap,10 s / 0% overlap
CapnoBase,0029,early_fusion_identity_rawppg_kopt_fs64_speedaug_rrbal_eventdecoder,0,1,3,120.0,180.0,10,18,10.0,18.0,8.0,0.6849138281890594,False,True,,1.0,0.0,0.0,10.83725305738476,9.375,10.224852071005918,expert_labels,10,14,13,13.59375,4.0,3.0,3.59375,4.0,10,0,4,4,2343.75,0.5029211543572213,True,13.53125,3.53125,13.59375,3.59375,1,w10s_nonoverlap,10 s / 0% overlap
CapnoBase,0029,early_fusion_identity_rawppg_kopt_fs64_speedaug_rrbal_eventdecoder,0,1,4,180.0,240.0,11,17,11.0,17.0,6.0,0.7210464379360599,False,True,,1.0,0.0,0.0,11.410048622366288,10.78125,11.364308967150045,expert_labels,11,15,12,11.015625,4.0,1.0,0.015625,4.0,11,0,4,4,3468.75,2.0754211733706005,True,12.671875,1.671875,12.0,1.0,1,w10s_nonoverlap,10 s / 0% overlap
CapnoBase,0029,early_fusion_identity_rawppg_kopt_fs64_speedaug_rrbal_eventdecoder,0,1,5,240.0,300.0,11,18,11.0,18.0,7.0,0.6883818940331303,False,True,,1.0,0.0,0.0,12.3581041544763,9.140625,11.254396248534585,expert_labels,11,15,15,20.390625,4.0,4.0,9.390625,4.0,11,0,4,4,2718.75,3.1122787948503263,True,16.796875,5.796875,15.0,4.0,1,w10s_nonoverlap,10 s / 0% overlap
CapnoBase,0029,early_fusion_identity_rawppg_kopt_fs64_speedaug_rrbal_eventdecoder,0,1,6,300.0,360.0,12,18,12.0,18.0,6.0,0.7305126495207143,False,True,,1.0,0.0,0.0,11.71056279456612,14.296875,12.511848341232229,expert_labels,12,17,15,14.0625,5.0,3.0,2.0625,5.0,12,0,5,5,2875.0,1.5004339650025698,True,15.354166666666666,3.354166666666666,15.0,3.0,1,w10s_nonoverlap,10 s / 0% overlap
CapnoBase,0029,early_fusion_identity_rawppg_kopt_fs64_speedaug_rrbal_eventdecoder,0,1,7,360.0,420.0,13,20,13.0,20.0,7.0,0.7449559465061969,False,True,,1.0,0.0,0.0,12.013651877133109,12.890625,12.329246935201402,expert_labels,12,17,14,13.125,5.0,2.0,1.125,5.0,12,0,5,5,2750.0,2.032291399709533,True,14.708333333333334,2.708333333333334,14.0,2.0,1,w10s_nonoverlap,10 s / 0% overlap
CapnoBase,0029,early_fusion_identity_rawppg_kopt_fs64_speedaug_rrbal_eventdecoder,0,1,8,420.0,480.0,14,18,14.0,18.0,4.0,0.8239568639888707,True,True,,0.9981770833333332,0.0,0.0,14.78344562078922,17.34375,14.00280504908836,expert_labels,14,16,15,17.109375,2.0,1.0,3.109375,2.0,14,0,2,2,2890.625,1.055160002183713,True,16.036458333333332,2.036458333333332,16.0,2.0,1,w10s_nonoverlap,10 s / 0% overlap
CapnoBase,0030,early_fusion_identity_rawppg_kopt_fs64_speedaug_rrbal_eventdecoder,0,2,1,40.0,100.0,30,23,30.0,23.0,7.0,0.0887885911700794,False,False,ref_artifact_label,0.8645833333333334,0.1354166666666666,0.0,31.50873478030704,35.390625,31.65115660728529,expert_labels,32,28,26,35.15625,4.0,6.0,3.15625,-4.0,25,7,3,10,3906.25,4.814021675013523,False,,,28.0,4.0,1,w10s_nonoverlap,10 s / 0% overlap
CapnoBase,0030,early_fusion_identity_rawppg_kopt_fs64_speedaug_rrbal_eventdecoder,0,2,2,100.0,160.0,29,27,29.0,27.0,2.0,0.6610920444967777,False,False,ref_artifact_label,0.9588541666666668,0.0411458333333333,0.0,29.55414012738853,30.234375,29.44946589975349,expert_labels,29,28,28,30.0,1.0,1.0,1.0,-1.0,25,4,3,7,2578.125,1.1547005383792517,True,28.666666666666668,0.3333333333333321,28.0,1.0,1,w10s_nonoverlap,10 s / 0% overlap
CapnoBase,0030,early_fusion_identity_rawppg_kopt_fs64_speedaug_rrbal_eventdecoder,0,2,3,160.0,220.0,29,24,29.0,24.0,5.0,0.7355566521018816,False,True,,1.0,0.0,0.0,30.80497925311203,32.109375,30.72819418511603,expert_labels,31,28,28,27.1875,3.0,3.0,3.8125,-3.0,28,3,0,3,3187.5,0.4690970937165709,True,27.729166666666668,3.270833333333332,28.0,3.0,1,w10s_nonoverlap,10 s / 0% overlap
CapnoBase,0030,early_fusion_identity_rawppg_kopt_fs64_speedaug_rrbal_eventdecoder,0,2,4,220.0,280.0,25,25,25.0,25.0,0.0,0.8331937414922119,False,True,,1.0,0.0,0.0388020833333333,25.70281124497992,24.609375,25.635605006954105,expert_labels,25,25,23,24.375,0.0,2.0,0.625,0.0,23,2,2,4,2890.625,1.0231690964840563,True,24.125,0.875,24.375,0.625,1,w10s_nonoverlap,10 s / 0% overlap
CapnoBase,0030,early_fusion_identity_rawppg_kopt_fs64_speedaug_rrbal_eventdecoder,0,2,5,280.0,340.0,28,27,28.0,27.0,1.0,0.7944636243885406,False,True,,1.0,0.0,0.0,27.976254722072312,28.359375,27.968707850013487,expert_labels,28,28,27,28.359375,0.0,1.0,0.359375,0.0,26,2,1,3,2750.0,0.704396997586115,True,27.78645833333333,0.2135416666666678,28.0,0.0,1,w10s_nonoverlap,10 s / 0% overlap
CapnoBase,0030,early_fusion_identity_rawppg_kopt_fs64_speedaug_rrbal_eventdecoder,0,2,6,340.0,400.0,30,25,30.0,25.0,5.0,0.515901629444658,False,True,,1.0,0.0,0.0,30.793905372894947,31.171875,31.7017310252996,expert_labels,32,28,26,30.46875,4.0,6.0,1.53125,-4.0,25,7,4,11,3328.125,2.238468714880778,True,28.15625,3.84375,28.0,4.0,1,w10s_nonoverlap,10 s / 0% overlap
CapnoBase,0030,early_fusion_identity_rawppg_kopt_fs64_speedaug_rrbal_eventdecoder,0,2,7,400.0,460.0,31,31,31.0,31.0,0.0,0.6405630070452961,False,True,,1.0,0.0,0.0,32.560175054704594,30.9375,32.6461211477152,expert_labels,33,32,31,31.171875,1.0,2.0,1.828125,-1.0,31,2,1,3,3218.75,0.534685582258396,True,31.390625,1.609375,31.171875,1.828125,1,w10s_nonoverlap,10 s / 0% overlap
CapnoBase,0031,early_fusion_identity_rawppg_kopt_fs64_speedaug_rrbal_eventdecoder,0,1,1,0.0,60.0,18,21,18.0,21.0,3.0,0.2369985923436515,False,False,ref_rr_undefined,1.0,0.0,0.0268229166666666,6.4393515930687535,4.21875,,expert_labels,0,20,15,5.859375,20.0,15.0,5.859375,20.0,0,0,20,20,0.0,7.170638056003687,False,,,15.0,15.0,1,w10s_nonoverlap,10 s / 0% overlap
CapnoBase,0031,early_fusion_identity_rawppg_kopt_fs64_speedaug_rrbal_eventdecoder,0,1,2,60.0,120.0,18,18,18.0,18.0,0.0,-0.1303317300810504,False,False,ref_rr_undefined,1.0,0.0,0.0,9.98699609882965,4.6875,,expert_labels,0,17,16,6.796875,17.0,16.0,6.796875,17.0,0,0,17,17,0.0,5.6243706245121325,False,,,16.0,16.0,1,w10s_nonoverlap,10 s / 0% overlap
CapnoBase,0031,early_fusion_identity_rawppg_kopt_fs64_speedaug_rrbal_eventdecoder,0,1,3,120.0,180.0,8,18,8.0,18.0,10.0,0.1059293509538203,False,True,,1.0,0.0,0.06875,6.193548387096774,4.453125,4.746600741656366,expert_labels,5,13,16,16.875,8.0,11.0,11.875,8.0,5,0,8,8,2062.5,2.032291399709533,True,15.291666666666666,10.291666666666666,16.0,11.0,1,w10s_nonoverlap,10 s / 0% overlap
CapnoBase,0031,early_fusion_identity_rawppg_kopt_fs64_speedaug_rrbal_eventdecoder,0,1,4,180.0,240.0,13,19,13.0,19.0,6.0,0.2287254672070379,False,True,,1.0,0.0,0.03046875,16.03340292275574,6.796875,9.793142533295551,expert_labels,10,19,16,18.046875,9.0,6.0,8.046875,9.0,7,3,12,15,2593.75,1.5328701038275665,True,17.682291666666668,7.682291666666668,18.046875,8.046875,1,w10s_nonoverlap,10 s / 0% overlap
CapnoBase,0031,early_fusion_identity_rawppg_kopt_fs64_speedaug_rrbal_eventdecoder,0,1,5,240.0,300.0,13,17,13.0,17.0,4.0,-0.1600582543067061,False,True,,1.0,0.0,0.0,12.871508379888269,13.359375,25.1528384279476,expert_labels,10,20,17,8.4375,10.0,7.0,1.5625,10.0,8,2,12,14,2265.625,6.000108505963316,False,,,17.0,7.0,1,w10s_nonoverlap,10 s / 0% overlap
CapnoBase,0031,early_fusion_identity_rawppg_kopt_fs64_speedaug_rrbal_eventdecoder,0,1,6,300.0,360.0,7,15,7.0,15.0,8.0,0.172237915115673,False,True,,1.0,0.0,0.0739583333333333,12.569558101472994,3.75,7.396468699839487,expert_labels,7,12,12,8.90625,5.0,5.0,1.90625,5.0,5,2,7,9,1671.875,1.7861773953054048,True,10.96875,3.96875,12.0,5.0,1,w10s_nonoverlap,10 s / 0% overlap
CapnoBase,0031,early_fusion_identity_rawppg_kopt_fs64_speedaug_rrbal_eventdecoder,0,1,7,360.0,420.0,12,16,12.0,16.0,4.0,0.3369171074441056,False,True,,1.0,0.0,0.1611979166666666,12.792247122955784,3.28125,14.946480700616284,expert_labels,13,13,15,15.46875,0.0,2.0,2.46875,0.0,9,4,3,7,2156.25,1.311135203109631,True,14.489583333333334,1.489583333333334,15.0,2.0,1,w10s_nonoverlap,10 s / 0% overlap
CapnoBase,0031,early_fusion_identity_rawppg_kopt_fs64_speedaug_rrbal_eventdecoder,0,1,8,420.0,480.0,9,18,9.0,18.0,9.0,0.684199215906161,False,True,,0.9940104166666668,0.0,0.2010416666666666,9.233940226726212,9.140625,8.819982773471146,expert_labels,9,10,12,9.140625,1.0,3.0,0.140625,1.0,9,0,2,2,1109.375,1.467114559333501,True,10.380208333333334,1.380208333333334,10.0,1.0,1,w10s_nonoverlap,10 s / 0% overlap
CapnoBase,0032,early_fusion_identity_rawppg_kopt_fs64_speedaug_rrbal_eventdecoder,0,1,1,0.0,60.0,10,19,10.0,19.0,9.0,0.3555571101660207,False,True,,0.9979166666666668,0.0,0.0,9.47108796930666,9.140625,9.743101807802091,expert_labels,9,15,16,16.875,6.0,7.0,7.875,6.0,9,0,6,6,859.375,0.938194187433142,True,15.958333333333334,6.958333333333334,16.0,7.0,1,w10s_nonoverlap,10 s / 0% overlap
CapnoBase,0032,early_fusion_identity_rawppg_kopt_fs64_speedaug_rrbal_eventdecoder,0,1,2,60.0,120.0,12,18,12.0,18.0,6.0,0.7012015151583564,False,True,,1.0,0.0,0.0,12.407108239095315,12.1875,12.39042753428341,expert_labels,13,13,16,12.1875,0.0,3.0,0.8125,0.0,13,0,1,1,2390.625,2.008121531016819,True,13.729166666666666,0.7291666666666661,13.0,0.0,1,w10s_nonoverlap,10 s / 0% overlap
CapnoBase,0032,early_fusion_identity_rawppg_kopt_fs64_speedaug_rrbal_eventdecoder,0,1,3,120.0,180.0,12,19,12.0,19.0,7.0,0.6776216065621496,False,True,,1.0,0.0,0.0,11.818690542809176,11.484375,11.764705882352942,expert_labels,11,14,15,11.484375,3.0,4.0,0.484375,3.0,11,0,2,2,1875.0,1.8114445562059949,True,13.494791666666666,2.494791666666666,14.0,3.0,1,w10s_nonoverlap,10 s / 0% overlap
CapnoBase,0032,early_fusion_identity_rawppg_kopt_fs64_speedaug_rrbal_eventdecoder,0,1,4,180.0,240.0,15,15,15.0,15.0,0.0,0.8897440633416667,False,True,,1.0,0.0,0.0,15.207920792079207,14.53125,14.569105691056912,expert_labels,15,16,16,14.765625,1.0,1.0,0.234375,1.0,15,0,1,1,2718.75,0.7126667385309442,True,15.588541666666666,0.5885416666666661,16.0,1.0,1,w10s_nonoverlap,10 s / 0% overlap
CapnoBase,0032,early_fusion_identity_rawppg_kopt_fs64_speedaug_rrbal_eventdecoder,0,1,5,240.0,300.0,10,18,10.0,18.0,8.0,0.609077819932472,False,True,,1.0,0.0,0.03359375,12.818991097922847,13.125,12.852361472666418,expert_labels,10,15,15,12.890625,5.0,5.0,2.890625,5.0,10,0,5,5,1171.875,1.2178482240718669,True,14.296875,4.296875,15.0,5.0,1,w10s_nonoverlap,10 s / 0% overlap
CapnoBase,0032,early_fusion_identity_rawppg_kopt_fs64_speedaug_rrbal_eventdecoder,0,1,6,300.0,360.0,7,23,7.0,23.0,16.0,0.0461749014373188,False,True,,1.0,0.0,0.0408854166666666,7.069653267873582,6.5625,6.680584551148226,expert_labels,6,21,19,25.3125,15.0,13.0,19.3125,15.0,6,0,15,15,1546.875,3.2260737876454924,True,21.77083333333333,15.770833333333332,21.0,15.0,1,w10s_nonoverlap,10 s / 0% overlap
CapnoBase,0032,early_fusion_identity_rawppg_kopt_fs64_speedaug_rrbal_eventdecoder,0,1,7,360.0,420.0,12,17,12.0,17.0,5.0,0.7416766290398267,False,True,,1.0,0.0,0.0,12.176419717497838,11.953125,11.756192596715836,expert_labels,12,17,16,11.71875,5.0,4.0,0.28125,5.0,12,0,5,5,1515.625,2.805372914159542,True,14.90625,2.90625,16.0,4.0,1,w10s_nonoverlap,10 s / 0% overlap
CapnoBase,0032,early_fusion_identity_rawppg_kopt_fs64_speedaug_rrbal_eventdecoder,0,1,8,420.0,480.0,14,14,14.0,14.0,0.0,0.9317180065928246,False,True,,1.0,0.0,0.0,14.113655640373196,14.296875,14.132492113564668,expert_labels,15,15,14,14.296875,0.0,1.0,0.703125,0.0,15,0,0,0,2281.25,0.5135691338158216,True,14.432291666666666,0.5677083333333339,14.296875,0.703125,1,w10s_nonoverlap,10 s / 0% overlap
CapnoBase,0035,early_fusion_identity_rawppg_kopt_fs64_speedaug_rrbal_eventdecoder,0,1,1,0.0,60.0,24,21,24.0,21.0,3.0,0.7097837187909803,False,True,,0.9981770833333332,0.0,0.040625,24.6219609938552,25.078125,24.6016713091922,expert_labels,24,21,19,24.84375,3.0,5.0,0.84375,-3.0,20,4,1,5,4046.875,2.9699558954357106,True,21.61458333333333,2.385416666666668,21.0,3.0,1,w10s_nonoverlap,10 s / 0% overlap
CapnoBase,0035,early_fusion_identity_rawppg_kopt_fs64_speedaug_rrbal_eventdecoder,0,1,2,60.0,120.0,23,20,23.0,20.0,3.0,0.4805649152435904,False,True,,1.0,0.0,0.0,22.80777537796976,21.796875,22.770889487870623,expert_labels,23,20,14,21.796875,3.0,9.0,1.203125,-3.0,17,6,3,9,3234.375,4.08289153115881,False,,,20.0,3.0,1,w10s_nonoverlap,10 s / 0% overlap
CapnoBase,0035,early_fusion_identity_rawppg_kopt_fs64_speedaug_rrbal_eventdecoder,0,1,3,120.0,180.0,23,19,23.0,19.0,4.0,0.6277271188137149,False,True,,1.0,0.0,0.0,23.382230833102685,23.4375,23.420843277645183,expert_labels,24,22,19,23.4375,2.0,5.0,0.5625,-2.0,21,3,2,5,3703.125,2.264133848369688,True,21.479166666666668,2.520833333333332,22.0,2.0,1,w10s_nonoverlap,10 s / 0% overlap
CapnoBase,0035,early_fusion_identity_rawppg_kopt_fs64_speedaug_rrbal_eventdecoder,0,1,4,180.0,240.0,23,22,23.0,22.0,1.0,0.943984638557597,False,True,,1.0,0.0,0.0,23.42112558913224,23.671875,23.202416918429,expert_labels,23,24,23,23.671875,1.0,0.0,0.671875,1.0,22,1,1,2,3468.75,0.5097519055465446,True,23.557291666666668,0.5572916666666679,23.671875,0.671875,1,w10s_nonoverlap,10 s / 0% overlap
CapnoBase,0035,early_fusion_identity_rawppg_kopt_fs64_speedaug_rrbal_eventdecoder,0,1,5,240.0,300.0,22,20,22.0,20.0,2.0,0.6591239871929704,False,True,,1.0,0.0,0.0,22.919153553988064,23.203125,22.92537313432836,expert_labels,23,21,16,6.328125,2.0,7.0,16.671875,-2.0,20,3,1,4,3921.875,7.4588770606042525,False,,,16.0,7.0,1,w10s_nonoverlap,10 s / 0% overlap
CapnoBase,0035,early_fusion_identity_rawppg_kopt_fs64_speedaug_rrbal_eventdecoder,0,1,6,300.0,360.0,24,20,24.0,20.0,4.0,0.6250165892966298,False,True,,1.0,0.0,0.0,24.49251247920133,26.25,24.337282998071093,expert_labels,24,22,17,23.4375,2.0,7.0,0.5625,-2.0,21,3,1,4,3906.25,3.3790484977283177,True,20.8125,3.1875,22.0,2.0,1,w10s_nonoverlap,10 s / 0% overlap
CapnoBase,0035,early_fusion_identity_rawppg_kopt_fs64_speedaug_rrbal_eventdecoder,0,1,7,360.0,420.0,25,24,25.0,24.0,1.0,0.5554869164366445,False,True,,1.0,0.0,0.0,25.75798229138717,25.3125,25.695931477516066,expert_labels,26,22,18,6.5625,4.0,8.0,19.4375,-4.0,21,5,1,6,4515.625,8.011791440329269,False,,,18.0,8.0,1,w10s_nonoverlap,10 s / 0% overlap
CapnoBase,0038,early_fusion_identity_rawppg_kopt_fs64_speedaug_rrbal_eventdecoder,0,1,1,0.0,60.0,17,18,17.0,18.0,1.0,0.9825172861004794,False,True,,1.0,0.0,0.0,17.710255018990775,17.8125,17.880032867707477,expert_labels,18,18,18,17.8125,0.0,0.0,0.1875,0.0,18,0,0,0,1468.75,0.1082531754730548,True,17.9375,0.0625,18.0,0.0,1,w10s_nonoverlap,10 s / 0% overlap
CapnoBase,0038,early_fusion_identity_rawppg_kopt_fs64_speedaug_rrbal_eventdecoder,0,1,2,60.0,120.0,18,18,18.0,18.0,0.0,0.9808621560469843,False,True,,1.0,0.0,0.0,17.586206896551726,17.578125,17.60458452722063,expert_labels,17,17,17,17.578125,0.0,0.0,0.578125,0.0,17,0,0,0,1156.25,0.3337806243752524,True,17.192708333333332,0.1927083333333321,17.0,0.0,1,w10s_nonoverlap,10 s / 0% overlap
CapnoBase,0038,early_fusion_identity_rawppg_kopt_fs64_speedaug_rrbal_eventdecoder,0,1,3,120.0,180.0,19,19,19.0,19.0,0.0,0.9860110976450482,False,True,,1.0,0.0,0.0,19.02652287962693,19.21875,19.020363236103467,expert_labels,19,19,19,19.21875,0.0,0.0,0.21875,0.0,19,0,0,0,1875.0,0.1262953713852306,True,19.072916666666668,0.0729166666666678,19.0,0.0,1,w10s_nonoverlap,10 s / 0% overlap
CapnoBase,0038,early_fusion_identity_rawppg_kopt_fs64_speedaug_rrbal_eventdecoder,0,1,4,180.0,240.0,18,18,18.0,18.0,0.0,0.9875285254646836,False,True,,1.0,0.0,0.0,18.828657041678017,18.984375,18.83892068683565,expert_labels,19,19,19,18.984375,0.0,0.0,0.015625,0.0,19,0,0,0,1796.875,0.0090210979560879,True,18.994791666666668,0.0052083333333321,19.0,0.0,1,w10s_nonoverlap,10 s / 0% overlap
CapnoBase,0038,early_fusion_identity_rawppg_kopt_fs64_speedaug_rrbal_eventdecoder,0,1,5,240.0,300.0,18,18,18.0,18.0,0.0,0.9745664610644408,False,True,,1.0,0.0,0.0,18.138371769936093,18.046875,18.133333333333333,expert_labels,18,18,18,18.046875,0.0,0.0,0.046875,0.0,18,0,0,0,1406.25,0.0270632938682637,True,18.015625,0.015625,18.0,0.0,1,w10s_nonoverlap,10 s / 0% overlap
CapnoBase,0038,early_fusion_identity_rawppg_kopt_fs64_speedaug_rrbal_eventdecoder,0,1,6,300.0,360.0,18,19,18.0,19.0,1.0,0.9569482604660032,False,True,,1.0,0.0,0.0,18.620689655172413,18.28125,18.6709886547812,expert_labels,19,20,20,18.28125,1.0,1.0,0.71875,1.0,19,0,1,1,2093.75,0.9923207751696692,True,19.42708333333333,0.4270833333333321,20.0,1.0,1,w10s_nonoverlap,10 s / 0% overlap
CapnoBase,0038,early_fusion_identity_rawppg_kopt_fs64_speedaug_rrbal_eventdecoder,0,1,7,360.0,420.0,22,23,22.0,23.0,1.0,0.9698476208220222,False,True,,1.0,0.0,0.0,23.094587206123563,23.203125,23.094587206123563,expert_labels,23,23,23,23.203125,0.0,0.0,0.203125,0.0,23,0,0,0,3562.5,0.1172742734291427,True,23.06770833333333,0.0677083333333321,23.0,0.0,1,w10s_nonoverlap,10 s / 0% overlap
CapnoBase,0038,early_fusion_identity_rawppg_kopt_fs64_speedaug_rrbal_eventdecoder,0,1,8,420.0,480.0,21,21,21.0,21.0,0.0,0.9559259279606684,False,True,,1.0,0.0,0.0,22.02676864244742,21.5625,22.020753686510105,expert_labels,22,22,22,21.328125,0.0,0.0,0.671875,0.0,22,0,0,0,4093.75,0.3879072121117798,True,21.776041666666668,0.2239583333333321,22.0,0.0,1,w10s_nonoverlap,10 s / 0% overlap
CapnoBase,0103,early_fusion_identity_rawppg_kopt_fs64_speedaug_rrbal_eventdecoder,0,1,1,0.0,60.0,18,18,18.0,18.0,0.0,0.9862231080418684,False,True,,1.0,0.0,0.0,17.988426563791677,18.046875,17.973568281938324,expert_labels,18,18,18,18.046875,0.0,0.0,0.046875,0.0,18,0,0,0,7296.875,0.0270632938682637,True,18.015625,0.015625,18.0,0.0,1,w10s_nonoverlap,10 s / 0% overlap
CapnoBase,0103,early_fusion_identity_rawppg_kopt_fs64_speedaug_rrbal_eventdecoder,0,1,2,60.0,120.0,18,18,18.0,18.0,0.0,0.9771817317560612,False,True,,1.0,0.0,0.0,17.988426563791677,18.046875,17.988426563791677,expert_labels,18,18,18,18.046875,0.0,0.0,0.046875,0.0,18,0,0,0,6390.625,0.0270632938682637,True,18.015625,0.015625,18.0,0.0,1,w10s_nonoverlap,10 s / 0% overlap
CapnoBase,0103,early_fusion_identity_rawppg_kopt_fs64_speedaug_rrbal_eventdecoder,0,1,3,120.0,180.0,18,18,18.0,18.0,0.0,0.97965987634521,False,True,,1.0,0.0,0.0,17.993384785005514,18.046875,17.988426563791677,expert_labels,18,19,18,18.046875,1.0,0.0,0.046875,1.0,18,0,0,0,6437.5,0.5643055512825772,True,18.34895833333333,0.3489583333333321,18.046875,0.046875,1,w10s_nonoverlap,10 s / 0% overlap
CapnoBase,0103,early_fusion_identity_rawppg_kopt_fs64_speedaug_rrbal_eventdecoder,0,1,4,180.0,240.0,18,18,18.0,18.0,0.0,0.9804571570301815,False,True,,1.0,0.0,0.0,17.998345740281223,18.046875,17.97851831451391,expert_labels,18,17,18,18.046875,1.0,0.0,0.046875,-1.0,18,0,0,0,6218.75,0.5913465610015276,True,17.682291666666668,0.3177083333333321,18.0,0.0,1,w10s_nonoverlap,10 s / 0% overlap
CapnoBase,0103,early_fusion_identity_rawppg_kopt_fs64_speedaug_rrbal_eventdecoder,0,1,5,240.0,300.0,18,18,18.0,18.0,0.0,0.986529925713122,False,True,,1.0,0.0,0.0,17.97851831451391,18.046875,17.963676389653276,expert_labels,18,18,18,18.046875,0.0,0.0,0.046875,0.0,18,0,0,0,6000.0,0.0270632938682637,True,18.015625,0.015625,18.0,0.0,1,w10s_nonoverlap,10 s / 0% overlap
CapnoBase,0103,early_fusion_identity_rawppg_kopt_fs64_speedaug_rrbal_eventdecoder,0,1,6,300.0,360.0,18,18,18.0,18.0,0.0,0.9864063085080256,False,True,,1.0,0.0,0.0,17.993384785005514,18.046875,17.988426563791677,expert_labels,18,18,18,18.046875,0.0,0.0,0.046875,0.0,18,0,0,0,4734.375,0.0270632938682637,True,18.015625,0.015625,18.0,0.0,1,w10s_nonoverlap,10 s / 0% overlap
CapnoBase,0103,early_fusion_identity_rawppg_kopt_fs64_speedaug_rrbal_eventdecoder,0,1,7,360.0,420.0,18,18,18.0,18.0,0.0,0.9900847946659848,False,True,,1.0,0.0,0.0,17.988426563791677,18.046875,17.993384785005514,expert_labels,18,18,18,18.046875,0.0,0.0,0.046875,0.0,18,0,0,0,5812.5,0.0270632938682637,True,18.015625,0.015625,18.0,0.0,1,w10s_nonoverlap,10 s / 0% overlap
CapnoBase,0103,early_fusion_identity_rawppg_kopt_fs64_speedaug_rrbal_eventdecoder,0,1,8,420.0,480.0,18,18,18.0,18.0,0.0,0.9726245670392012,False,True,,0.9708333333333332,0.0,0.0,18.295964125560538,18.046875,17.993384785005514,expert_labels,18,18,18,18.046875,0.0,0.0,0.046875,0.0,18,0,0,0,4468.75,0.0270632938682637,True,18.015625,0.015625,18.0,0.0,1,w10s_nonoverlap,10 s / 0% overlap
CapnoBase,0104,early_fusion_identity_rawppg_kopt_fs64_speedaug_rrbal_eventdecoder,0,1,1,0.0,60.0,11,20,11.0,20.0,9.0,0.6588378264864739,False,True,,0.95625,0.0,0.0,10.738255033557046,11.015625,11.01338432122371,expert_labels,10,22,21,22.03125,12.0,11.0,12.03125,12.0,10,0,12,12,8750.0,0.5865795093875453,True,21.67708333333333,11.677083333333332,22.0,12.0,1,w10s_nonoverlap,10 s / 0% overlap
CapnoBase,0104,early_fusion_identity_rawppg_kopt_fs64_speedaug_rrbal_eventdecoder,0,1,2,60.0,120.0,11,21,11.0,21.0,10.0,0.6746055868650533,False,True,,1.0,0.0,0.0,11.002865329512892,11.015625,10.999713549126325,expert_labels,11,19,19,11.015625,8.0,8.0,0.015625,8.0,11,0,7,7,9359.375,4.609781055560918,False,,,19.0,8.0,1,w10s_nonoverlap,10 s / 0% overlap
CapnoBase,0104,early_fusion_identity_rawppg_kopt_fs64_speedaug_rrbal_eventdecoder,0,1,3,120.0,180.0,11,21,11.0,21.0,10.0,0.7806079978173283,False,True,,1.0,0.0,0.0,11.002865329512892,11.015625,10.999713549126325,expert_labels,11,18,18,11.015625,7.0,7.0,0.015625,7.0,11,0,7,7,9500.0,4.032430786371292,False,,,18.0,7.0,1,w10s_nonoverlap,10 s / 0% overlap
CapnoBase,0104,early_fusion_identity_rawppg_kopt_fs64_speedaug_rrbal_eventdecoder,0,1,4,180.0,240.0,11,19,11.0,19.0,8.0,0.771453577216749,False,True,,1.0,0.0,0.0,11.006018916595014,11.015625,10.999713549126325,expert_labels,11,17,18,11.015625,6.0,7.0,0.015625,6.0,11,0,6,6,9453.125,3.77699700558636,True,15.338541666666666,4.338541666666666,17.0,6.0,1,w10s_nonoverlap,10 s / 0% overlap
CapnoBase,0104,early_fusion_identity_rawppg_kopt_fs64_speedaug_rrbal_eventdecoder,0,1,5,240.0,300.0,11,20,11.0,20.0,9.0,0.7702617607986583,False,True,,1.0,0.0,0.0,11.002865329512892,11.015625,11.002865329512892,expert_labels,11,20,17,11.015625,9.0,6.0,0.015625,9.0,11,0,10,10,9531.25,4.57405251174583,False,,,17.0,6.0,1,w10s_nonoverlap,10 s / 0% overlap
CapnoBase,0104,early_fusion_identity_rawppg_kopt_fs64_speedaug_rrbal_eventdecoder,0,1,6,300.0,360.0,11,20,11.0,20.0,9.0,0.7783722294956414,False,True,,1.0,0.0,0.0,11.006018916595014,11.015625,11.009174311926603,expert_labels,11,20,18,11.015625,9.0,7.0,0.015625,9.0,11,0,8,8,7546.875,4.716999192305245,False,,,18.0,7.0,1,w10s_nonoverlap,10 s / 0% overlap
CapnoBase,0104,early_fusion_identity_rawppg_kopt_fs64_speedaug_rrbal_eventdecoder,0,1,7,360.0,420.0,11,19,11.0,19.0,8.0,0.8065353125394974,True,True,,1.0,0.0,0.0,11.002865329512892,11.015625,10.999713549126325,expert_labels,11,18,18,11.015625,7.0,7.0,0.015625,7.0,11,0,7,7,8546.875,4.032430786371292,False,,,18.0,7.0,1,w10s_nonoverlap,10 s / 0% overlap
CapnoBase,0104,early_fusion_identity_rawppg_kopt_fs64_speedaug_rrbal_eventdecoder,0,1,8,420.0,480.0,11,20,11.0,20.0,9.0,0.7163733059252047,False,True,,1.0,0.0,0.0,11.006018916595014,11.015625,11.002865329512892,expert_labels,11,19,18,11.015625,8.0,7.0,0.015625,8.0,11,0,9,9,9453.125,4.3499375145176895,False,,,18.0,7.0,1,w10s_nonoverlap,10 s / 0% overlap
CapnoBase,0105,early_fusion_identity_rawppg_kopt_fs64_speedaug_rrbal_eventdecoder,0,1,1,0.0,60.0,10,13,10.0,13.0,3.0,0.638689510781169,False,True,,1.0,0.0,0.0817708333333333,9.721518987341772,10.078125,10.005790387955994,expert_labels,10,10,11,10.078125,0.0,1.0,0.078125,0.0,10,0,0,0,5671.875,0.5561709915799277,True,10.359375,0.359375,10.078125,0.078125,1,w10s_nonoverlap,10 s / 0% overlap
CapnoBase,0105,early_fusion_identity_rawppg_kopt_fs64_speedaug_rrbal_eventdecoder,0,1,2,60.0,120.0,10,15,10.0,15.0,5.0,0.7878987286913937,False,True,,1.0,0.0,0.0,10.026109660574413,10.078125,10.002894356005788,expert_labels,10,9,10,10.078125,1.0,0.0,0.078125,-1.0,9,1,0,1,5968.75,0.6011734402053481,True,9.692708333333334,0.3072916666666661,10.0,0.0,1,w10s_nonoverlap,10 s / 0% overlap
CapnoBase,0105,early_fusion_identity_rawppg_kopt_fs64_speedaug_rrbal_eventdecoder,0,1,3,120.0,180.0,10,12,10.0,12.0,2.0,0.8160697412772043,False,True,,1.0,0.0,0.0,10.105263157894736,10.078125,10.00868809730669,expert_labels,10,11,12,10.078125,1.0,2.0,0.078125,1.0,10,0,1,1,4140.625,0.961202114650365,True,11.026041666666666,1.026041666666666,11.0,1.0,1,w10s_nonoverlap,10 s / 0% overlap
CapnoBase,0105,early_fusion_identity_rawppg_kopt_fs64_speedaug_rrbal_eventdecoder,0,1,4,180.0,240.0,9,12,9.0,12.0,3.0,0.895970198737587,True,True,,1.0,0.0,0.0,10.017391304347829,10.078125,10.002894356005788,expert_labels,10,9,11,10.078125,1.0,1.0,0.078125,-1.0,10,0,0,0,5343.75,1.001016735728396,True,10.026041666666666,0.026041666666666,10.078125,0.078125,1,w10s_nonoverlap,10 s / 0% overlap
CapnoBase,0105,early_fusion_identity_rawppg_kopt_fs64_speedaug_rrbal_eventdecoder,0,1,5,240.0,300.0,10,14,10.0,14.0,4.0,0.883881424463311,True,True,,1.0,0.0,0.0,9.97690531177829,10.078125,10.005790387955994,expert_labels,10,11,11,9.84375,1.0,1.0,0.15625,1.0,10,0,0,0,3984.375,0.6675612487505048,True,10.614583333333334,0.6145833333333339,11.0,1.0,1,w10s_nonoverlap,10 s / 0% overlap
CapnoBase,0105,early_fusion_identity_rawppg_kopt_fs64_speedaug_rrbal_eventdecoder,0,1,6,300.0,360.0,10,13,10.0,13.0,3.0,0.8623541368428516,True,True,,1.0,0.0,0.0,9.959654178674352,10.078125,10.005790387955994,expert_labels,10,12,12,10.078125,2.0,2.0,0.078125,2.0,10,0,2,2,4890.625,1.109595048598812,True,11.359375,1.359375,12.0,2.0,1,w10s_nonoverlap,10 s / 0% overlap
CapnoBase,0105,early_fusion_identity_rawppg_kopt_fs64_speedaug_rrbal_eventdecoder,0,1,7,360.0,420.0,10,14,10.0,14.0,4.0,0.822239793777114,True,True,,1.0,0.0,0.0,9.962525223407322,10.078125,10.005790387955994,expert_labels,10,10,10,9.84375,0.0,0.0,0.15625,0.0,10,0,0,0,3375.0,0.090210979560879,True,9.947916666666666,0.0520833333333339,10.0,0.0,1,w10s_nonoverlap,10 s / 0% overlap
CapnoBase,0105,early_fusion_identity_rawppg_kopt_fs64_speedaug_rrbal_eventdecoder,0,1,8,420.0,480.0,9,11,9.0,11.0,2.0,0.8888943831412341,False,True,,0.9640625,0.0,0.0,9.951050964583931,10.078125,10.003256268316507,expert_labels,9,9,9,10.078125,0.0,0.0,1.078125,0.0,9,0,0,0,3593.75,0.6224557589700653,True,9.359375,0.359375,9.0,0.0,1,w10s_nonoverlap,10 s / 0% overlap
CapnoBase,0115,early_fusion_identity_rawppg_kopt_fs64_speedaug_rrbal_eventdecoder,0,1,1,0.0,60.0,24,16,24.0,16.0,8.0,0.0397280126687118,False,False,ref_artifact_label,0.95,0.05,0.0825520833333333,40.32926483110985,40.078125,40.4104183109708,expert_labels,41,18,15,12.1875,23.0,26.0,28.8125,-23.0,15,26,3,29,2281.25,2.906753988558372,True,15.0625,25.9375,15.0,26.0,1,w10s_nonoverlap,10 s / 0% overlap
CapnoBase,0115,early_fusion_identity_rawppg_kopt_fs64_speedaug_rrbal_eventdecoder,0,1,2,60.0,120.0,30,23,30.0,23.0,7.0,0.00176999545202,False,False,ref_artifact_label,0.9651041666666668,0.0348958333333333,0.1096354166666666,37.96900053447354,38.4375,37.94674718638485,expert_labels,37,27,24,38.4375,10.0,13.0,1.4375,-10.0,22,15,5,20,2312.5,7.618593620216266,False,,,27.0,10.0,1,w10s_nonoverlap,10 s / 0% overlap
CapnoBase,0115,early_fusion_identity_rawppg_kopt_fs64_speedaug_rrbal_eventdecoder,0,1,3,120.0,180.0,27,18,27.0,18.0,9.0,-0.0663072158701336,False,True,,1.0,0.0,0.0682291666666666,39.86159169550173,40.078125,39.8191970220686,expert_labels,40,18,19,8.203125,22.0,21.0,31.796875,-22.0,17,23,1,24,2546.875,5.965892913488167,False,,,18.0,22.0,1,w10s_nonoverlap,10 s / 0% overlap
CapnoBase,0115,early_fusion_identity_rawppg_kopt_fs64_speedaug_rrbal_eventdecoder,0,1,4,180.0,240.0,26,16,26.0,16.0,10.0,-0.0978950635819022,False,True,,1.0,0.0,0.0,41.36816590358201,40.78125,41.37713534822601,expert_labels,42,15,15,16.40625,27.0,27.0,25.59375,-27.0,9,33,6,39,1093.75,0.8118988160479113,True,15.46875,26.53125,15.0,27.0,1,w10s_nonoverlap,10 s / 0% overlap
CapnoBase,0115,early_fusion_identity_rawppg_kopt_fs64_speedaug_rrbal_eventdecoder,0,1,5,240.0,300.0,23,14,23.0,14.0,9.0,-0.1829846490287106,False,True,,1.0,0.0,0.0,41.02564102564103,40.78125,41.04756814537681,expert_labels,41,15,15,13.125,26.0,26.0,27.875,-26.0,9,32,6,38,1468.75,1.0825317547305484,True,14.375,26.625,15.0,26.0,1,w10s_nonoverlap,10 s / 0% overlap
CapnoBase,0115,early_fusion_identity_rawppg_kopt_fs64_speedaug_rrbal_eventdecoder,0,1,6,300.0,360.0,24,16,24.0,16.0,8.0,-0.1596191167490831,False,True,,1.0,0.0,0.0,39.31740614334471,34.921875,39.173154362416106,expert_labels,39,12,10,4.921875,27.0,29.0,34.078125,-27.0,9,30,3,33,1656.25,3.6489086731800144,True,8.973958333333334,30.026041666666664,10.0,29.0,1,w10s_nonoverlap,10 s / 0% overlap
CapnoBase,0115,early_fusion_identity_rawppg_kopt_fs64_speedaug_rrbal_eventdecoder,0,2,1,390.0,450.0,24,17,24.0,17.0,7.0,-0.2276403730747926,False,True,,1.0,0.0,0.0125,41.19066773934031,40.546875,41.23489932885906,expert_labels,41,19,17,5.625,22.0,24.0,35.375,-22.0,12,29,7,36,2140.625,7.214352015254038,False,,,17.0,24.0,1,w10s_nonoverlap,10 s / 0% overlap
CapnoBase,0121,early_fusion_identity_rawppg_kopt_fs64_speedaug_rrbal_eventdecoder,0,1,1,0.0,60.0,9,16,9.0,16.0,7.0,0.7035446606134341,False,True,,0.94453125,0.0,0.0,8.9877121123464,8.90625,9.008797653958943,expert_labels,9,9,11,8.90625,0.0,2.0,0.09375,0.0,8,1,1,2,4406.25,1.182693122003055,True,9.635416666666666,0.6354166666666661,9.0,0.0,1,w10s_nonoverlap,10 s / 0% overlap
CapnoBase,0121,early_fusion_identity_rawppg_kopt_fs64_speedaug_rrbal_eventdecoder,0,1,2,60.0,120.0,9,15,9.0,15.0,6.0,0.351392986802308,False,True,,1.0,0.0,0.0,9.541689674213142,8.90625,9.006156552330696,expert_labels,9,9,8,4.921875,0.0,1.0,4.078125,0.0,6,3,3,6,2203.125,2.12547865319987,True,7.307291666666667,1.692708333333333,8.0,1.0,1,w10s_nonoverlap,10 s / 0% overlap
CapnoBase,0121,early_fusion_identity_rawppg_kopt_fs64_speedaug_rrbal_eventdecoder,0,1,3,120.0,180.0,9,13,9.0,13.0,4.0,0.8312646757562008,True,True,,1.0,0.0,0.0,9.539056030913608,8.90625,9.006156552330696,expert_labels,9,10,9,9.140625,1.0,0.0,0.140625,1.0,8,1,2,3,3875.0,0.541341047961757,True,9.380208333333334,0.3802083333333339,9.140625,0.140625,1,w10s_nonoverlap,10 s / 0% overlap
CapnoBase,0121,early_fusion_identity_rawppg_kopt_fs64_speedaug_rrbal_eventdecoder,0,1,4,180.0,240.0,9,14,9.0,14.0,5.0,0.4329738227503582,False,True,,1.0,0.0,0.0,9.541689674213142,8.90625,9.008797653958943,expert_labels,9,8,7,5.15625,1.0,2.0,3.84375,-1.0,5,4,3,7,2875.0,1.4425861109479738,True,6.71875,2.28125,7.0,2.0,1,w10s_nonoverlap,10 s / 0% overlap
CapnoBase,0121,early_fusion_identity_rawppg_kopt_fs64_speedaug_rrbal_eventdecoder,0,1,5,240.0,300.0,9,11,9.0,11.0,2.0,0.5976142594671061,False,True,,1.0,0.0,0.0,9.536423841059602,8.90625,9.006156552330696,expert_labels,9,11,8,8.90625,2.0,1.0,0.09375,2.0,8,1,3,4,6468.75,1.538672486539398,True,9.302083333333334,0.3020833333333339,8.90625,0.09375,1,w10s_nonoverlap,10 s / 0% overlap
CapnoBase,0121,early_fusion_identity_rawppg_kopt_fs64_speedaug_rrbal_eventdecoder,0,1,6,300.0,360.0,9,14,9.0,14.0,5.0,0.7296928001299264,False,True,,1.0,0.0,0.0,9.536423841059602,8.90625,9.003516998827667,expert_labels,9,8,9,8.90625,1.0,0.0,0.09375,-1.0,6,3,2,5,3812.5,0.5522798392421484,True,8.635416666666666,0.3645833333333339,8.90625,0.09375,1,w10s_nonoverlap,10 s / 0% overlap
CapnoBase,0121,early_fusion_identity_rawppg_kopt_fs64_speedaug_rrbal_eventdecoder,0,1,7,360.0,420.0,9,13,9.0,13.0,4.0,0.6088207655467177,False,True,,1.0,0.0,0.0,9.541689674213142,8.90625,9.003516998827667,expert_labels,9,10,9,9.140625,1.0,0.0,0.140625,1.0,8,1,2,3,4578.125,0.541341047961757,True,9.380208333333334,0.3802083333333339,9.140625,0.140625,1,w10s_nonoverlap,10 s / 0% overlap
CapnoBase,0121,early_fusion_identity_rawppg_kopt_fs64_speedaug_rrbal_eventdecoder,0,1,8,420.0,480.0,9,14,9.0,14.0,5.0,0.7383915219998183,False,True,,1.0,0.0,0.0,9.615023474178404,8.90625,9.003516998827667,expert_labels,9,10,8,9.140625,1.0,1.0,0.140625,1.0,9,0,1,1,3187.5,1.0032904847924151,True,9.046875,0.046875,9.140625,0.140625,1,w10s_nonoverlap,10 s / 0% overlap
CapnoBase,0122,early_fusion_identity_rawppg_kopt_fs64_speedaug_rrbal_eventdecoder,0,1,1,0.0,60.0,9,12,9.0,12.0,3.0,0.940112708290688,True,True,,1.0,0.0,0.0,8.643781654473832,8.90625,9.003516998827667,expert_labels,9,10,9,9.140625,1.0,0.0,0.140625,1.0,8,1,2,3,6578.125,0.541341047961757,True,9.380208333333334,0.3802083333333339,9.140625,0.140625,1,w10s_nonoverlap,10 s / 0% overlap
CapnoBase,0122,early_fusion_identity_rawppg_kopt_fs64_speedaug_rrbal_eventdecoder,0,1,2,60.0,120.0,9,12,9.0,12.0,3.0,0.9298919108427026,True,True,,1.0,0.0,0.0,9.008797653958943,8.90625,9.006156552330696,expert_labels,9,11,11,8.90625,2.0,2.0,0.09375,2.0,4,5,7,12,2468.75,1.208827126115779,True,10.302083333333334,1.302083333333334,11.0,2.0,1,w10s_nonoverlap,10 s / 0% overlap
CapnoBase,0122,early_fusion_identity_rawppg_kopt_fs64_speedaug_rrbal_eventdecoder,0,1,3,120.0,180.0,9,11,9.0,11.0,2.0,0.9407190614100036,False,True,,1.0,0.0,0.0,9.006156552330696,8.90625,9.006156552330696,expert_labels,9,10,9,9.140625,1.0,0.0,0.140625,1.0,5,4,4,8,3484.375,0.541341047961757,True,9.380208333333334,0.3802083333333339,9.140625,0.140625,1,w10s_nonoverlap,10 s / 0% overlap
CapnoBase,0122,early_fusion_identity_rawppg_kopt_fs64_speedaug_rrbal_eventdecoder,0,1,4,180.0,240.0,9,13,9.0,13.0,4.0,0.9448753552741678,True,True,,1.0,0.0,0.0,9.006156552330696,8.90625,9.008797653958943,expert_labels,9,8,9,8.90625,1.0,0.0,0.09375,-1.0,8,1,1,2,7640.625,0.5522798392421484,True,8.635416666666666,0.3645833333333339,8.90625,0.09375,1,w10s_nonoverlap,10 s / 0% overlap
CapnoBase,0122,early_fusion_identity_rawppg_kopt_fs64_speedaug_rrbal_eventdecoder,0,1,5,240.0,300.0,9,10,9.0,10.0,1.0,0.9372675904389892,False,True,,1.0,0.0,0.0,9.003516998827667,8.90625,9.00087899208907,expert_labels,9,10,9,8.90625,1.0,0.0,0.09375,1.0,9,0,0,0,9375.0,0.6062285219563109,True,9.302083333333334,0.3020833333333339,9.0,0.0,1,w10s_nonoverlap,10 s / 0% overlap
CapnoBase,0122,early_fusion_identity_rawppg_kopt_fs64_speedaug_rrbal_eventdecoder,0,1,6,300.0,360.0,9,12,9.0,12.0,3.0,0.9245530860944836,True,True,,1.0,0.0,0.0,9.003516998827667,8.90625,9.00087899208907,expert_labels,9,9,9,8.90625,0.0,0.0,0.09375,0.0,7,2,2,4,6437.5,0.0541265877365274,True,8.96875,0.03125,9.0,0.0,1,w10s_nonoverlap,10 s / 0% overlap
CapnoBase,0122,early_fusion_identity_rawppg_kopt_fs64_speedaug_rrbal_eventdecoder,0,1,7,360.0,420.0,9,11,9.0,11.0,2.0,0.9450330291839596,False,True,,1.0,0.0,0.0,9.008797653958943,8.90625,9.006156552330696,expert_labels,9,9,9,8.90625,0.0,0.0,0.09375,0.0,9,0,0,0,8796.875,0.0541265877365274,True,8.96875,0.03125,9.0,0.0,1,w10s_nonoverlap,10 s / 0% overlap
CapnoBase,0122,early_fusion_identity_rawppg_kopt_fs64_speedaug_rrbal_eventdecoder,0,1,8,420.0,480.0,9,13,9.0,13.0,4.0,0.6464066916913014,False,True,,0.94453125,0.0,0.0,9.434889434889437,8.90625,9.006156552330696,expert_labels,9,9,11,8.671875,0.0,2.0,0.328125,0.0,8,1,2,3,9640.625,1.2601476124678144,True,9.557291666666666,0.5572916666666661,9.0,0.0,1,w10s_nonoverlap,10 s / 0% overlap
CapnoBase,0123,early_fusion_identity_rawppg_kopt_fs64_speedaug_rrbal_eventdecoder,0,1,1,0.0,60.0,11,17,11.0,17.0,6.0,0.7990872395563235,False,True,,1.0,0.0,0.0,11.002865329512892,11.015625,10.999713549126325,expert_labels,11,19,15,11.015625,8.0,4.0,0.015625,8.0,11,0,8,8,2015.625,3.9921900481074712,True,15.005208333333334,4.005208333333334,15.0,4.0,1,w10s_nonoverlap,10 s / 0% overlap
CapnoBase,0123,early_fusion_identity_rawppg_kopt_fs64_speedaug_rrbal_eventdecoder,0,1,2,60.0,120.0,11,15,11.0,15.0,4.0,0.8845352153173414,True,True,,1.0,0.0,0.0,10.996563573883162,11.015625,11.009174311926603,expert_labels,11,13,15,11.015625,2.0,4.0,0.015625,2.0,11,0,2,2,7093.75,1.9921926062026063,True,13.005208333333334,2.005208333333334,13.0,2.0,1,w10s_nonoverlap,10 s / 0% overlap
CapnoBase,0123,early_fusion_identity_rawppg_kopt_fs64_speedaug_rrbal_eventdecoder,0,1,3,120.0,180.0,11,21,11.0,21.0,10.0,0.7281035910943359,False,True,,1.0,0.0,0.0,11.002865329512892,11.015625,11.006018916595014,expert_labels,11,17,19,11.015625,6.0,8.0,0.015625,6.0,10,1,7,8,3921.875,4.154575555562205,False,,,17.0,6.0,1,w10s_nonoverlap,10 s / 0% overlap
CapnoBase,0123,early_fusion_identity_rawppg_kopt_fs64_speedaug_rrbal_eventdecoder,0,1,4,180.0,240.0,11,18,11.0,18.0,7.0,0.7232718163102214,False,False,ref_artifact_label,0.7971354166666667,0.2028645833333333,0.0947916666666666,11.287477954144622,11.25,11.310751104565538,expert_labels,11,20,18,11.25,9.0,7.0,0.25,9.0,11,0,9,9,3281.25,4.5848482344929735,False,,,18.0,7.0,1,w10s_nonoverlap,10 s / 0% overlap
CapnoBase,0123,early_fusion_identity_rawppg_kopt_fs64_speedaug_rrbal_eventdecoder,0,1,5,240.0,300.0,11,13,11.0,13.0,2.0,0.8444416701421102,False,True,,1.0,0.0,0.0,11.006018916595014,11.015625,11.009174311926603,expert_labels,11,13,12,11.25,2.0,1.0,0.25,2.0,11,0,2,2,8703.125,0.8779711460710615,True,12.083333333333334,1.083333333333334,12.0,1.0,1,w10s_nonoverlap,10 s / 0% overlap
CapnoBase,0123,early_fusion_identity_rawppg_kopt_fs64_speedaug_rrbal_eventdecoder,0,1,6,300.0,360.0,11,21,11.0,21.0,10.0,0.6905968186560536,False,True,,1.0,0.0,0.0,10.996563573883162,11.015625,10.990269032627362,expert_labels,11,22,16,11.015625,11.0,5.0,0.015625,11.0,11,0,11,11,4609.375,5.500007398195781,False,,,16.0,5.0,1,w10s_nonoverlap,10 s / 0% overlap
CapnoBase,0123,early_fusion_identity_rawppg_kopt_fs64_speedaug_rrbal_eventdecoder,0,1,7,360.0,420.0,11,19,11.0,19.0,8.0,0.7734516610544787,False,True,,1.0,0.0,0.0,11.002865329512892,11.015625,11.006018916595014,expert_labels,11,20,15,11.015625,9.0,4.0,0.015625,9.0,11,0,9,9,2484.375,4.50174481509207,False,,,15.0,4.0,1,w10s_nonoverlap,10 s / 0% overlap
CapnoBase,0123,early_fusion_identity_rawppg_kopt_fs64_speedaug_rrbal_eventdecoder,0,1,8,420.0,480.0,11,15,11.0,15.0,4.0,0.8702530709270788,True,True,,0.9721354166666668,0.0,0.0,11.347517730496454,11.015625,11.002865329512892,expert_labels,11,13,12,11.015625,2.0,1.0,0.015625,2.0,11,0,2,2,4265.625,0.9921977525717004,True,12.005208333333334,1.005208333333334,12.0,1.0,1,w10s_nonoverlap,10 s / 0% overlap
CapnoBase,0125,early_fusion_identity_rawppg_kopt_fs64_speedaug_rrbal_eventdecoder,0,1,1,0.0,60.0,15,15,15.0,15.0,0.0,0.9609780127837168,False,True,,1.0,0.0,0.0,15.161884706501713,15.46875,15.212224108658743,expert_labels,15,15,15,15.46875,0.0,0.0,0.46875,0.0,15,0,0,0,1656.25,0.2706329386826371,True,15.15625,0.15625,15.0,0.0,1,w10s_nonoverlap,10 s / 0% overlap
CapnoBase,0125,early_fusion_identity_rawppg_kopt_fs64_speedaug_rrbal_eventdecoder,0,1,2,60.0,120.0,14,14,14.0,14.0,0.0,0.9519174681754908,False,True,,1.0,0.0,0.0,14.382022471910112,14.296875,14.451612903225806,expert_labels,15,15,15,14.296875,0.0,0.0,0.703125,0.0,15,0,0,0,1984.375,0.4059494080239556,True,14.765625,0.234375,15.0,0.0,1,w10s_nonoverlap,10 s / 0% overlap
CapnoBase,0125,early_fusion_identity_rawppg_kopt_fs64_speedaug_rrbal_eventdecoder,0,1,3,120.0,180.0,15,15,15.0,15.0,0.0,0.9674868634645716,False,True,,1.0,0.0,0.0,14.664484451718495,14.296875,14.311926605504588,expert_labels,14,14,14,14.296875,0.0,0.0,0.296875,0.0,14,0,0,0,859.375,0.1714008611656701,True,14.098958333333334,0.0989583333333339,14.0,0.0,1,w10s_nonoverlap,10 s / 0% overlap
CapnoBase,0125,early_fusion_identity_rawppg_kopt_fs64_speedaug_rrbal_eventdecoder,0,1,4,180.0,240.0,14,14,14.0,14.0,0.0,0.9678514613939831,False,True,,1.0,0.0,0.0,14.366648850881882,14.53125,14.39446366782007,expert_labels,14,14,14,14.53125,0.0,0.0,0.53125,0.0,14,0,0,0,1359.375,0.3067173305069887,True,14.177083333333334,0.1770833333333339,14.0,0.0,1,w10s_nonoverlap,10 s / 0% overlap
CapnoBase,0125,early_fusion_identity_rawppg_kopt_fs64_speedaug_rrbal_eventdecoder,0,1,5,240.0,300.0,14,14,14.0,14.0,0.0,0.9628520885641212,False,True,,1.0,0.0,0.0,14.197952218430034,14.0625,14.229751191106407,expert_labels,15,15,15,14.0625,0.0,0.0,0.9375,0.0,15,0,0,0,1593.75,0.5412658773652742,True,14.6875,0.3125,15.0,0.0,1,w10s_nonoverlap,10 s / 0% overlap
CapnoBase,0125,early_fusion_identity_rawppg_kopt_fs64_speedaug_rrbal_eventdecoder,0,1,6,300.0,360.0,15,15,15.0,15.0,0.0,0.9606719131125636,False,True,,1.0,0.0,0.0,14.879601439247164,14.53125,14.545454545454543,expert_labels,14,14,14,14.53125,0.0,0.0,0.53125,0.0,14,0,0,0,1078.125,0.3067173305069887,True,14.177083333333334,0.1770833333333339,14.0,0.0,1,w10s_nonoverlap,10 s / 0% overlap
CapnoBase,0125,early_fusion_identity_rawppg_kopt_fs64_speedaug_rrbal_eventdecoder,0,1,7,360.0,420.0,14,14,14.0,14.0,0.0,0.9751703259452676,False,True,,1.0,0.0,0.0,14.229751191106407,14.296875,14.173764906303235,expert_labels,14,14,14,14.296875,0.0,0.0,0.296875,0.0,14,0,0,0,1250.0,0.1714008611656701,True,14.098958333333334,0.0989583333333339,14.0,0.0,1,w10s_nonoverlap,10 s / 0% overlap
CapnoBase,0125,early_fusion_identity_rawppg_kopt_fs64_speedaug_rrbal_eventdecoder,0,1,8,420.0,480.0,14,14,14.0,14.0,0.0,0.9635736723683704,False,True,,0.9963541666666668,0.0,0.0,14.06989853438557,14.0625,14.238448374215633,expert_labels,14,14,14,14.0625,0.0,0.0,0.0625,0.0,14,0,0,0,984.375,0.0360843918243516,True,14.020833333333334,0.0208333333333339,14.0,0.0,1,w10s_nonoverlap,10 s / 0% overlap
CapnoBase,0127,early_fusion_identity_rawppg_kopt_fs64_speedaug_rrbal_eventdecoder,0,1,1,0.0,60.0,19,19,19.0,19.0,0.0,0.8626829990562188,False,True,,1.0,0.0,0.0,18.80304678998912,19.21875,18.736785036595283,expert_labels,19,19,19,19.21875,0.0,0.0,0.21875,0.0,19,0,0,0,4406.25,0.1262953713852306,True,19.072916666666668,0.0729166666666678,19.0,0.0,1,w10s_nonoverlap,10 s / 0% overlap
CapnoBase,0127,early_fusion_identity_rawppg_kopt_fs64_speedaug_rrbal_eventdecoder,0,1,2,60.0,120.0,17,17,17.0,17.0,0.0,0.9258843806664512,False,True,,1.0,0.0,0.03671875,17.619433198380566,17.578125,17.595687331536386,expert_labels,18,18,16,17.578125,0.0,2.0,0.421875,0.0,18,0,0,0,2796.875,1.0542340846360136,True,17.192708333333332,0.8072916666666679,17.578125,0.421875,1,w10s_nonoverlap,10 s / 0% overlap
CapnoBase,0127,early_fusion_identity_rawppg_kopt_fs64_speedaug_rrbal_eventdecoder,0,1,3,120.0,180.0,18,18,18.0,18.0,0.0,0.9187929899806296,False,True,,1.0,0.0,0.0,17.855579868708972,17.34375,17.793223284100783,expert_labels,17,17,18,17.578125,0.0,1.0,0.578125,0.0,17,0,0,0,2328.125,0.5020303827542048,True,17.526041666666668,0.5260416666666679,17.578125,0.578125,1,w10s_nonoverlap,10 s / 0% overlap
CapnoBase,0127,early_fusion_identity_rawppg_kopt_fs64_speedaug_rrbal_eventdecoder,0,1,4,180.0,240.0,18,19,18.0,19.0,1.0,0.8975906709939465,False,True,,1.0,0.0,0.0,18.592993449159785,18.515625,18.50602409638554,expert_labels,19,18,19,18.515625,1.0,0.0,0.484375,-1.0,18,1,0,1,2750.0,0.5000813735866727,True,18.50520833333333,0.4947916666666678,18.515625,0.484375,1,w10s_nonoverlap,10 s / 0% overlap
CapnoBase,0127,early_fusion_identity_rawppg_kopt_fs64_speedaug_rrbal_eventdecoder,0,1,5,240.0,300.0,18,18,18.0,18.0,0.0,0.8915245877813969,False,True,,1.0,0.0,0.0,18.094240837696333,18.046875,18.05309734513274,expert_labels,18,18,18,18.046875,0.0,0.0,0.046875,0.0,18,0,0,0,3046.875,0.0270632938682637,True,18.015625,0.015625,18.0,0.0,1,w10s_nonoverlap,10 s / 0% overlap
CapnoBase,0127,early_fusion_identity_rawppg_kopt_fs64_speedaug_rrbal_eventdecoder,0,1,6,300.0,360.0,18,18,18.0,18.0,0.0,0.9282909135810538,False,True,,1.0,0.0,0.0,18.03813208068528,17.578125,17.909465020576132,expert_labels,18,18,18,17.578125,0.0,0.0,0.421875,0.0,18,0,0,0,2218.75,0.2435696448143733,True,17.859375,0.140625,18.0,0.0,1,w10s_nonoverlap,10 s / 0% overlap
CapnoBase,0127,early_fusion_identity_rawppg_kopt_fs64_speedaug_rrbal_eventdecoder,0,1,7,360.0,420.0,17,17,17.0,17.0,0.0,0.934956040781454,False,True,,1.0,0.0,0.0,17.47323340471092,17.8125,17.519247219846022,expert_labels,17,17,17,17.8125,0.0,0.0,0.8125,0.0,17,0,0,0,2578.125,0.4690970937165709,True,17.270833333333332,0.2708333333333321,17.0,0.0,1,w10s_nonoverlap,10 s / 0% overlap
CapnoBase,0127,early_fusion_identity_rawppg_kopt_fs64_speedaug_rrbal_eventdecoder,0,1,8,420.0,480.0,17,17,17.0,17.0,0.0,0.9399946110111492,False,True,,0.99921875,0.0,0.0,17.000553403431102,16.640625,16.92095841366015,expert_labels,17,17,17,16.640625,0.0,0.0,0.359375,0.0,17,0,0,0,2109.375,0.2074852529900217,True,16.880208333333332,0.1197916666666678,17.0,0.0,1,w10s_nonoverlap,10 s / 0% overlap
CapnoBase,0128,early_fusion_identity_rawppg_kopt_fs64_speedaug_rrbal_eventdecoder,0,1,1,0.0,60.0,11,12,11.0,12.0,1.0,0.8663788513483801,False,True,,1.0,0.0,0.0,11.766016713091922,11.71875,11.898591549295771,expert_labels,12,12,12,11.71875,0.0,0.0,0.28125,0.0,12,0,0,0,2421.875,0.1623797632095822,True,11.90625,0.09375,12.0,0.0,1,w10s_nonoverlap,10 s / 0% overlap
CapnoBase,0128,early_fusion_identity_rawppg_kopt_fs64_speedaug_rrbal_eventdecoder,0,1,2,60.0,120.0,12,13,12.0,13.0,1.0,0.933409462588985,False,True,,1.0,0.0,0.0,12.849972113775795,13.125,12.835654596100278,expert_labels,13,13,13,13.125,0.0,0.0,0.125,0.0,13,0,0,0,1875.0,0.0721687836487032,True,13.041666666666666,0.041666666666666,13.0,0.0,1,w10s_nonoverlap,10 s / 0% overlap
CapnoBase,0128,early_fusion_identity_rawppg_kopt_fs64_speedaug_rrbal_eventdecoder,0,1,3,120.0,180.0,12,13,12.0,13.0,1.0,0.9211749201219852,False,True,,1.0,0.0,0.0,12.037617554858937,11.71875,11.632838533777642,expert_labels,11,12,12,11.71875,1.0,1.0,0.71875,1.0,11,0,1,1,2687.5,0.1623797632095822,True,11.90625,0.90625,12.0,1.0,1,w10s_nonoverlap,10 s / 0% overlap
CapnoBase,0128,early_fusion_identity_rawppg_kopt_fs64_speedaug_rrbal_eventdecoder,0,1,4,180.0,240.0,11,14,11.0,14.0,3.0,0.9264363933627626,True,True,,1.0,0.0,0.0,11.697590695098311,11.953125,11.749652294853965,expert_labels,12,14,13,11.953125,2.0,1.0,0.046875,2.0,12,0,2,2,1984.375,1.023526952197645,True,12.984375,0.984375,13.0,1.0,1,w10s_nonoverlap,10 s / 0% overlap
CapnoBase,0128,early_fusion_identity_rawppg_kopt_fs64_speedaug_rrbal_eventdecoder,0,1,5,240.0,300.0,11,12,11.0,12.0,1.0,0.8970296836359658,False,True,,1.0,0.0,0.0,11.649200220628792,11.484375,11.483253588516748,expert_labels,11,12,10,11.484375,1.0,1.0,0.484375,1.0,11,0,0,0,3656.25,1.0383671702284956,True,11.161458333333334,0.1614583333333339,11.484375,0.484375,1,w10s_nonoverlap,10 s / 0% overlap
CapnoBase,0128,early_fusion_identity_rawppg_kopt_fs64_speedaug_rrbal_eventdecoder,0,1,6,300.0,360.0,13,13,13.0,13.0,0.0,0.9623021393140488,False,True,,1.0,0.0,0.0,12.81067556296914,12.65625,12.383767804353669,expert_labels,13,12,13,12.65625,1.0,0.0,0.34375,-1.0,13,0,0,0,3250.0,0.5080728499273832,True,12.552083333333334,0.4479166666666661,12.65625,0.34375,1,w10s_nonoverlap,10 s / 0% overlap
CapnoBase,0128,early_fusion_identity_rawppg_kopt_fs64_speedaug_rrbal_eventdecoder,0,1,7,360.0,420.0,12,13,12.0,13.0,1.0,0.9530127150778748,False,True,,1.0,0.0,0.0,12.65934065934066,12.65625,12.59016393442623,expert_labels,12,12,12,12.421875,0.0,0.0,0.421875,0.0,12,0,0,0,1796.875,0.2435696448143733,True,12.140625,0.140625,12.0,0.0,1,w10s_nonoverlap,10 s / 0% overlap
CapnoBase,0128,early_fusion_identity_rawppg_kopt_fs64_speedaug_rrbal_eventdecoder,0,1,8,420.0,480.0,14,14,14.0,14.0,0.0,0.9252411748139096,False,True,,0.9997395833333332,0.0,0.0,13.82825484764543,13.359375,13.535791757049893,expert_labels,14,14,14,13.359375,0.0,0.0,0.640625,0.0,14,0,0,0,2734.375,0.369865016199604,True,13.786458333333334,0.213541666666666,14.0,0.0,1,w10s_nonoverlap,10 s / 0% overlap
CapnoBase,0133,early_fusion_identity_rawppg_kopt_fs64_speedaug_rrbal_eventdecoder,0,1,1,0.0,60.0,11,13,11.0,13.0,2.0,0.8693754319466293,False,True,,1.0,0.0,0.0,10.830460670636164,11.015625,10.77642656688494,expert_labels,10,11,11,10.78125,1.0,1.0,0.78125,1.0,10,0,1,1,2796.875,0.1262953713852306,True,10.927083333333334,0.927083333333334,11.0,1.0,1,w10s_nonoverlap,10 s / 0% overlap
CapnoBase,0133,early_fusion_identity_rawppg_kopt_fs64_speedaug_rrbal_eventdecoder,0,1,2,60.0,120.0,10,15,10.0,15.0,5.0,0.8619432248100705,True,True,,1.0,0.0,0.0,10.899801305705363,9.609375,9.815393354160747,expert_labels,10,12,10,9.609375,2.0,0.0,0.390625,2.0,10,0,2,2,3578.125,1.2824245124795195,True,10.536458333333334,0.5364583333333339,10.0,0.0,1,w10s_nonoverlap,10 s / 0% overlap
CapnoBase,0133,early_fusion_identity_rawppg_kopt_fs64_speedaug_rrbal_eventdecoder,0,1,3,120.0,180.0,9,11,9.0,11.0,2.0,0.8256451011247362,False,True,,1.0,0.0,0.0,9.3531799729364,9.140625,9.357295156868718,expert_labels,9,11,9,9.375,2.0,0.0,0.375,2.0,9,0,2,2,2937.5,1.063112568514423,True,9.791666666666666,0.7916666666666661,9.375,0.375,1,w10s_nonoverlap,10 s / 0% overlap
CapnoBase,0133,early_fusion_identity_rawppg_kopt_fs64_speedaug_rrbal_eventdecoder,0,1,4,180.0,240.0,10,16,10.0,16.0,6.0,0.8447274800760638,True,True,,1.0,0.0,0.0,10.362818590704649,10.546875,10.248198558847076,expert_labels,11,10,13,10.546875,1.0,2.0,0.453125,-1.0,11,0,0,0,3609.375,1.5977533461734117,True,11.182291666666666,0.182291666666666,10.546875,0.453125,1,w10s_nonoverlap,10 s / 0% overlap
CapnoBase,0133,early_fusion_identity_rawppg_kopt_fs64_speedaug_rrbal_eventdecoder,0,1,5,240.0,300.0,11,15,11.0,15.0,4.0,0.8616547578195832,True,True,,1.0,0.0,0.0,10.681502086230877,10.3125,10.173682661171622,expert_labels,10,12,12,10.3125,2.0,2.0,0.3125,2.0,10,0,1,1,2609.375,0.9742785792574936,True,11.4375,1.4375,12.0,2.0,1,w10s_nonoverlap,10 s / 0% overlap
CapnoBase,0133,early_fusion_identity_rawppg_kopt_fs64_speedaug_rrbal_eventdecoder,0,1,6,300.0,360.0,9,16,9.0,16.0,7.0,0.7667995353887938,False,True,,1.0,0.0,0.0,9.602667407613223,9.375,9.602667407613223,expert_labels,10,13,11,9.375,3.0,1.0,0.625,3.0,10,0,3,3,1671.875,1.815729880791744,True,11.125,1.125,11.0,1.0,1,w10s_nonoverlap,10 s / 0% overlap
CapnoBase,0133,early_fusion_identity_rawppg_kopt_fs64_speedaug_rrbal_eventdecoder,0,1,7,360.0,420.0,10,17,10.0,17.0,7.0,0.7986382094525275,False,True,,1.0,0.0,0.0,10.40650406504065,10.078125,9.865125240847783,expert_labels,9,9,11,9.84375,0.0,2.0,0.84375,0.0,9,0,0,0,2578.125,1.0040607655084095,True,9.947916666666666,0.947916666666666,9.84375,0.84375,1,w10s_nonoverlap,10 s / 0% overlap
CapnoBase,0133,early_fusion_identity_rawppg_kopt_fs64_speedaug_rrbal_eventdecoder,0,1,8,420.0,480.0,10,13,10.0,13.0,3.0,0.8422388501125537,True,True,,0.9955729166666668,0.0,0.0,10.507753116448768,9.84375,9.953917050691244,expert_labels,10,11,12,9.84375,1.0,2.0,0.15625,1.0,10,0,1,1,1312.5,1.0790681261316792,True,10.947916666666666,0.947916666666666,11.0,1.0,1,w10s_nonoverlap,10 s / 0% overlap
CapnoBase,0134,early_fusion_identity_rawppg_kopt_fs64_speedaug_rrbal_eventdecoder,0,1,1,0.0,60.0,14,14,14.0,14.0,0.0,0.9769108603423378,False,True,,1.0,0.0,0.0,14.00280504908836,14.0625,14.006734006734009,expert_labels,14,14,14,14.0625,0.0,0.0,0.0625,0.0,14,0,0,0,1640.625,0.0360843918243516,True,14.020833333333334,0.0208333333333339,14.0,0.0,1,w10s_nonoverlap,10 s / 0% overlap
CapnoBase,0134,early_fusion_identity_rawppg_kopt_fs64_speedaug_rrbal_eventdecoder,0,1,2,60.0,120.0,14,14,14.0,14.0,0.0,0.9762537816335,False,True,,1.0,0.0,0.0,14.00280504908836,14.0625,14.006734006734009,expert_labels,14,14,14,14.0625,0.0,0.0,0.0625,0.0,14,0,0,0,2765.625,0.0360843918243516,True,14.020833333333334,0.0208333333333339,14.0,0.0,1,w10s_nonoverlap,10 s / 0% overlap
CapnoBase,0134,early_fusion_identity_rawppg_kopt_fs64_speedaug_rrbal_eventdecoder,0,1,3,120.0,180.0,14,14,14.0,14.0,0.0,0.981101061428476,False,True,,1.0,0.0,0.0,14.00280504908836,14.0625,14.01066516980073,expert_labels,14,14,14,14.0625,0.0,0.0,0.0625,0.0,14,0,0,0,1468.75,0.0360843918243516,True,14.020833333333334,0.0208333333333339,14.0,0.0,1,w10s_nonoverlap,10 s / 0% overlap
CapnoBase,0134,early_fusion_identity_rawppg_kopt_fs64_speedaug_rrbal_eventdecoder,0,1,4,180.0,240.0,14,14,14.0,14.0,0.0,0.9812018591246324,False,True,,1.0,0.0,0.0,14.006734006734009,14.0625,14.00280504908836,expert_labels,14,14,14,14.0625,0.0,0.0,0.0625,0.0,14,0,0,0,1812.5,0.0360843918243516,True,14.020833333333334,0.0208333333333339,14.0,0.0,1,w10s_nonoverlap,10 s / 0% overlap
CapnoBase,0134,early_fusion_identity_rawppg_kopt_fs64_speedaug_rrbal_eventdecoder,0,1,5,240.0,300.0,14,14,14.0,14.0,0.0,0.9709157746024912,False,True,,1.0,0.0,0.0,14.006734006734009,14.0625,14.01066516980073,expert_labels,14,14,14,14.0625,0.0,0.0,0.0625,0.0,14,0,0,0,2515.625,0.0360843918243516,True,14.020833333333334,0.0208333333333339,14.0,0.0,1,w10s_nonoverlap,10 s / 0% overlap
CapnoBase,0134,early_fusion_identity_rawppg_kopt_fs64_speedaug_rrbal_eventdecoder,0,1,6,300.0,360.0,14,14,14.0,14.0,0.0,0.9749192975750676,False,True,,1.0,0.0,0.0,13.998878295008412,14.0625,14.01066516980073,expert_labels,14,14,14,14.0625,0.0,0.0,0.0625,0.0,14,0,0,0,1593.75,0.0360843918243516,True,14.020833333333334,0.0208333333333339,14.0,0.0,1,w10s_nonoverlap,10 s / 0% overlap
CapnoBase,0134,early_fusion_identity_rawppg_kopt_fs64_speedaug_rrbal_eventdecoder,0,1,7,360.0,420.0,14,14,14.0,14.0,0.0,0.978889881383704,False,True,,1.0,0.0,0.0,13.979277513301597,14.0625,14.006734006734009,expert_labels,14,14,14,14.0625,0.0,0.0,0.0625,0.0,14,0,0,0,2125.0,0.0360843918243516,True,14.020833333333334,0.0208333333333339,14.0,0.0,1,w10s_nonoverlap,10 s / 0% overlap
CapnoBase,0134,early_fusion_identity_rawppg_kopt_fs64_speedaug_rrbal_eventdecoder,0,1,8,420.0,480.0,14,14,14.0,14.0,0.0,0.9615180074841696,False,True,,0.9690104166666668,0.0,0.0,14.014598540145986,14.0625,14.006734006734009,expert_labels,14,14,14,14.0625,0.0,0.0,0.0625,0.0,14,0,0,0,2156.25,0.0360843918243516,True,14.020833333333334,0.0208333333333339,14.0,0.0,1,w10s_nonoverlap,10 s / 0% overlap
CapnoBase,0142,early_fusion_identity_rawppg_kopt_fs64_speedaug_rrbal_eventdecoder,0,1,1,0.0,60.0,15,20,15.0,20.0,5.0,0.5536081772729299,False,True,,1.0,0.0,0.0,15.323224261771747,15.0,15.012566322256353,expert_labels,15,20,19,14.765625,5.0,4.0,0.234375,5.0,13,2,7,9,5984.375,2.778747118194637,True,17.921875,2.921875,19.0,4.0,1,w10s_nonoverlap,10 s / 0% overlap
CapnoBase,0142,early_fusion_identity_rawppg_kopt_fs64_speedaug_rrbal_eventdecoder,0,1,2,60.0,120.0,15,15,15.0,15.0,0.0,0.5698777241623115,False,True,,1.0,0.0,0.0,15.298804780876496,15.0,15.008375209380237,expert_labels,15,16,16,15.46875,1.0,1.0,0.46875,1.0,11,4,5,9,5359.375,0.3067173305069887,True,15.822916666666666,0.8229166666666661,16.0,1.0,1,w10s_nonoverlap,10 s / 0% overlap
CapnoBase,0142,early_fusion_identity_rawppg_kopt_fs64_speedaug_rrbal_eventdecoder,0,1,3,120.0,180.0,15,18,15.0,18.0,3.0,0.8024530823522682,True,True,,1.0,0.0,0.0,15.319148936170214,15.0,15.004186435947531,expert_labels,15,16,17,15.0,1.0,2.0,0.0,1.0,15,0,1,1,5406.25,1.0,True,16.0,1.0,16.0,1.0,1,w10s_nonoverlap,10 s / 0% overlap
CapnoBase,0142,early_fusion_identity_rawppg_kopt_fs64_speedaug_rrbal_eventdecoder,0,1,4,180.0,240.0,15,17,15.0,17.0,2.0,0.8640250799866592,False,True,,1.0,0.0,0.0,15.327301756253329,15.0,15.012566322256353,expert_labels,15,15,16,15.0,0.0,1.0,0.0,0.0,14,1,1,2,6734.375,0.5773502691896257,True,15.333333333333334,0.3333333333333339,15.0,0.0,1,w10s_nonoverlap,10 s / 0% overlap
CapnoBase,0142,early_fusion_identity_rawppg_kopt_fs64_speedaug_rrbal_eventdecoder,0,1,5,240.0,300.0,15,17,15.0,17.0,2.0,0.8957351854613369,False,True,,1.0,0.0,0.0,15.33138142134682,15.0,15.008375209380237,expert_labels,15,15,17,15.234375,0.0,2.0,0.234375,0.0,14,1,1,2,5171.875,1.093340697224947,True,15.744791666666666,0.7447916666666661,15.234375,0.234375,1,w10s_nonoverlap,10 s / 0% overlap
CapnoBase,0142,early_fusion_identity_rawppg_kopt_fs64_speedaug_rrbal_eventdecoder,0,1,6,300.0,360.0,15,18,15.0,18.0,3.0,0.7361362406581156,False,True,,1.0,0.0,0.0138020833333333,15.33138142134682,15.0,15.004186435947531,expert_labels,15,18,18,14.765625,3.0,3.0,0.234375,3.0,15,0,3,3,4968.75,1.867367276910196,True,16.921875,1.921875,18.0,3.0,1,w10s_nonoverlap,10 s / 0% overlap
CapnoBase,0142,early_fusion_identity_rawppg_kopt_fs64_speedaug_rrbal_eventdecoder,0,1,7,360.0,420.0,15,15,15.0,15.0,0.0,0.9172471403167192,False,True,,1.0,0.0,0.0,15.323224261771747,15.0,15.008375209380237,expert_labels,15,16,15,15.0,1.0,0.0,0.0,1.0,15,0,1,1,4968.75,0.5773502691896257,True,15.333333333333334,0.3333333333333339,15.0,0.0,1,w10s_nonoverlap,10 s / 0% overlap
CapnoBase,0142,early_fusion_identity_rawppg_kopt_fs64_speedaug_rrbal_eventdecoder,0,1,8,420.0,480.0,14,16,14.0,16.0,2.0,0.7113752536486417,False,True,,0.965625,0.0,0.0,14.958263772954924,15.0,15.009019843656043,expert_labels,14,16,16,15.234375,2.0,2.0,1.234375,2.0,13,1,3,4,6765.625,0.4420337998483072,True,15.744791666666666,1.744791666666666,16.0,2.0,1,w10s_nonoverlap,10 s / 0% overlap
CapnoBase,0147,early_fusion_identity_rawppg_kopt_fs64_speedaug_rrbal_eventdecoder,0,1,1,0.0,60.0,11,12,11.0,12.0,1.0,0.8837892342017535,False,True,,1.0,0.0,0.0,10.714285714285715,11.015625,11.002865329512892,expert_labels,11,12,11,11.015625,1.0,0.0,0.015625,1.0,11,0,1,1,6093.75,0.5728929919350849,True,11.338541666666666,0.3385416666666661,11.015625,0.015625,1,w10s_nonoverlap,10 s / 0% overlap
CapnoBase,0147,early_fusion_identity_rawppg_kopt_fs64_speedaug_rrbal_eventdecoder,0,1,2,60.0,120.0,11,11,11.0,11.0,0.0,0.9453648759933828,False,False,ref_artifact_label,0.978125,0.021875,0.0,10.993415402233037,11.015625,11.002865329512892,expert_labels,11,11,11,11.015625,0.0,0.0,0.015625,0.0,11,0,0,0,3703.125,0.0090210979560879,True,11.005208333333334,0.0052083333333339,11.0,0.0,1,w10s_nonoverlap,10 s / 0% overlap
CapnoBase,0147,early_fusion_identity_rawppg_kopt_fs64_speedaug_rrbal_eventdecoder,0,1,3,120.0,180.0,11,11,11.0,11.0,0.0,0.8697513244259738,False,False,ref_artifact_label,0.9604166666666668,0.0395833333333333,0.0,11.009174311926603,11.015625,11.002865329512892,expert_labels,11,11,11,11.015625,0.0,0.0,0.015625,0.0,11,0,0,0,7000.0,0.0090210979560879,True,11.005208333333334,0.0052083333333339,11.0,0.0,1,w10s_nonoverlap,10 s / 0% overlap
CapnoBase,0147,early_fusion_identity_rawppg_kopt_fs64_speedaug_rrbal_eventdecoder,0,1,4,180.0,240.0,11,11,11.0,11.0,0.0,0.9246692728221556,False,True,,1.0,0.0,0.0,11.009174311926603,11.015625,11.002865329512892,expert_labels,11,11,11,11.015625,0.0,0.0,0.015625,0.0,11,0,0,0,3250.0,0.0090210979560879,True,11.005208333333334,0.0052083333333339,11.0,0.0,1,w10s_nonoverlap,10 s / 0% overlap
CapnoBase,0147,early_fusion_identity_rawppg_kopt_fs64_speedaug_rrbal_eventdecoder,0,2,1,250.0,310.0,11,18,11.0,18.0,7.0,0.7322575645207213,False,False,ref_artifact_label,0.9854166666666668,0.0145833333333333,0.0627604166666666,11.270010672358593,11.015625,11.009174311926603,expert_labels,11,12,14,10.78125,1.0,3.0,0.21875,1.0,9,2,3,5,3718.75,1.6251001571698076,True,12.260416666666666,1.260416666666666,12.0,1.0,1,w10s_nonoverlap,10 s / 0% overlap
CapnoBase,0147,early_fusion_identity_rawppg_kopt_fs64_speedaug_rrbal_eventdecoder,0,2,2,310.0,370.0,11,12,11.0,12.0,1.0,0.892771384666249,False,False,ref_artifact_label,0.9651041666666668,0.0348958333333333,0.0,11.270010672358593,11.015625,11.006018916595014,expert_labels,11,11,11,11.015625,0.0,0.0,0.015625,0.0,10,1,1,2,2968.75,0.0090210979560879,True,11.005208333333334,0.0052083333333339,11.0,0.0,1,w10s_nonoverlap,10 s / 0% overlap
CapnoBase,0147,early_fusion_identity_rawppg_kopt_fs64_speedaug_rrbal_eventdecoder,0,2,3,370.0,430.0,11,12,11.0,12.0,1.0,0.903352493806978,False,False,ref_artifact_label,0.9286458333333332,0.0713541666666666,0.0,11.270010672358593,11.015625,10.999713549126325,expert_labels,11,11,11,11.015625,0.0,0.0,0.015625,0.0,11,0,0,0,5437.5,0.0090210979560879,True,11.005208333333334,0.0052083333333339,11.0,0.0,1,w10s_nonoverlap,10 s / 0% overlap
CapnoBase,0148,early_fusion_identity_rawppg_kopt_fs64_speedaug_rrbal_eventdecoder,0,1,1,0.0,60.0,10,14,10.0,14.0,4.0,0.5930018864406716,False,True,,0.9536458333333332,0.0,0.0,10.055280768111723,10.078125,10.005790387955994,expert_labels,10,13,12,10.078125,3.0,2.0,0.078125,3.0,9,1,5,6,5921.875,1.4849779477178553,True,11.692708333333334,1.692708333333334,12.0,2.0,1,w10s_nonoverlap,10 s / 0% overlap
CapnoBase,0148,early_fusion_identity_rawppg_kopt_fs64_speedaug_rrbal_eventdecoder,0,1,2,60.0,120.0,10,18,10.0,18.0,8.0,0.4168775162861119,False,True,,1.0,0.0,0.0,10.005790387955994,10.078125,10.005790387955994,expert_labels,10,17,14,6.5625,7.0,4.0,3.4375,7.0,7,3,9,12,4796.875,5.373667470483574,False,,,14.0,4.0,1,w10s_nonoverlap,10 s / 0% overlap
CapnoBase,0148,early_fusion_identity_rawppg_kopt_fs64_speedaug_rrbal_eventdecoder,0,1,3,120.0,180.0,10,14,10.0,14.0,4.0,0.7304447231090536,False,True,,1.0,0.0,0.0,10.002894356005788,10.078125,10.002894356005788,expert_labels,10,10,10,4.6875,0.0,0.0,5.3125,0.0,9,1,1,2,6953.125,3.0671733050698866,True,8.229166666666666,1.770833333333334,10.0,0.0,1,w10s_nonoverlap,10 s / 0% overlap
CapnoBase,0148,early_fusion_identity_rawppg_kopt_fs64_speedaug_rrbal_eventdecoder,0,1,4,180.0,240.0,10,11,10.0,11.0,1.0,0.8490280750818984,False,True,,1.0,0.0,0.0,10.005790387955994,10.078125,10.0,expert_labels,10,10,10,9.84375,0.0,0.0,0.15625,0.0,9,1,2,3,5437.5,0.090210979560879,True,9.947916666666666,0.0520833333333339,10.0,0.0,1,w10s_nonoverlap,10 s / 0% overlap
CapnoBase,0148,early_fusion_identity_rawppg_kopt_fs64_speedaug_rrbal_eventdecoder,0,1,5,240.0,300.0,10,15,10.0,15.0,5.0,0.5443631457932997,False,True,,1.0,0.0,0.0,10.005790387955994,10.078125,10.0,expert_labels,10,10,10,9.84375,0.0,0.0,0.15625,0.0,7,3,3,6,4234.375,0.090210979560879,True,9.947916666666666,0.0520833333333339,10.0,0.0,1,w10s_nonoverlap,10 s / 0% overlap
CapnoBase,0148,early_fusion_identity_rawppg_kopt_fs64_speedaug_rrbal_eventdecoder,0,1,6,300.0,360.0,10,13,10.0,13.0,3.0,0.4828733840365848,False,True,,1.0,0.0,0.0,10.005790387955994,10.078125,10.002894356005788,expert_labels,10,11,11,6.5625,1.0,1.0,3.4375,1.0,8,2,2,4,7406.25,2.561991819528964,True,9.520833333333334,0.4791666666666661,11.0,1.0,1,w10s_nonoverlap,10 s / 0% overlap
CapnoBase,0148,early_fusion_identity_rawppg_kopt_fs64_speedaug_rrbal_eventdecoder,0,1,7,360.0,420.0,10,13,10.0,13.0,3.0,0.5941227445786148,False,True,,1.0,0.0,0.0,10.002894356005788,10.078125,10.00868809730669,expert_labels,10,11,13,9.609375,1.0,3.0,0.390625,1.0,8,2,4,6,6640.625,1.7044146493371266,True,11.203125,1.203125,11.0,1.0,1,w10s_nonoverlap,10 s / 0% overlap
CapnoBase,0148,early_fusion_identity_rawppg_kopt_fs64_speedaug_rrbal_eventdecoder,0,1,8,420.0,480.0,10,13,10.0,13.0,3.0,0.6257468454809254,False,True,,1.0,0.0,0.0,10.00868809730669,10.078125,10.00868809730669,expert_labels,10,11,10,9.84375,1.0,0.0,0.15625,1.0,6,4,4,8,3968.75,0.6273393718713979,True,10.28125,0.28125,10.0,0.0,1,w10s_nonoverlap,10 s / 0% overlap
CapnoBase,0149,early_fusion_identity_rawppg_kopt_fs64_speedaug_rrbal_eventdecoder,0,1,1,0.0,60.0,9,17,9.0,17.0,8.0,0.6456572493843746,False,True,,1.0,0.0,0.0,9.768230638778972,10.078125,10.0,expert_labels,10,11,10,10.078125,1.0,0.0,0.078125,1.0,9,1,2,3,1500.0,0.5561709915799277,True,10.359375,0.359375,10.078125,0.078125,1,w10s_nonoverlap,10 s / 0% overlap
CapnoBase,0149,early_fusion_identity_rawppg_kopt_fs64_speedaug_rrbal_eventdecoder,0,1,2,60.0,120.0,10,17,10.0,17.0,7.0,0.6750206153610392,False,True,,1.0,0.0,0.0,9.9851411589896,10.078125,10.0,expert_labels,10,13,13,10.078125,3.0,3.0,0.078125,3.0,10,0,3,3,2953.125,1.686945317788438,True,12.026041666666666,2.026041666666666,13.0,3.0,1,w10s_nonoverlap,10 s / 0% overlap
CapnoBase,0149,early_fusion_identity_rawppg_kopt_fs64_speedaug_rrbal_eventdecoder,0,1,3,120.0,180.0,10,14,10.0,14.0,4.0,0.8304430968528091,True,True,,1.0,0.0,0.0,9.656328583403186,10.078125,10.002894356005788,expert_labels,10,10,10,10.078125,0.0,0.0,0.078125,0.0,10,0,0,0,2203.125,0.0451054897804395,True,10.026041666666666,0.026041666666666,10.0,0.0,1,w10s_nonoverlap,10 s / 0% overlap
CapnoBase,0149,early_fusion_identity_rawppg_kopt_fs64_speedaug_rrbal_eventdecoder,0,1,4,180.0,240.0,10,18,10.0,18.0,8.0,0.7488521052277017,False,True,,1.0,0.0,0.0,10.002894356005788,10.078125,10.005790387955994,expert_labels,10,11,12,10.078125,1.0,2.0,0.078125,1.0,10,0,1,1,3140.625,0.961202114650365,True,11.026041666666666,1.026041666666666,11.0,1.0,1,w10s_nonoverlap,10 s / 0% overlap
CapnoBase,0149,early_fusion_identity_rawppg_kopt_fs64_speedaug_rrbal_eventdecoder,0,1,5,240.0,300.0,10,16,10.0,16.0,6.0,0.7405462808567633,False,True,,1.0,0.0,0.0,10.005790387955994,10.078125,10.005790387955994,expert_labels,10,12,12,10.078125,2.0,2.0,0.078125,2.0,9,1,3,4,1078.125,1.109595048598812,True,11.359375,1.359375,12.0,2.0,1,w10s_nonoverlap,10 s / 0% overlap
CapnoBase,0149,early_fusion_identity_rawppg_kopt_fs64_speedaug_rrbal_eventdecoder,0,1,6,300.0,360.0,10,17,10.0,17.0,7.0,0.6626922558480862,False,True,,1.0,0.0,0.0,10.002894356005788,10.078125,10.002894356005788,expert_labels,10,12,11,10.078125,2.0,1.0,0.078125,2.0,10,0,2,2,2468.75,0.961202114650365,True,11.026041666666666,1.026041666666666,11.0,1.0,1,w10s_nonoverlap,10 s / 0% overlap
CapnoBase,0149,early_fusion_identity_rawppg_kopt_fs64_speedaug_rrbal_eventdecoder,0,1,7,360.0,420.0,10,18,10.0,18.0,8.0,0.5535580342772837,False,True,,1.0,0.0,0.01875,10.336473755047106,10.078125,10.0,expert_labels,10,13,13,10.078125,3.0,3.0,0.078125,3.0,9,1,4,5,3078.125,1.686945317788438,True,12.026041666666666,2.026041666666666,13.0,3.0,1,w10s_nonoverlap,10 s / 0% overlap
CapnoBase,0149,early_fusion_identity_rawppg_kopt_fs64_speedaug_rrbal_eventdecoder,0,1,8,420.0,480.0,10,16,10.0,16.0,6.0,0.4953219262307552,False,True,,0.99765625,0.0,0.0,10.00868809730669,10.078125,10.005790387955994,expert_labels,10,14,12,9.84375,4.0,2.0,0.15625,4.0,9,1,5,6,2578.125,2.07861444737434,True,11.947916666666666,1.947916666666666,12.0,2.0,1,w10s_nonoverlap,10 s / 0% overlap
CapnoBase,0150,early_fusion_identity_rawppg_kopt_fs64_speedaug_rrbal_eventdecoder,0,1,1,0.0,60.0,11,11,11.0,11.0,0.0,0.9316746607401676,False,True,,1.0,0.0,0.0,10.741258741258742,11.015625,11.002865329512892,expert_labels,11,12,11,11.015625,1.0,0.0,0.015625,1.0,11,0,1,1,8703.125,0.5728929919350849,True,11.338541666666666,0.3385416666666661,11.015625,0.015625,1,w10s_nonoverlap,10 s / 0% overlap
CapnoBase,0150,early_fusion_identity_rawppg_kopt_fs64_speedaug_rrbal_eventdecoder,0,1,2,60.0,120.0,11,11,11.0,11.0,0.0,0.9667611731024612,False,True,,1.0,0.0,0.0,11.006018916595014,11.015625,11.002865329512892,expert_labels,11,11,11,11.015625,0.0,0.0,0.015625,0.0,11,0,0,0,7562.5,0.0090210979560879,True,11.005208333333334,0.0052083333333339,11.0,0.0,1,w10s_nonoverlap,10 s / 0% overlap
CapnoBase,0150,early_fusion_identity_rawppg_kopt_fs64_speedaug_rrbal_eventdecoder,0,1,3,120.0,180.0,11,11,11.0,11.0,0.0,0.9680664689119136,False,True,,1.0,0.0,0.0,11.006018916595014,11.015625,10.999713549126325,expert_labels,11,13,12,11.015625,2.0,1.0,0.015625,2.0,10,1,2,3,5765.625,0.9921977525717004,True,12.005208333333334,1.005208333333334,12.0,1.0,1,w10s_nonoverlap,10 s / 0% overlap
CapnoBase,0150,early_fusion_identity_rawppg_kopt_fs64_speedaug_rrbal_eventdecoder,0,1,4,180.0,240.0,11,12,11.0,12.0,1.0,0.955607419273101,False,True,,1.0,0.0,0.0,11.002865329512892,11.015625,11.002865329512892,expert_labels,11,11,10,11.015625,0.0,1.0,0.015625,0.0,10,1,1,2,6546.875,0.5819132640480023,True,10.671875,0.328125,11.0,0.0,1,w10s_nonoverlap,10 s / 0% overlap
CapnoBase,0150,early_fusion_identity_rawppg_kopt_fs64_speedaug_rrbal_eventdecoder,0,1,5,240.0,300.0,11,12,11.0,12.0,1.0,0.9455032538180754,False,True,,1.0,0.0,0.0080729166666666,11.002865329512892,11.015625,11.002865329512892,expert_labels,11,12,11,11.015625,1.0,0.0,0.015625,1.0,11,0,2,2,8296.875,0.5728929919350849,True,11.338541666666666,0.3385416666666661,11.015625,0.015625,1,w10s_nonoverlap,10 s / 0% overlap
CapnoBase,0150,early_fusion_identity_rawppg_kopt_fs64_speedaug_rrbal_eventdecoder,0,2,1,320.0,380.0,11,13,11.0,13.0,2.0,0.9204246978769542,False,True,,1.0,0.0,0.0294270833333333,10.999713549126325,11.015625,11.009174311926603,expert_labels,11,11,11,11.015625,0.0,0.0,0.015625,0.0,9,2,2,4,5968.75,0.0090210979560879,True,11.005208333333334,0.0052083333333339,11.0,0.0,1,w10s_nonoverlap,10 s / 0% overlap
CapnoBase,0150,early_fusion_identity_rawppg_kopt_fs64_speedaug_rrbal_eventdecoder,0,2,2,380.0,440.0,11,11,11.0,11.0,0.0,0.9788620275881704,False,True,,1.0,0.0,0.0,10.999713549126325,11.015625,11.006018916595014,expert_labels,11,11,11,11.015625,0.0,0.0,0.015625,0.0,11,0,0,0,6750.0,0.0090210979560879,True,11.005208333333334,0.0052083333333339,11.0,0.0,1,w10s_nonoverlap,10 s / 0% overlap
CapnoBase,0309,early_fusion_identity_rawppg_kopt_fs64_speedaug_rrbal_eventdecoder,0,1,1,10.0,70.0,9,18,9.0,18.0,9.0,0.6084076984334992,False,False,ref_artifact_label,0.9513020833333332,0.0388020833333333,0.0,8.982456140350877,8.90625,8.980955562980288,expert_labels,8,17,13,8.90625,9.0,5.0,0.90625,9.0,8,0,9,9,2156.25,4.046965491266265,False,,,13.0,5.0,1,w10s_nonoverlap,10 s / 0% overlap
CapnoBase,0309,early_fusion_identity_rawppg_kopt_fs64_speedaug_rrbal_eventdecoder,0,2,1,90.0,150.0,9,17,9.0,17.0,8.0,0.5586864052994558,False,False,ref_artifact_label,0.896875,0.103125,0.0,8.982456140350877,8.90625,8.9877121123464,expert_labels,9,15,15,18.046875,6.0,6.0,9.046875,6.0,8,1,7,8,1218.75,1.759114101437141,True,16.015625,7.015625,15.0,6.0,1,w10s_nonoverlap,10 s / 0% overlap
CapnoBase,0309,early_fusion_identity_rawppg_kopt_fs64_speedaug_rrbal_eventdecoder,0,2,2,150.0,210.0,9,17,9.0,17.0,8.0,0.7769525607793125,False,False,ref_artifact_label,0.8427083333333333,0.1572916666666666,0.0,8.982456140350877,8.90625,8.982456140350877,expert_labels,9,11,12,8.90625,2.0,3.0,0.09375,2.0,9,0,1,1,4015.625,1.5787694641186003,True,10.635416666666666,1.635416666666666,11.0,2.0,1,w10s_nonoverlap,10 s / 0% overlap
CapnoBase,0309,early_fusion_identity_rawppg_kopt_fs64_speedaug_rrbal_eventdecoder,0,2,3,210.0,270.0,9,16,9.0,16.0,7.0,0.7134688035935179,False,False,ref_artifact_label,0.9276041666666668,0.0723958333333333,0.0,8.977206312098188,8.90625,8.982456140350877,expert_labels,9,17,13,8.90625,8.0,4.0,0.09375,8.0,9,0,9,9,3265.625,4.046965491266265,False,,,13.0,4.0,1,w10s_nonoverlap,10 s / 0% overlap
CapnoBase,0309,early_fusion_identity_rawppg_kopt_fs64_speedaug_rrbal_eventdecoder,0,2,4,270.0,330.0,9,18,9.0,18.0,9.0,0.449596719350246,False,True,,1.0,0.0,0.0,8.977206312098188,8.90625,8.979830458930138,expert_labels,9,18,15,18.046875,9.0,6.0,9.046875,9.0,9,0,9,9,3140.625,1.7457397921440068,True,17.015625,8.015625,18.0,9.0,1,w10s_nonoverlap,10 s / 0% overlap
CapnoBase,0309,early_fusion_identity_rawppg_kopt_fs64_speedaug_rrbal_eventdecoder,0,2,5,330.0,390.0,9,17,9.0,17.0,8.0,0.602557814422768,False,False,ref_artifact_label,0.9778645833333334,0.0221354166666666,0.0622395833333333,8.982456140350877,8.90625,8.9877121123464,expert_labels,9,11,9,9.140625,2.0,0.0,0.140625,2.0,9,0,2,2,4703.125,1.1163221444584592,True,9.713541666666666,0.7135416666666661,9.140625,0.140625,1,w10s_nonoverlap,10 s / 0% overlap
CapnoBase,0309,early_fusion_identity_rawppg_kopt_fs64_speedaug_rrbal_eventdecoder,0,2,6,390.0,450.0,9,18,9.0,18.0,9.0,0.6000108818907282,False,True,,1.0,0.0,0.0,8.974583698510079,8.90625,8.97196261682243,expert_labels,9,18,16,18.046875,9.0,7.0,9.046875,9.0,9,0,9,9,1984.375,1.1684672674954717,True,17.348958333333332,8.348958333333332,18.0,9.0,1,w10s_nonoverlap,10 s / 0% overlap
CapnoBase,0311,early_fusion_identity_rawppg_kopt_fs64_speedaug_rrbal_eventdecoder,0,1,1,0.0,60.0,12,12,12.0,12.0,0.0,0.9088154688377796,False,True,,1.0,0.0,0.0,11.959229898074746,11.953125,11.972789115646258,expert_labels,12,12,12,11.953125,0.0,0.0,0.046875,0.0,12,0,0,0,6625.0,0.0270632938682637,True,11.984375,0.015625,12.0,0.0,1,w10s_nonoverlap,10 s / 0% overlap
CapnoBase,0311,early_fusion_identity_rawppg_kopt_fs64_speedaug_rrbal_eventdecoder,0,1,2,60.0,120.0,12,12,12.0,12.0,0.0,0.9207151032710796,False,True,,1.0,0.0,0.0,11.97618372554579,11.953125,11.97618372554579,expert_labels,12,12,12,11.953125,0.0,0.0,0.046875,0.0,12,0,0,0,6000.0,0.0270632938682637,True,11.984375,0.015625,12.0,0.0,1,w10s_nonoverlap,10 s / 0% overlap
CapnoBase,0311,early_fusion_identity_rawppg_kopt_fs64_speedaug_rrbal_eventdecoder,0,1,3,120.0,180.0,12,13,12.0,13.0,1.0,0.92408682138234,False,True,,1.0,0.0,0.0,11.97618372554579,11.953125,11.97618372554579,expert_labels,12,12,13,11.953125,0.0,1.0,0.046875,0.0,12,0,0,0,5406.25,0.5913465610015275,True,12.317708333333334,0.3177083333333339,12.0,0.0,1,w10s_nonoverlap,10 s / 0% overlap
CapnoBase,0311,early_fusion_identity_rawppg_kopt_fs64_speedaug_rrbal_eventdecoder,0,1,4,180.0,240.0,12,12,12.0,12.0,0.0,0.9267139885233648,False,True,,1.0,0.0,0.0,11.97618372554579,11.953125,11.97618372554579,expert_labels,12,12,12,11.953125,0.0,0.0,0.046875,0.0,12,0,0,0,5546.875,0.0270632938682637,True,11.984375,0.015625,12.0,0.0,1,w10s_nonoverlap,10 s / 0% overlap
CapnoBase,0311,early_fusion_identity_rawppg_kopt_fs64_speedaug_rrbal_eventdecoder,0,1,5,240.0,300.0,11,15,11.0,15.0,4.0,0.9100644975380108,True,True,,1.0,0.0,0.0,11.969396429583451,11.953125,11.96600566572238,expert_labels,12,12,13,11.953125,0.0,1.0,0.046875,0.0,12,0,0,0,5640.625,0.5913465610015275,True,12.317708333333334,0.3177083333333339,12.0,0.0,1,w10s_nonoverlap,10 s / 0% overlap
CapnoBase,0311,early_fusion_identity_rawppg_kopt_fs64_speedaug_rrbal_eventdecoder,0,1,6,300.0,360.0,11,16,11.0,16.0,5.0,0.89026960932697,True,True,,1.0,0.0,0.0,11.97618372554579,11.953125,11.972789115646258,expert_labels,12,13,14,11.953125,1.0,2.0,0.046875,1.0,12,0,1,1,5796.875,1.023526952197645,True,12.984375,0.984375,13.0,1.0,1,w10s_nonoverlap,10 s / 0% overlap
CapnoBase,0311,early_fusion_identity_rawppg_kopt_fs64_speedaug_rrbal_eventdecoder,0,1,7,360.0,420.0,11,13,11.0,13.0,2.0,0.90843317098126,False,True,,1.0,0.0,0.0,11.979580260918889,11.953125,11.972789115646258,expert_labels,12,11,12,11.953125,1.0,0.0,0.046875,-1.0,10,2,1,3,6703.125,0.5643055512825772,True,11.651041666666666,0.3489583333333339,11.953125,0.046875,1,w10s_nonoverlap,10 s / 0% overlap
CapnoBase,0311,early_fusion_identity_rawppg_kopt_fs64_speedaug_rrbal_eventdecoder,0,1,8,420.0,480.0,11,14,11.0,14.0,3.0,0.8875733241721401,True,True,,0.95078125,0.0,0.0,12.229299363057326,11.953125,11.977542108546476,expert_labels,11,14,12,11.953125,3.0,1.0,0.953125,3.0,11,0,3,3,5593.75,1.1684672674954713,True,12.651041666666666,1.651041666666666,12.0,1.0,1,w10s_nonoverlap,10 s / 0% overlap
CapnoBase,0312,early_fusion_identity_rawppg_kopt_fs64_speedaug_rrbal_eventdecoder,0,1,1,0.0,60.0,7,15,7.0,15.0,8.0,0.4664500332415378,False,True,,0.9401041666666666,0.0,0.0,6.711331197203612,7.03125,6.991988346686088,expert_labels,6,14,13,7.265625,8.0,7.0,1.265625,8.0,6,0,8,8,7359.375,3.6339799871318776,True,11.421875,5.421875,13.0,7.0,1,w10s_nonoverlap,10 s / 0% overlap
CapnoBase,0312,early_fusion_identity_rawppg_kopt_fs64_speedaug_rrbal_eventdecoder,0,2,1,90.0,150.0,7,15,7.0,15.0,8.0,0.4649797779927399,False,True,,1.0,0.0,0.0,7.372462973121229,7.03125,6.9881710646041855,expert_labels,7,14,14,14.0625,7.0,7.0,7.0625,7.0,7,0,7,7,11171.875,0.0360843918243516,True,14.020833333333334,7.020833333333334,14.0,7.0,1,w10s_nonoverlap,10 s / 0% overlap
CapnoBase,0312,early_fusion_identity_rawppg_kopt_fs64_speedaug_rrbal_eventdecoder,0,2,2,150.0,210.0,8,15,8.0,15.0,7.0,0.2862701566378768,False,True,,1.0,0.0,0.0736979166666666,7.37448559670782,7.03125,6.992412746585736,expert_labels,7,13,12,13.828125,6.0,5.0,6.828125,6.0,7,0,6,6,9640.625,0.9154081085550496,True,12.942708333333334,5.942708333333334,13.0,6.0,1,w10s_nonoverlap,10 s / 0% overlap
CapnoBase,0312,early_fusion_identity_rawppg_kopt_fs64_speedaug_rrbal_eventdecoder,0,2,3,210.0,270.0,8,18,8.0,18.0,10.0,0.5522944158160049,False,True,,1.0,0.0,0.0354166666666666,7.370441458733206,7.03125,6.992412746585736,expert_labels,7,10,13,6.796875,3.0,6.0,0.203125,3.0,6,1,4,5,6296.875,3.102116737843425,True,9.932291666666666,2.932291666666666,10.0,3.0,1,w10s_nonoverlap,10 s / 0% overlap
CapnoBase,0312,early_fusion_identity_rawppg_kopt_fs64_speedaug_rrbal_eventdecoder,0,2,4,270.0,330.0,8,17,8.0,17.0,9.0,0.4532904791419561,False,True,,1.0,0.0,0.04140625,7.376509330406147,7.03125,6.992412746585736,expert_labels,7,14,11,7.03125,7.0,4.0,0.03125,7.0,7,0,7,7,6187.5,3.4955794256222146,True,10.677083333333334,3.677083333333334,11.0,4.0,1,w10s_nonoverlap,10 s / 0% overlap
CapnoBase,0312,early_fusion_identity_rawppg_kopt_fs64_speedaug_rrbal_eventdecoder,0,3,1,390.0,450.0,8,15,8.0,15.0,7.0,0.4354730354908058,False,True,,1.0,0.0,0.0216145833333333,7.219983883964544,7.03125,6.986052152819891,expert_labels,7,13,12,14.0625,6.0,5.0,7.0625,6.0,7,0,6,6,8312.5,1.0314078162072138,True,13.020833333333334,6.020833333333334,13.0,6.0,1,w10s_nonoverlap,10 s / 0% overlap
CapnoBase,0313,early_fusion_identity_rawppg_kopt_fs64_speedaug_rrbal_eventdecoder,0,1,1,0.0,60.0,10,13,10.0,13.0,3.0,0.941158529722474,True,True,,0.96171875,0.0,0.0,9.94246260069045,10.078125,9.98699609882965,expert_labels,9,11,10,10.078125,2.0,1.0,1.078125,2.0,9,0,1,1,3484.375,0.5561709915799277,True,10.359375,1.359375,10.078125,1.078125,1,w10s_nonoverlap,10 s / 0% overlap
CapnoBase,0313,early_fusion_identity_rawppg_kopt_fs64_speedaug_rrbal_eventdecoder,0,1,2,60.0,120.0,10,14,10.0,14.0,4.0,0.9297906685839216,True,True,,1.0,0.0,0.0,9.988439306358382,10.078125,9.9855533082924,expert_labels,10,10,11,10.078125,0.0,1.0,0.078125,0.0,10,0,0,0,5765.625,0.5561709915799277,True,10.359375,0.359375,10.078125,0.078125,1,w10s_nonoverlap,10 s / 0% overlap
CapnoBase,0313,early_fusion_identity_rawppg_kopt_fs64_speedaug_rrbal_eventdecoder,0,1,3,120.0,180.0,10,13,10.0,13.0,3.0,0.9498698428153718,True,True,,1.0,0.0,0.0,9.994216310005784,10.078125,9.991326973113615,expert_labels,10,10,10,10.078125,0.0,0.0,0.078125,0.0,10,0,0,0,4671.875,0.0451054897804395,True,10.026041666666666,0.026041666666666,10.0,0.0,1,w10s_nonoverlap,10 s / 0% overlap
CapnoBase,0313,early_fusion_identity_rawppg_kopt_fs64_speedaug_rrbal_eventdecoder,0,1,4,180.0,240.0,10,15,10.0,15.0,5.0,0.9404127488790478,True,True,,1.0,0.0,0.0,9.971148297749568,10.078125,9.988439306358382,expert_labels,10,10,10,10.078125,0.0,0.0,0.078125,0.0,10,0,0,0,4578.125,0.0451054897804395,True,10.026041666666666,0.026041666666666,10.0,0.0,1,w10s_nonoverlap,10 s / 0% overlap
CapnoBase,0313,early_fusion_identity_rawppg_kopt_fs64_speedaug_rrbal_eventdecoder,0,1,5,240.0,300.0,10,15,10.0,15.0,5.0,0.9448206078509602,True,True,,1.0,0.0,0.0,9.988439306358382,10.078125,9.9855533082924,expert_labels,10,10,10,10.078125,0.0,0.0,0.078125,0.0,10,0,0,0,5578.125,0.0451054897804395,True,10.026041666666666,0.026041666666666,10.0,0.0,1,w10s_nonoverlap,10 s / 0% overlap
CapnoBase,0313,early_fusion_identity_rawppg_kopt_fs64_speedaug_rrbal_eventdecoder,0,1,6,300.0,360.0,10,14,10.0,14.0,4.0,0.9390658465014684,True,True,,1.0,0.0,0.0,9.979786312445857,10.078125,9.9855533082924,expert_labels,10,10,11,10.078125,0.0,1.0,0.078125,0.0,10,0,0,0,4390.625,0.5561709915799277,True,10.359375,0.359375,10.078125,0.078125,1,w10s_nonoverlap,10 s / 0% overlap
CapnoBase,0313,early_fusion_identity_rawppg_kopt_fs64_speedaug_rrbal_eventdecoder,0,1,7,360.0,420.0,10,14,10.0,14.0,4.0,0.9429172565547954,True,True,,1.0,0.0,0.0,9.991326973113615,10.078125,9.988439306358382,expert_labels,10,10,11,10.078125,0.0,1.0,0.078125,0.0,10,0,0,0,4953.125,0.5561709915799277,True,10.359375,0.359375,10.078125,0.078125,1,w10s_nonoverlap,10 s / 0% overlap
CapnoBase,0313,early_fusion_identity_rawppg_kopt_fs64_speedaug_rrbal_eventdecoder,0,1,8,420.0,480.0,10,17,10.0,17.0,7.0,0.92655342141005,True,True,,1.0,0.0,0.0,10.011587485515644,10.078125,9.988439306358382,expert_labels,10,9,11,10.078125,1.0,1.0,0.078125,-1.0,10,0,0,0,5531.25,1.001016735728396,True,10.026041666666666,0.026041666666666,10.078125,0.078125,1,w10s_nonoverlap,10 s / 0% overlap
CapnoBase,0322,early_fusion_identity_rawppg_kopt_fs64_speedaug_rrbal_eventdecoder,0,1,1,0.0,60.0,17,18,17.0,18.0,1.0,0.9327698862561472,False,True,,0.9591145833333332,0.0,0.0,17.42484401588202,17.34375,17.459505541346974,expert_labels,17,17,17,17.34375,0.0,0.0,0.34375,0.0,17,0,0,0,2859.375,0.1984641550339338,True,17.114583333333332,0.1145833333333321,17.0,0.0,1,w10s_nonoverlap,10 s / 0% overlap
CapnoBase,0322,early_fusion_identity_rawppg_kopt_fs64_speedaug_rrbal_eventdecoder,0,1,2,60.0,120.0,17,17,17.0,17.0,0.0,0.97716028885975,False,True,,1.0,0.0,0.0,17.429787234042553,17.34375,17.410031170303203,expert_labels,17,17,17,17.34375,0.0,0.0,0.34375,0.0,17,0,0,0,2296.875,0.1984641550339338,True,17.114583333333332,0.1145833333333321,17.0,0.0,1,w10s_nonoverlap,10 s / 0% overlap
CapnoBase,0322,early_fusion_identity_rawppg_kopt_fs64_speedaug_rrbal_eventdecoder,0,1,3,120.0,180.0,18,18,18.0,18.0,0.0,0.9772463615496128,False,True,,1.0,0.0,0.0,18.1282976950847,18.046875,18.10846214304428,expert_labels,19,18,19,18.046875,1.0,0.0,0.953125,-1.0,19,0,0,0,2203.125,0.5643055512825772,True,18.34895833333333,0.6510416666666679,18.046875,0.953125,1,w10s_nonoverlap,10 s / 0% overlap
CapnoBase,0322,early_fusion_identity_rawppg_kopt_fs64_speedaug_rrbal_eventdecoder,0,1,4,180.0,240.0,18,17,18.0,17.0,1.0,0.9633763129280124,False,True,,1.0,0.0,0.0,17.850697292863003,17.8125,17.824194952132288,expert_labels,17,18,17,17.8125,1.0,0.0,0.8125,1.0,17,0,0,0,2671.875,0.5315562842572114,True,17.604166666666668,0.6041666666666679,17.8125,0.8125,1,w10s_nonoverlap,10 s / 0% overlap
CapnoBase,0322,early_fusion_identity_rawppg_kopt_fs64_speedaug_rrbal_eventdecoder,0,1,5,240.0,300.0,18,18,18.0,18.0,0.0,0.9750190418370824,False,True,,1.0,0.0,0.0,17.671900378992962,17.578125,17.671900378992962,expert_labels,18,18,18,17.578125,0.0,0.0,0.421875,0.0,18,0,0,0,1921.875,0.2435696448143733,True,17.859375,0.140625,18.0,0.0,1,w10s_nonoverlap,10 s / 0% overlap
CapnoBase,0322,early_fusion_identity_rawppg_kopt_fs64_speedaug_rrbal_eventdecoder,0,1,6,300.0,360.0,18,18,18.0,18.0,0.0,0.9755610935165928,False,True,,1.0,0.0,0.0,18.04311774461028,18.046875,18.058091286307054,expert_labels,18,18,18,18.046875,0.0,0.0,0.046875,0.0,18,0,0,0,1843.75,0.0270632938682637,True,18.015625,0.015625,18.0,0.0,1,w10s_nonoverlap,10 s / 0% overlap
CapnoBase,0322,early_fusion_identity_rawppg_kopt_fs64_speedaug_rrbal_eventdecoder,0,1,7,360.0,420.0,18,18,18.0,18.0,0.0,0.9761400853835434,False,True,,1.0,0.0,0.0,18.285714285714285,18.28125,18.295964125560538,expert_labels,18,18,18,18.28125,0.0,0.0,0.28125,0.0,18,0,0,0,1750.0,0.1623797632095822,True,18.09375,0.09375,18.0,0.0,1,w10s_nonoverlap,10 s / 0% overlap
CapnoBase,0322,early_fusion_identity_rawppg_kopt_fs64_speedaug_rrbal_eventdecoder,0,1,8,420.0,480.0,19,19,19.0,19.0,0.0,0.9769170955857528,False,False,ref_artifact_label,0.9921875,0.0078125,0.0,18.6962401947525,18.515625,18.635750876246966,expert_labels,19,19,19,18.515625,0.0,0.0,0.484375,0.0,19,0,0,0,2125.0,0.279654036638725,True,18.838541666666668,0.1614583333333321,19.0,0.0,1,w10s_nonoverlap,10 s / 0% overlap
CapnoBase,0325,early_fusion_identity_rawppg_kopt_fs64_speedaug_rrbal_eventdecoder,0,1,1,0.0,60.0,10,13,10.0,13.0,3.0,0.8627157101546681,True,True,,0.971875,0.0,0.0,9.76271186440678,10.078125,10.0,expert_labels,9,10,12,10.078125,1.0,3.0,1.078125,1.0,9,0,1,1,3046.875,1.1328214798494658,True,10.692708333333334,1.692708333333334,10.078125,1.078125,1,w10s_nonoverlap,10 s / 0% overlap
CapnoBase,0325,early_fusion_identity_rawppg_kopt_fs64_speedaug_rrbal_eventdecoder,0,1,2,60.0,120.0,10,19,10.0,19.0,9.0,0.7595093423245621,False,True,,1.0,0.0,0.0,9.988439306358382,10.078125,9.9855533082924,expert_labels,10,15,12,10.078125,5.0,2.0,0.078125,5.0,10,0,4,4,4328.125,2.480539492101466,True,12.359375,2.359375,12.0,2.0,1,w10s_nonoverlap,10 s / 0% overlap
CapnoBase,0325,early_fusion_identity_rawppg_kopt_fs64_speedaug_rrbal_eventdecoder,0,1,3,120.0,180.0,10,18,10.0,18.0,8.0,0.7711643389507234,False,True,,1.0,0.0,0.0,9.988439306358382,10.078125,9.9855533082924,expert_labels,10,14,13,10.078125,4.0,3.0,0.078125,4.0,10,0,4,4,4250.0,2.037909755576777,True,12.359375,2.359375,13.0,3.0,1,w10s_nonoverlap,10 s / 0% overlap
CapnoBase,0325,early_fusion_identity_rawppg_kopt_fs64_speedaug_rrbal_eventdecoder,0,1,4,180.0,240.0,10,15,10.0,15.0,5.0,0.8085309786861461,True,True,,1.0,0.0,0.0,9.979786312445857,10.078125,9.988439306358382,expert_labels,10,12,13,9.84375,2.0,3.0,0.15625,2.0,10,0,2,2,3859.375,1.6130368938227462,True,11.614583333333334,1.614583333333334,12.0,2.0,1,w10s_nonoverlap,10 s / 0% overlap
CapnoBase,0325,early_fusion_identity_rawppg_kopt_fs64_speedaug_rrbal_eventdecoder,0,1,5,240.0,300.0,10,16,10.0,16.0,6.0,0.817856600565869,True,True,,1.0,0.0,0.0,9.988439306358382,10.078125,9.97690531177829,expert_labels,10,10,13,10.078125,0.0,3.0,0.078125,0.0,10,0,0,0,4718.75,1.7099442988613205,True,11.026041666666666,1.026041666666666,10.078125,0.078125,1,w10s_nonoverlap,10 s / 0% overlap
CapnoBase,0325,early_fusion_identity_rawppg_kopt_fs64_speedaug_rrbal_eventdecoder,0,1,6,300.0,360.0,10,14,10.0,14.0,4.0,0.7836183083472086,False,True,,1.0,0.0,0.0,9.988439306358382,10.078125,9.988439306358382,expert_labels,10,10,12,9.84375,0.0,2.0,0.15625,0.0,9,1,1,2,3093.75,1.2023468804106965,True,10.614583333333334,0.6145833333333339,10.0,0.0,1,w10s_nonoverlap,10 s / 0% overlap
CapnoBase,0325,early_fusion_identity_rawppg_kopt_fs64_speedaug_rrbal_eventdecoder,0,1,7,360.0,420.0,10,14,10.0,14.0,4.0,0.7978684930168082,False,True,,1.0,0.0,0.0,9.98266897746967,10.078125,9.9855533082924,expert_labels,10,10,12,9.84375,0.0,2.0,0.15625,0.0,10,0,0,0,3343.75,1.2023468804106965,True,10.614583333333334,0.6145833333333339,10.0,0.0,1,w10s_nonoverlap,10 s / 0% overlap
CapnoBase,0325,early_fusion_identity_rawppg_kopt_fs64_speedaug_rrbal_eventdecoder,0,1,8,420.0,480.0,10,13,10.0,13.0,3.0,0.5639603485370941,False,True,,1.0,0.0,0.0,9.97690531177829,10.078125,9.98266897746967,expert_labels,10,9,12,10.078125,1.0,2.0,0.078125,-1.0,10,0,0,0,3687.5,1.519646726010687,True,10.359375,0.359375,10.078125,0.078125,1,w10s_nonoverlap,10 s / 0% overlap
CapnoBase,0328,early_fusion_identity_rawppg_kopt_fs64_speedaug_rrbal_eventdecoder,0,1,1,0.0,60.0,10,20,10.0,20.0,10.0,0.8018933895820508,True,True,,0.9619791666666668,0.0,0.0,9.675251959686449,10.078125,9.993493819128172,expert_labels,9,10,11,10.078125,1.0,2.0,1.078125,1.0,9,0,1,1,7000.0,0.5561709915799277,True,10.359375,1.359375,10.078125,1.078125,1,w10s_nonoverlap,10 s / 0% overlap
CapnoBase,0328,early_fusion_identity_rawppg_kopt_fs64_speedaug_rrbal_eventdecoder,0,2,1,80.0,140.0,10,19,10.0,19.0,9.0,0.8975164287744914,True,True,,1.0,0.0,0.0,9.988439306358382,10.078125,9.9855533082924,expert_labels,10,11,11,10.078125,1.0,1.0,0.078125,1.0,10,0,1,1,6453.125,0.5322447794091862,True,10.692708333333334,0.6927083333333339,11.0,1.0,1,w10s_nonoverlap,10 s / 0% overlap
CapnoBase,0328,early_fusion_identity_rawppg_kopt_fs64_speedaug_rrbal_eventdecoder,0,2,2,140.0,200.0,10,19,10.0,19.0,9.0,0.8727539127641106,True,False,ref_artifact_label,0.9921875,0.0078125,0.0,9.994216310005784,10.078125,10.0,expert_labels,10,12,11,10.078125,2.0,1.0,0.078125,2.0,10,0,2,2,7375.0,0.961202114650365,True,11.026041666666666,1.026041666666666,11.0,1.0,1,w10s_nonoverlap,10 s / 0% overlap
CapnoBase,0328,early_fusion_identity_rawppg_kopt_fs64_speedaug_rrbal_eventdecoder,0,2,3,200.0,260.0,10,18,10.0,18.0,8.0,0.9103279409161338,True,True,,1.0,0.0,0.0,9.9855533082924,10.078125,9.9855533082924,expert_labels,10,10,10,10.078125,0.0,0.0,0.078125,0.0,10,0,0,0,6890.625,0.0451054897804395,True,10.026041666666666,0.026041666666666,10.0,0.0,1,w10s_nonoverlap,10 s / 0% overlap
CapnoBase,0328,early_fusion_identity_rawppg_kopt_fs64_speedaug_rrbal_eventdecoder,0,2,4,260.0,320.0,10,17,10.0,17.0,7.0,0.8981914573196955,True,True,,1.0,0.0,0.0,9.988439306358382,10.078125,10.0,expert_labels,10,13,12,10.078125,3.0,2.0,0.078125,3.0,10,0,3,3,6921.875,1.4849779477178553,True,11.692708333333334,1.692708333333334,12.0,2.0,1,w10s_nonoverlap,10 s / 0% overlap
CapnoBase,0328,early_fusion_identity_rawppg_kopt_fs64_speedaug_rrbal_eventdecoder,0,2,5,320.0,380.0,10,18,10.0,18.0,8.0,0.8832650272080655,True,True,,1.0,0.0,0.0666666666666666,9.997107318484236,10.078125,9.990243902439024,expert_labels,9,10,11,9.84375,1.0,2.0,0.84375,1.0,9,0,0,0,5500.0,0.6273393718713979,True,10.28125,1.28125,10.0,1.0,1,w10s_nonoverlap,10 s / 0% overlap
CapnoBase,0328,early_fusion_identity_rawppg_kopt_fs64_speedaug_rrbal_eventdecoder,0,2,6,380.0,440.0,11,16,11.0,16.0,5.0,0.6973927819152617,False,True,,1.0,0.0,0.0200520833333333,7.771032090199479,10.078125,12.211621856027756,expert_labels,12,13,13,9.84375,1.0,1.0,2.15625,1.0,9,3,5,8,7281.25,1.8222617871297564,True,11.947916666666666,0.0520833333333339,13.0,1.0,1,w10s_nonoverlap,10 s / 0% overlap
CapnoBase,0329,early_fusion_identity_rawppg_kopt_fs64_speedaug_rrbal_eventdecoder,0,1,1,0.0,60.0,10,15,10.0,15.0,5.0,0.8357530249908667,True,True,,0.9677083333333332,0.0,0.0,9.865829289180702,10.078125,10.0,expert_labels,9,11,12,10.078125,2.0,3.0,1.078125,2.0,9,0,2,2,3484.375,0.961202114650365,True,11.026041666666666,2.026041666666666,11.0,2.0,1,w10s_nonoverlap,10 s / 0% overlap
CapnoBase,0329,early_fusion_identity_rawppg_kopt_fs64_speedaug_rrbal_eventdecoder,0,2,1,80.0,140.0,10,20,10.0,20.0,10.0,0.5589818891676702,False,False,ref_artifact_label,0.9677083333333332,0.0239583333333333,0.0,10.325356278569508,10.078125,9.9855533082924,expert_labels,10,18,16,20.15625,8.0,6.0,10.15625,8.0,10,0,8,8,6015.625,2.07861444737434,True,18.05208333333333,8.052083333333332,18.0,8.0,1,w10s_nonoverlap,10 s / 0% overlap
CapnoBase,0329,early_fusion_identity_rawppg_kopt_fs64_speedaug_rrbal_eventdecoder,0,2,2,140.0,200.0,10,20,10.0,20.0,10.0,0.4863416128533968,False,True,,1.0,0.0,0.0,10.319806503628056,10.078125,9.9855533082924,expert_labels,10,20,20,20.15625,10.0,10.0,10.15625,10.0,10,0,10,10,7750.0,0.090210979560879,True,20.05208333333333,10.052083333333332,20.0,10.0,1,w10s_nonoverlap,10 s / 0% overlap
CapnoBase,0330,early_fusion_identity_rawppg_kopt_fs64_speedaug_rrbal_eventdecoder,0,1,1,0.0,60.0,14,14,14.0,14.0,0.0,0.9465750629724172,False,True,,1.0,0.0,0.0,13.66106080206986,13.828125,13.576900412492636,expert_labels,13,14,13,13.59375,1.0,0.0,0.59375,1.0,13,0,1,1,3031.25,0.5029211543572213,True,13.53125,0.53125,13.59375,0.59375,1,w10s_nonoverlap,10 s / 0% overlap
CapnoBase,0330,early_fusion_identity_rawppg_kopt_fs64_speedaug_rrbal_eventdecoder,0,1,2,60.0,120.0,14,14,14.0,14.0,0.0,0.9781771176774836,False,True,,1.0,0.0,0.0,14.218171461122186,14.296875,14.121640735502124,expert_labels,14,14,14,14.296875,0.0,0.0,0.296875,0.0,14,0,0,0,2406.25,0.1714008611656701,True,14.098958333333334,0.0989583333333339,14.0,0.0,1,w10s_nonoverlap,10 s / 0% overlap
CapnoBase,0330,early_fusion_identity_rawppg_kopt_fs64_speedaug_rrbal_eventdecoder,0,1,3,120.0,180.0,15,15,15.0,15.0,0.0,0.975300493251798,False,True,,1.0,0.0,0.0,14.871369294605808,14.765625,14.83853160364339,expert_labels,15,15,15,14.765625,0.0,0.0,0.234375,0.0,15,0,0,0,2578.125,0.1353164693413185,True,14.921875,0.078125,15.0,0.0,1,w10s_nonoverlap,10 s / 0% overlap
CapnoBase,0330,early_fusion_identity_rawppg_kopt_fs64_speedaug_rrbal_eventdecoder,0,1,4,180.0,240.0,15,15,15.0,15.0,0.0,0.966327635661646,False,True,,1.0,0.0,0.0,15.32497149372862,15.234375,15.29068224050969,expert_labels,16,16,16,15.234375,0.0,0.0,0.765625,0.0,16,0,0,0,3046.875,0.4420337998483072,True,15.744791666666666,0.2552083333333339,16.0,0.0,1,w10s_nonoverlap,10 s / 0% overlap
CapnoBase,0330,early_fusion_identity_rawppg_kopt_fs64_speedaug_rrbal_eventdecoder,0,1,5,240.0,300.0,16,15,16.0,15.0,1.0,0.972175206040139,False,True,,1.0,0.0,0.0,15.368196371398078,15.46875,15.386376645678306,expert_labels,15,15,15,15.46875,0.0,0.0,0.46875,0.0,15,0,0,0,2734.375,0.2706329386826371,True,15.15625,0.15625,15.0,0.0,1,w10s_nonoverlap,10 s / 0% overlap
CapnoBase,0330,early_fusion_identity_rawppg_kopt_fs64_speedaug_rrbal_eventdecoder,0,1,6,300.0,360.0,15,15,15.0,15.0,0.0,0.9728050102256632,False,True,,1.0,0.0,0.0,15.338088445078458,15.46875,15.30751708428246,expert_labels,15,15,15,15.46875,0.0,0.0,0.46875,0.0,15,0,0,0,3218.75,0.2706329386826371,True,15.15625,0.15625,15.0,0.0,1,w10s_nonoverlap,10 s / 0% overlap
CapnoBase,0330,early_fusion_identity_rawppg_kopt_fs64_speedaug_rrbal_eventdecoder,0,1,7,360.0,420.0,16,16,16.0,16.0,0.0,0.9366755020999076,False,True,,1.0,0.0,0.0,15.60069645966338,15.703125,15.580200162293751,expert_labels,16,16,16,15.703125,0.0,0.0,0.296875,0.0,16,0,0,0,3234.375,0.1714008611656701,True,15.901041666666666,0.0989583333333339,16.0,0.0,1,w10s_nonoverlap,10 s / 0% overlap
CapnoBase,0330,early_fusion_identity_rawppg_kopt_fs64_speedaug_rrbal_eventdecoder,0,1,8,420.0,480.0,15,15,15.0,15.0,0.0,0.9546457556944244,False,True,,0.9856770833333334,0.0,0.0,15.554955441533892,15.46875,15.618826263800116,expert_labels,15,16,15,15.703125,1.0,0.0,0.703125,1.0,15,0,1,1,2453.125,0.5135691338158216,True,15.567708333333334,0.5677083333333339,15.703125,0.703125,1,w10s_nonoverlap,10 s / 0% overlap
CapnoBase,0331,early_fusion_identity_rawppg_kopt_fs64_speedaug_rrbal_eventdecoder,0,1,1,0.0,60.0,13,15,13.0,15.0,2.0,0.8776241296808303,False,True,,1.0,0.0,0.0,13.255443441317048,13.125,13.28719723183391,expert_labels,13,13,13,13.125,0.0,0.0,0.125,0.0,13,0,0,0,1453.125,0.0721687836487032,True,13.041666666666666,0.041666666666666,13.0,0.0,1,w10s_nonoverlap,10 s / 0% overlap
CapnoBase,0331,early_fusion_identity_rawppg_kopt_fs64_speedaug_rrbal_eventdecoder,0,1,2,60.0,120.0,13,13,13.0,13.0,0.0,0.8972983135302868,False,True,,1.0,0.0,0.0,13.73063170441001,13.828125,13.60959651035987,expert_labels,14,14,14,13.59375,0.0,0.0,0.40625,0.0,14,0,0,0,1406.25,0.2345485468582854,True,13.864583333333334,0.135416666666666,14.0,0.0,1,w10s_nonoverlap,10 s / 0% overlap
CapnoBase,0331,early_fusion_identity_rawppg_kopt_fs64_speedaug_rrbal_eventdecoder,0,1,3,120.0,180.0,14,14,14.0,14.0,0.0,0.9576756652135516,False,True,,1.0,0.0,0.0,14.225985710505425,14.296875,14.226275292106012,expert_labels,14,14,14,14.296875,0.0,0.0,0.296875,0.0,14,0,0,0,2250.0,0.1714008611656701,True,14.098958333333334,0.0989583333333339,14.0,0.0,1,w10s_nonoverlap,10 s / 0% overlap
CapnoBase,0331,early_fusion_identity_rawppg_kopt_fs64_speedaug_rrbal_eventdecoder,0,1,4,180.0,240.0,14,14,14.0,14.0,0.0,0.9654007476833716,False,True,,1.0,0.0,0.0,14.68235294117647,14.765625,14.688524590163931,expert_labels,15,15,15,14.765625,0.0,0.0,0.234375,0.0,15,0,0,0,2156.25,0.1353164693413185,True,14.921875,0.078125,15.0,0.0,1,w10s_nonoverlap,10 s / 0% overlap
CapnoBase,0331,early_fusion_identity_rawppg_kopt_fs64_speedaug_rrbal_eventdecoder,0,1,5,240.0,300.0,15,15,15.0,15.0,0.0,0.9570042490977168,False,True,,1.0,0.0,0.0,15.533980582524272,15.46875,15.5330829240104,expert_labels,15,15,15,15.46875,0.0,0.0,0.46875,0.0,15,0,0,0,1406.25,0.2706329386826371,True,15.15625,0.15625,15.0,0.0,1,w10s_nonoverlap,10 s / 0% overlap
CapnoBase,0331,early_fusion_identity_rawppg_kopt_fs64_speedaug_rrbal_eventdecoder,0,1,6,300.0,360.0,15,15,15.0,15.0,0.0,0.9599060492640292,False,True,,1.0,0.0,0.0,15.075715086932137,15.0,15.096882898062342,expert_labels,15,15,15,15.0,0.0,0.0,0.0,0.0,15,0,0,0,2265.625,0.0,True,15.0,0.0,15.0,0.0,1,w10s_nonoverlap,10 s / 0% overlap
CapnoBase,0331,early_fusion_identity_rawppg_kopt_fs64_speedaug_rrbal_eventdecoder,0,1,7,360.0,420.0,14,14,14.0,14.0,0.0,0.9551217448166358,False,True,,1.0,0.0,0.0,13.577627772420444,13.59375,13.759647188533627,expert_labels,14,14,14,13.828125,0.0,0.0,0.171875,0.0,14,0,0,0,1109.375,0.0992320775169669,True,13.942708333333334,0.057291666666666,14.0,0.0,1,w10s_nonoverlap,10 s / 0% overlap
CapnoBase,0331,early_fusion_identity_rawppg_kopt_fs64_speedaug_rrbal_eventdecoder,0,1,8,420.0,480.0,14,15,14.0,15.0,1.0,0.9353900538724542,False,True,,0.98828125,0.0,0.0,14.600760456273765,14.53125,14.41108545034642,expert_labels,14,15,15,14.296875,1.0,1.0,0.296875,1.0,14,0,1,1,1468.75,0.4059494080239556,True,14.765625,0.765625,15.0,1.0,1,w10s_nonoverlap,10 s / 0% overlap
CapnoBase,0332,early_fusion_identity_rawppg_kopt_fs64_speedaug_rrbal_eventdecoder,0,1,1,0.0,60.0,26,20,26.0,20.0,6.0,0.4613216302459064,False,True,,1.0,0.0,0.0,27.159956474428725,27.1875,27.204359673024523,expert_labels,27,24,20,20.390625,3.0,7.0,6.609375,-3.0,22,5,2,7,3500.0,2.2053032966484074,True,21.463541666666668,5.536458333333332,20.390625,6.609375,1,w10s_nonoverlap,10 s / 0% overlap
CapnoBase,0332,early_fusion_identity_rawppg_kopt_fs64_speedaug_rrbal_eventdecoder,0,1,2,60.0,120.0,26,21,26.0,21.0,5.0,0.5052349511772818,False,True,,1.0,0.0,0.0,26.7739340305712,26.71875,26.73808248527049,expert_labels,27,22,20,21.09375,5.0,7.0,5.90625,-5.0,21,6,1,7,2734.375,1.0014637724351292,True,21.03125,5.96875,21.09375,5.90625,1,w10s_nonoverlap,10 s / 0% overlap
CapnoBase,0332,early_fusion_identity_rawppg_kopt_fs64_speedaug_rrbal_eventdecoder,0,1,3,120.0,180.0,27,21,27.0,21.0,6.0,0.4668261444124427,False,True,,1.0,0.0,0.0,28.37688044338876,28.59375,28.397699260476585,expert_labels,28,22,21,21.5625,6.0,7.0,6.4375,-6.0,21,7,1,8,3250.0,0.5013003923131651,True,21.52083333333333,6.479166666666668,21.5625,6.4375,1,w10s_nonoverlap,10 s / 0% overlap
CapnoBase,0332,early_fusion_identity_rawppg_kopt_fs64_speedaug_rrbal_eventdecoder,0,1,4,180.0,240.0,29,21,29.0,21.0,8.0,0.3376264731117017,False,True,,1.0,0.0,0.0,29.611677223905264,29.53125,29.593409513685888,expert_labels,30,24,20,29.53125,6.0,10.0,0.46875,-6.0,20,10,4,14,5390.625,4.786081436920326,False,,,24.0,6.0,1,w10s_nonoverlap,10 s / 0% overlap
CapnoBase,0332,early_fusion_identity_rawppg_kopt_fs64_speedaug_rrbal_eventdecoder,0,1,5,240.0,300.0,19,19,19.0,19.0,0.0,0.7342684190953557,False,True,,1.0,0.0,0.0,22.217936354869817,20.390625,19.443037974683545,expert_labels,19,18,18,20.390625,1.0,1.0,1.390625,-1.0,16,3,2,5,3515.625,1.3802279872814491,True,18.796875,0.203125,18.0,1.0,1,w10s_nonoverlap,10 s / 0% overlap
CapnoBase,0332,early_fusion_identity_rawppg_kopt_fs64_speedaug_rrbal_eventdecoder,0,1,6,300.0,360.0,15,17,15.0,17.0,2.0,0.1195167742492711,False,True,,1.0,0.0,0.0,13.834276891405043,8.4375,15.87245349867139,expert_labels,15,19,15,17.8125,4.0,0.0,2.8125,4.0,6,9,13,22,2015.625,2.0542765352632864,True,17.270833333333332,2.270833333333332,17.8125,2.8125,1,w10s_nonoverlap,10 s / 0% overlap
CapnoBase,0332,early_fusion_identity_rawppg_kopt_fs64_speedaug_rrbal_eventdecoder,0,1,7,360.0,420.0,10,16,10.0,16.0,6.0,0.2867513752424341,False,True,,1.0,0.0,0.0,10.047095761381476,10.078125,10.15067406819984,expert_labels,11,10,12,10.3125,1.0,1.0,0.6875,-1.0,4,7,6,13,1078.125,1.0758959444729466,True,10.770833333333334,0.229166666666666,10.3125,0.6875,1,w10s_nonoverlap,10 s / 0% overlap
CapnoBase,0332,early_fusion_identity_rawppg_kopt_fs64_speedaug_rrbal_eventdecoder,0,1,8,420.0,480.0,10,17,10.0,17.0,7.0,0.2261494104036676,False,True,,0.99375,0.0,0.0,9.784824462061154,9.609375,9.74928594097112,expert_labels,9,15,13,9.375,6.0,4.0,0.375,6.0,4,5,11,16,1984.375,2.851352018487604,True,12.458333333333334,3.458333333333334,13.0,4.0,1,w10s_nonoverlap,10 s / 0% overlap
CapnoBase,0333,early_fusion_identity_rawppg_kopt_fs64_speedaug_rrbal_eventdecoder,0,1,1,0.0,60.0,9,12,9.0,12.0,3.0,0.943248976902883,True,True,,0.9598958333333332,0.0,0.0,10.07286505392014,10.078125,9.994216310005784,expert_labels,10,10,10,10.078125,0.0,0.0,0.078125,0.0,10,0,0,0,6828.125,0.0451054897804395,True,10.026041666666666,0.026041666666666,10.0,0.0,1,w10s_nonoverlap,10 s / 0% overlap
CapnoBase,0333,early_fusion_identity_rawppg_kopt_fs64_speedaug_rrbal_eventdecoder,0,1,2,60.0,120.0,10,11,10.0,11.0,1.0,0.941588601581208,False,True,,1.0,0.0,0.0,9.991326973113615,10.078125,10.002894356005788,expert_labels,10,10,10,10.078125,0.0,0.0,0.078125,0.0,10,0,0,0,6546.875,0.0451054897804395,True,10.026041666666666,0.026041666666666,10.0,0.0,1,w10s_nonoverlap,10 s / 0% overlap
CapnoBase,0333,early_fusion_identity_rawppg_kopt_fs64_speedaug_rrbal_eventdecoder,0,1,3,120.0,180.0,10,10,10.0,10.0,0.0,0.9480871617412546,False,True,,1.0,0.0,0.0,9.988439306358382,10.078125,9.971148297749568,expert_labels,10,10,10,10.078125,0.0,0.0,0.078125,0.0,10,0,0,0,6953.125,0.0451054897804395,True,10.026041666666666,0.026041666666666,10.0,0.0,1,w10s_nonoverlap,10 s / 0% overlap
CapnoBase,0333,early_fusion_identity_rawppg_kopt_fs64_speedaug_rrbal_eventdecoder,0,1,4,180.0,240.0,10,11,10.0,11.0,1.0,0.9482271389896528,False,True,,1.0,0.0,0.0,9.991326973113615,10.078125,9.9855533082924,expert_labels,10,10,10,9.84375,0.0,0.0,0.15625,0.0,9,1,1,2,6750.0,0.090210979560879,True,9.947916666666666,0.0520833333333339,10.0,0.0,1,w10s_nonoverlap,10 s / 0% overlap
CapnoBase,0333,early_fusion_identity_rawppg_kopt_fs64_speedaug_rrbal_eventdecoder,0,1,5,240.0,300.0,10,11,10.0,11.0,1.0,0.9275760181250924,False,True,,1.0,0.0,0.0,10.0,10.078125,9.979786312445857,expert_labels,10,12,10,9.84375,2.0,0.0,0.15625,2.0,10,0,2,2,6687.5,1.2023468804106965,True,10.614583333333334,0.6145833333333339,10.0,0.0,1,w10s_nonoverlap,10 s / 0% overlap
CapnoBase,0333,early_fusion_identity_rawppg_kopt_fs64_speedaug_rrbal_eventdecoder,0,1,6,300.0,360.0,10,17,10.0,17.0,7.0,0.8486283689037776,True,True,,1.0,0.0,0.0,9.997107318484236,10.078125,9.997107318484236,expert_labels,10,10,11,10.078125,0.0,1.0,0.078125,0.0,10,0,1,1,8109.375,0.5561709915799277,True,10.359375,0.359375,10.078125,0.078125,1,w10s_nonoverlap,10 s / 0% overlap
CapnoBase,0333,early_fusion_identity_rawppg_kopt_fs64_speedaug_rrbal_eventdecoder,0,1,7,360.0,420.0,10,20,10.0,20.0,10.0,0.5869510260149269,False,True,,1.0,0.0,0.0622395833333333,9.988439306358382,9.84375,10.0,expert_labels,10,17,15,19.921875,7.0,5.0,9.921875,7.0,10,0,6,6,8953.125,2.4752847321486744,True,17.307291666666668,7.307291666666668,17.0,7.0,1,w10s_nonoverlap,10 s / 0% overlap
CapnoBase,0333,early_fusion_identity_rawppg_kopt_fs64_speedaug_rrbal_eventdecoder,0,1,8,420.0,480.0,10,15,10.0,15.0,5.0,0.8878423380446849,True,True,,1.0,0.0,0.0,9.991326973113615,10.078125,9.991326973113615,expert_labels,10,11,12,9.84375,1.0,2.0,0.15625,1.0,10,0,1,1,7546.875,1.0790681261316792,True,10.947916666666666,0.947916666666666,11.0,1.0,1,w10s_nonoverlap,10 s / 0% overlap
CapnoBase,0370,early_fusion_identity_rawppg_kopt_fs64_speedaug_rrbal_eventdecoder,0,3,1,60.0,120.0,12,19,12.0,19.0,7.0,0.2507355734433564,False,True,,1.0,0.0,0.1270833333333333,15.53956834532374,15.9375,15.992596020360944,expert_labels,10,19,19,15.703125,9.0,9.0,5.703125,9.0,10,0,9,9,6531.25,1.9034516687345475,True,17.901041666666668,7.901041666666668,19.0,9.0,1,w10s_nonoverlap,10 s / 0% overlap
CapnoBase,0370,early_fusion_identity_rawppg_kopt_fs64_speedaug_rrbal_eventdecoder,0,3,2,120.0,180.0,9,15,9.0,15.0,6.0,-0.0500464185653423,False,True,,1.0,0.0,0.0,13.016949152542374,4.453125,8.453494771601541,expert_labels,9,15,13,12.65625,6.0,4.0,3.65625,6.0,6,3,9,12,3281.25,1.2656571497974218,True,13.552083333333334,4.552083333333334,13.0,4.0,1,w10s_nonoverlap,10 s / 0% overlap
CapnoBase,0370,early_fusion_identity_rawppg_kopt_fs64_speedaug_rrbal_eventdecoder,0,3,3,180.0,240.0,8,15,8.0,15.0,7.0,-0.1746327381384043,False,False,ref_rr_undefined,1.0,0.0,0.0,6.972310485701317,4.21875,,expert_labels,1,11,10,6.09375,10.0,9.0,5.09375,10.0,1,0,10,10,281.25,2.592620235881068,True,9.03125,8.03125,10.0,9.0,1,w10s_nonoverlap,10 s / 0% overlap
CapnoBase,0370,early_fusion_identity_rawppg_kopt_fs64_speedaug_rrbal_eventdecoder,0,3,4,240.0,300.0,9,13,9.0,13.0,4.0,0.4390667595655604,False,True,,1.0,0.0,0.0,8.7557003257329,11.484375,9.014084507042254,expert_labels,9,14,14,12.65625,5.0,5.0,3.65625,5.0,7,2,7,9,3078.125,0.7758144242235596,True,13.552083333333334,4.552083333333334,14.0,5.0,1,w10s_nonoverlap,10 s / 0% overlap
CapnoBase,0370,early_fusion_identity_rawppg_kopt_fs64_speedaug_rrbal_eventdecoder,0,3,5,300.0,360.0,10,20,10.0,20.0,10.0,0.6144874527067725,False,True,,1.0,0.0,0.0,9.817833173537872,9.84375,9.905417024935511,expert_labels,10,17,17,18.75,7.0,7.0,8.75,7.0,10,0,8,8,4562.5,1.0103629710818451,True,17.583333333333332,7.583333333333332,17.0,7.0,1,w10s_nonoverlap,10 s / 0% overlap
CapnoBase,0370,early_fusion_identity_rawppg_kopt_fs64_speedaug_rrbal_eventdecoder,0,3,6,360.0,420.0,9,17,9.0,17.0,8.0,0.3531357535474672,False,True,,1.0,0.0,0.0,8.754630948988316,8.671875,8.64864864864865,expert_labels,8,18,16,17.109375,10.0,8.0,9.109375,10.0,8,0,9,9,3593.75,1.001991831407988,True,17.036458333333332,9.036458333333332,17.109375,9.109375,1,w10s_nonoverlap,10 s / 0% overlap
CapnoBase,0370,early_fusion_identity_rawppg_kopt_fs64_speedaug_rrbal_eventdecoder,0,3,7,420.0,480.0,10,19,10.0,19.0,9.0,0.5231486910542105,False,True,,0.9755208333333332,0.0,0.0,9.666456891126495,9.609375,9.70241437394722,expert_labels,10,19,15,19.453125,9.0,5.0,9.453125,9.0,10,0,9,9,5531.25,2.450702094341198,True,17.817708333333332,7.817708333333332,19.0,9.0,1,w10s_nonoverlap,10 s / 0% overlap
